primary_key,store_id,store_name,chain,region,product_id,product_name,brand,size,price,category
new_world_newmarket_5045856-KGM-000,51ee2a79-4693-410c-9287-66940847736d,New World Newmarket,New World,Central Auckland,5045856-KGM-000,Brown Onions,,kg,2.79,Fresh Vegetables
new_world_newmarket_5264187-EA-000,51ee2a79-4693-410c-9287-66940847736d,New World Newmarket,New World,Central Auckland,5264187-EA-000,Brown Onions,Pams,1.5kg,4.59,Fresh Vegetables
new_world_newmarket_5223140-KGM-000,51ee2a79-4693-410c-9287-66940847736d,New World Newmarket,New World,Central Auckland,5223140-KGM-000,Peeled Red Onions,,kg,6.99,Fresh Vegetables
new_world_newmarket_5040009-EA-000,51ee2a79-4693-410c-9287-66940847736d,New World Newmarket,New World,Central Auckland,5040009-EA-000,Spring Onions,,ea,2.5,Fresh Vegetables
new_world_newmarket_5009708-EA-000,51ee2a79-4693-410c-9287-66940847736d,New World Newmarket,New World,Central Auckland,5009708-EA-000,Onion Soup Mix Sachet,Maggi,32g,1.59,Fresh Vegetables
new_world_newmarket_5045849-KGM-000,51ee2a79-4693-410c-9287-66940847736d,New World Newmarket,New World,Central Auckland,5045849-KGM-000,White Washed Potatoes,,kg,3.79,Fresh Vegetables
new_world_newmarket_5045841-KGM-000,51ee2a79-4693-410c-9287-66940847736d,New World Newmarket,New World,Central Auckland,5045841-KGM-000,Yellow Agria Potatoes,,kg,4.49,Fresh Vegetables
new_world_newmarket_5264181-EA-000,51ee2a79-4693-410c-9287-66940847736d,New World Newmarket,New World,Central Auckland,5264181-EA-000,Washed Agria Potatoes,Pams,2kg,9.99,Fresh Vegetables
new_world_newmarket_5264173-EA-000,51ee2a79-4693-410c-9287-66940847736d,New World Newmarket,New World,Central Auckland,5264173-EA-000,Washed Roasting & Mashing Potatoes,Pams,2.5kg,10.49,Fresh Vegetables
new_world_newmarket_5264180-EA-000,51ee2a79-4693-410c-9287-66940847736d,New World Newmarket,New World,Central Auckland,5264180-EA-000,Brushed Agria Potatoes,Pams,3kg,11.99,Fresh Vegetables
new_world_newmarket_5046565-KGM-000,51ee2a79-4693-410c-9287-66940847736d,New World Newmarket,New World,Central Auckland,5046565-KGM-000,Loose Garlic,,kg,49.99,Fresh Vegetables
new_world_newmarket_5008899-EA-000,51ee2a79-4693-410c-9287-66940847736d,New World Newmarket,New World,Central Auckland,5008899-EA-000,Crushed Garlic,Pams,230g,2.49,Fresh Vegetables
new_world_newmarket_5046145-EA-000,51ee2a79-4693-410c-9287-66940847736d,New World Newmarket,New World,Central Auckland,5046145-EA-000,Garlic,,7pk,2.99,Fresh Vegetables
new_world_newmarket_5241730-EA-000,51ee2a79-4693-410c-9287-66940847736d,New World Newmarket,New World,Central Auckland,5241730-EA-000,Naturals Eco Garlic Powder,Mrs Rogers,40g,2.49,Fresh Vegetables
new_world_newmarket_5002550-EA-000,51ee2a79-4693-410c-9287-66940847736d,New World Newmarket,New World,Central Auckland,5002550-EA-000,Finely Crushed Garlic Jar,Masterfoods,170g,3.79,Fresh Vegetables
new_world_newmarket_5039965-KGM-000,51ee2a79-4693-410c-9287-66940847736d,New World Newmarket,New World,Central Auckland,5039965-KGM-000,Carrots,,kg,2.29,Fresh Vegetables
new_world_newmarket_5264186-EA-000,51ee2a79-4693-410c-9287-66940847736d,New World Newmarket,New World,Central Auckland,5264186-EA-000,Washed Carrots,Pams,1.5kg,4.69,Fresh Vegetables
new_world_newmarket_5245226-EA-000,51ee2a79-4693-410c-9287-66940847736d,New World Newmarket,New World,Central Auckland,5245226-EA-000,Beta Bites Snacking Carrots,Wilcox,250g,3.99,Fresh Vegetables
new_world_newmarket_5046509-EA-000,51ee2a79-4693-410c-9287-66940847736d,New World Newmarket,New World,Central Auckland,5046509-EA-000,Celery Half,,ea,2.2,Fresh Vegetables
new_world_newmarket_5039953-KGM-000,51ee2a79-4693-410c-9287-66940847736d,New World Newmarket,New World,Central Auckland,5039953-KGM-000,Beetroot,,kg,5.79,Fresh Vegetables
new_world_newmarket_5039956-EA-000,51ee2a79-4693-410c-9287-66940847736d,New World Newmarket,New World,Central Auckland,5039956-EA-000,Broccoli,,ea,1.79,Fresh Vegetables
new_world_newmarket_5040608-EA-000,51ee2a79-4693-410c-9287-66940847736d,New World Newmarket,New World,Central Auckland,5040608-EA-000,Bellaverde Sweet Stem Broccoli,,250g,4.49,Fresh Vegetables
new_world_newmarket_5046507-EA-000,51ee2a79-4693-410c-9287-66940847736d,New World Newmarket,New World,Central Auckland,5046507-EA-000,Cauliflower Half,,ea,3.29,Fresh Vegetables
new_world_newmarket_5039966-EA-000,51ee2a79-4693-410c-9287-66940847736d,New World Newmarket,New World,Central Auckland,5039966-EA-000,Cauliflower,,ea,4.49,Fresh Vegetables
new_world_newmarket_5046517-EA-000,51ee2a79-4693-410c-9287-66940847736d,New World Newmarket,New World,Central Auckland,5046517-EA-000,Green Cabbage Half,,ea,3.49,Fresh Vegetables
new_world_newmarket_5040098-KGM-000,51ee2a79-4693-410c-9287-66940847736d,New World Newmarket,New World,Central Auckland,5040098-KGM-000,Loose Red Tomatoes,,kg,13.99,Fresh Vegetables
new_world_newmarket_5040099-KGM-000,51ee2a79-4693-410c-9287-66940847736d,New World Newmarket,New World,Central Auckland,5040099-KGM-000,Red Truss Tomatoes,,kg,13.99,Fresh Vegetables
new_world_newmarket_5040543-EA-000,51ee2a79-4693-410c-9287-66940847736d,New World Newmarket,New World,Central Auckland,5040543-EA-000,Angel Naturally Sweet Tomatoes,Beekist,200g,6.49,Fresh Vegetables
new_world_newmarket_5259530-EA-000,51ee2a79-4693-410c-9287-66940847736d,New World Newmarket,New World,Central Auckland,5259530-EA-000,Classic Tomatoes.,Sunburst,200g,5.79,Fresh Vegetables
new_world_newmarket_5046412-EA-000,51ee2a79-4693-410c-9287-66940847736d,New World Newmarket,New World,Central Auckland,5046412-EA-000,Vine Tomatoes,Campari,300g,7.99,Fresh Vegetables
new_world_newmarket_5040464-EA-000,51ee2a79-4693-410c-9287-66940847736d,New World Newmarket,New World,Central Auckland,5040464-EA-000,Baby Spinach,Pams,120g,4.29,Fresh Vegetables
new_world_newmarket_5040743-EA-000,51ee2a79-4693-410c-9287-66940847736d,New World Newmarket,New World,Central Auckland,5040743-EA-000,Spinach,Pams,ea,5.49,Fresh Vegetables
new_world_newmarket_5046562-EA-000,51ee2a79-4693-410c-9287-66940847736d,New World Newmarket,New World,Central Auckland,5046562-EA-000,NZ Celery,,ea,3.69,Fresh Vegetables
new_world_newmarket_5046440-EA-000,51ee2a79-4693-410c-9287-66940847736d,New World Newmarket,New World,Central Auckland,5046440-EA-000,Fresh Cut Lettuce,,ea,2.89,Fresh Vegetables
new_world_newmarket_5039990-EA-000,51ee2a79-4693-410c-9287-66940847736d,New World Newmarket,New World,Central Auckland,5039990-EA-000,Bagged Iceberg Lettuce,,ea,3.99,Fresh Vegetables
new_world_newmarket_5303544-EA-000,51ee2a79-4693-410c-9287-66940847736d,New World Newmarket,New World,Central Auckland,5303544-EA-000,Baby Cos Lettuce,Pams,2pk,3.49,Fresh Vegetables
new_world_newmarket_5040462-EA-000,51ee2a79-4693-410c-9287-66940847736d,New World Newmarket,New World,Central Auckland,5040462-EA-000,Baby Leaf Lettuce,Pams,100g,4.29,Fresh Vegetables
new_world_newmarket_5040461-EA-000,51ee2a79-4693-410c-9287-66940847736d,New World Newmarket,New World,Central Auckland,5040461-EA-000,Baby Cos Lettuce,Pams Fresh,120g,4.49,Fresh Vegetables
new_world_newmarket_5028889-EA-000,51ee2a79-4693-410c-9287-66940847736d,New World Newmarket,New World,Central Auckland,5028889-EA-000,Telegraph Cucumber,,ea,3.49,Fresh Vegetables
new_world_newmarket_5046503-EA-000,51ee2a79-4693-410c-9287-66940847736d,New World Newmarket,New World,Central Auckland,5046503-EA-000,Red Capsicum,,ea,3.99,Fresh Vegetables
new_world_newmarket_5046504-EA-000,51ee2a79-4693-410c-9287-66940847736d,New World Newmarket,New World,Central Auckland,5046504-EA-000,Yellow Capsicum,,ea,4.49,Fresh Vegetables
new_world_newmarket_5046533-KGM-000,51ee2a79-4693-410c-9287-66940847736d,New World Newmarket,New World,Central Auckland,5046533-KGM-000,White Button Mushrooms,,kg,12.99,Fresh Vegetables
new_world_newmarket_5326590-EA-000,51ee2a79-4693-410c-9287-66940847736d,New World Newmarket,New World,Central Auckland,5326590-EA-000,White Button Mushrooms,Pams,400g,4.99,Fresh Vegetables
new_world_newmarket_5294812-EA-000,51ee2a79-4693-410c-9287-66940847736d,New World Newmarket,New World,Central Auckland,5294812-EA-000,White Button Mushrooms,Meadow Mushrooms,200g,4.89,Fresh Vegetables
new_world_newmarket_5047091-EA-000,51ee2a79-4693-410c-9287-66940847736d,New World Newmarket,New World,Central Auckland,5047091-EA-000,Swiss Brown Mushrooms,,200g,4.89,Fresh Vegetables
new_world_newmarket_5326591-EA-000,51ee2a79-4693-410c-9287-66940847736d,New World Newmarket,New World,Central Auckland,5326591-EA-000,Swiss Brown Button Mushrooms,Pams,400g,4.99,Fresh Vegetables
new_world_newmarket_5046505-EA-000,51ee2a79-4693-410c-9287-66940847736d,New World Newmarket,New World,Central Auckland,5046505-EA-000,Green Capsicum,,ea,4.19,Fresh Vegetables
new_world_newmarket_5046525-KGM-000,51ee2a79-4693-410c-9287-66940847736d,New World Newmarket,New World,Central Auckland,5046525-KGM-000,Royal Gala Apples,,kg,4.49,Fresh Fruit
new_world_newmarket_5045864-KGM-000,51ee2a79-4693-410c-9287-66940847736d,New World Newmarket,New World,Central Auckland,5045864-KGM-000,Rose Apples,,kg,5.49,Fresh Fruit
new_world_newmarket_5039945-KGM-000,51ee2a79-4693-410c-9287-66940847736d,New World Newmarket,New World,Central Auckland,5039945-KGM-000,Granny Smith Apples,,kg,4.89,Fresh Fruit
new_world_newmarket_5040702-EA-000,51ee2a79-4693-410c-9287-66940847736d,New World Newmarket,New World,Central Auckland,5040702-EA-000,Royal Gala Apples,Yummy Fruit,1.5kg,7.79,Fresh Fruit
new_world_newmarket_5040539-EA-000,51ee2a79-4693-410c-9287-66940847736d,New World Newmarket,New World,Central Auckland,5040539-EA-000,Jazz Apples,,1.5kg,7.99,Fresh Fruit
new_world_newmarket_5046542-KGM-000,51ee2a79-4693-410c-9287-66940847736d,New World Newmarket,New World,Central Auckland,5046542-KGM-000,Bananas,,kg,3.79,Fresh Fruit
new_world_newmarket_5040730-EA-000,51ee2a79-4693-410c-9287-66940847736d,New World Newmarket,New World,Central Auckland,5040730-EA-000,Fairtrade Bananas,,1pk,4.99,Fresh Fruit
new_world_newmarket_5205142-EA-000,51ee2a79-4693-410c-9287-66940847736d,New World Newmarket,New World,Central Auckland,5205142-EA-000,Spinach Apple Blueberry & Banana Vege Fruit Sticks,Mother Earth,152g,3.89,Fresh Fruit
new_world_newmarket_5335014-EA-000,51ee2a79-4693-410c-9287-66940847736d,New World Newmarket,New World,Central Auckland,5335014-EA-000,Bananas,Lifesavers,130g,3.79,Fresh Fruit
new_world_newmarket_5018092-EA-000,51ee2a79-4693-410c-9287-66940847736d,New World Newmarket,New World,Central Auckland,5018092-EA-000,Banana Berries & Yoghurt Brekkie 8+ Months,Only Organic,120g,2.29,"Cheese, Butter & Yoghurt"
new_world_newmarket_5046549-KGM-000,51ee2a79-4693-410c-9287-66940847736d,New World Newmarket,New World,Central Auckland,5046549-KGM-000,Navel Oranges NZ,,kg,4.49,Fresh Fruit
new_world_newmarket_5040012-EA-000,51ee2a79-4693-410c-9287-66940847736d,New World Newmarket,New World,Central Auckland,5040012-EA-000,Navel Oranges,Pams,1.5kg,6.99,Fresh Fruit
new_world_newmarket_5046611-KGM-000,51ee2a79-4693-410c-9287-66940847736d,New World Newmarket,New World,Central Auckland,5046611-KGM-000,Navel Oranges Imported,,kg,4.99,Fresh Fruit
new_world_newmarket_5040011-KGM-000,51ee2a79-4693-410c-9287-66940847736d,New World Newmarket,New World,Central Auckland,5040011-KGM-000,Orange Kumara,,kg,5.49,Fresh Fruit
new_world_newmarket_5046917-KGM-000,51ee2a79-4693-410c-9287-66940847736d,New World Newmarket,New World,Central Auckland,5046917-KGM-000,Imported Mandarins,,kg,5.49,Fresh Fruit
new_world_newmarket_5046477-KGM-000,51ee2a79-4693-410c-9287-66940847736d,New World Newmarket,New World,Central Auckland,5046477-KGM-000,Lemons,,kg,4.99,Fresh Fruit
new_world_newmarket_5203150-EA-000,51ee2a79-4693-410c-9287-66940847736d,New World Newmarket,New World,Central Auckland,5203150-EA-000,Lemon Baking Juice,Pams,250ml,2.39,Fresh Fruit
new_world_newmarket_5031941-EA-000,51ee2a79-4693-410c-9287-66940847736d,New World Newmarket,New World,Central Auckland,5031941-EA-000,Lemon Honey Ginger Fruit Juice,The Homegrown Juice Company,1l,5.39,"Breakfast Cereals, Oats & Spreads"
new_world_newmarket_5345885-EA-000,51ee2a79-4693-410c-9287-66940847736d,New World Newmarket,New World,Central Auckland,5345885-EA-000,Rocketslaw Salad with Creamy Lemon Mayonnaise,Salad,350g,6.19,Fresh Fruit
new_world_newmarket_5200565-EA-000,51ee2a79-4693-410c-9287-66940847736d,New World Newmarket,New World,Central Auckland,5200565-EA-000,Lemon Drizzle Squares,Fibre One,5 x 24g,5.89,Fresh Fruit
new_world_newmarket_5312786-EA-000,51ee2a79-4693-410c-9287-66940847736d,New World Newmarket,New World,Central Auckland,5312786-EA-000,Mixed Berry,Fruzio,750g,11.49,Fresh Fruit
new_world_newmarket_5004944-EA-000,51ee2a79-4693-410c-9287-66940847736d,New World Newmarket,New World,Central Auckland,5004944-EA-000,Mixed Berries,Pams,500g,7.39,Fresh Fruit
new_world_newmarket_5020153-EA-000,51ee2a79-4693-410c-9287-66940847736d,New World Newmarket,New World,Central Auckland,5020153-EA-000,Mixed Berries,Oob Organic,450g,10.39,Fresh Fruit
new_world_newmarket_5295357-EA-000,51ee2a79-4693-410c-9287-66940847736d,New World Newmarket,New World,Central Auckland,5295357-EA-000,Mixed Berries,Serious Organic,400g,8.99,Fresh Fruit
new_world_newmarket_5086541-EA-000,51ee2a79-4693-410c-9287-66940847736d,New World Newmarket,New World,Central Auckland,5086541-EA-000,Imported Strawberries,,250g,6.99,Fresh Fruit
new_world_newmarket_5105651-KGM-000,51ee2a79-4693-410c-9287-66940847736d,New World Newmarket,New World,Central Auckland,5105651-KGM-000,Skinless Chicken Breast,,kg,12.99,Chicken & Poultry
new_world_newmarket_5221711-EA-000,51ee2a79-4693-410c-9287-66940847736d,New World Newmarket,New World,Central Auckland,5221711-EA-000,Boneless Skinless Chicken Breast,Pams Free Range,400g,9.99,Chicken & Poultry
new_world_newmarket_5226616-KGM-000,51ee2a79-4693-410c-9287-66940847736d,New World Newmarket,New World,Central Auckland,5226616-KGM-000,Free Range Skinless Chicken Breast,Waitoa,kg,25.49,Chicken & Poultry
new_world_newmarket_5139623-EA-000,51ee2a79-4693-410c-9287-66940847736d,New World Newmarket,New World,Central Auckland,5139623-EA-000,Diced Chicken Breast,Pams Free Range,450g,8.99,Chicken & Poultry
new_world_newmarket_5206913-KGM-000,51ee2a79-4693-410c-9287-66940847736d,New World Newmarket,New World,Central Auckland,5206913-KGM-000,100% Certified Organic Free Range Skinless Chicken Breast,Bostock Brothers,kg,32.2,Chicken & Poultry
new_world_newmarket_5221708-EA-000,51ee2a79-4693-410c-9287-66940847736d,New World Newmarket,New World,Central Auckland,5221708-EA-000,Boneless Skinless Chicken Thighs,Pams Free Range,400g,10.99,Chicken & Poultry
new_world_newmarket_5226622-KGM-000,51ee2a79-4693-410c-9287-66940847736d,New World Newmarket,New World,Central Auckland,5226622-KGM-000,Free Range Skinless Chicken Thigh Fillet,Waitoa,kg,30.49,Chicken & Poultry
new_world_newmarket_5303533-EA-000,51ee2a79-4693-410c-9287-66940847736d,New World Newmarket,New World,Central Auckland,5303533-EA-000,100% Certified Organic Free Range Chicken Tenders,Bostock Brothers,500g,15.59,Chicken & Poultry
new_world_newmarket_5105213-KGM-000,51ee2a79-4693-410c-9287-66940847736d,New World Newmarket,New World,Central Auckland,5105213-KGM-000,NZ Chicken Drumsticks,,kg,8.49,Chicken & Poultry
new_world_newmarket_5307661-KGM-000,51ee2a79-4693-410c-9287-66940847736d,New World Newmarket,New World,Central Auckland,5307661-KGM-000,Chicken Nibbles Medium Tray,,kg,13.49,Chicken & Poultry
new_world_newmarket_5041957-EA-000,51ee2a79-4693-410c-9287-66940847736d,New World Newmarket,New World,Central Auckland,5041957-EA-000,Free Range Whole Chicken,Waitoa,1.5kg,17.75,Chicken & Poultry
new_world_newmarket_5028347-EA-000,51ee2a79-4693-410c-9287-66940847736d,New World Newmarket,New World,Central Auckland,5028347-EA-000,Whole Chicken with Garden Herbs Stuffing,Waitoa,1.5kg,17.75,Chicken & Poultry
new_world_newmarket_5027004-EA-000,51ee2a79-4693-410c-9287-66940847736d,New World Newmarket,New World,Central Auckland,5027004-EA-000,Manuka Honey & Rosemary Chicken,Waitoa,1.1kg,15.17,"Breakfast Cereals, Oats & Spreads"
new_world_newmarket_5203717-EA-000,51ee2a79-4693-410c-9287-66940847736d,New World Newmarket,New World,Central Auckland,5203717-EA-000,Wagyu Beef Mince,First Light,400g,13.99,Beef & Lamb
new_world_newmarket_5349090-EA-000,51ee2a79-4693-410c-9287-66940847736d,New World Newmarket,New World,Central Auckland,5349090-EA-000,Beef Mince,Hellers,340g,9.49,Beef & Lamb
new_world_newmarket_5242835-EA-000,51ee2a79-4693-410c-9287-66940847736d,New World Newmarket,New World,Central Auckland,5242835-EA-000,Premium Beef Mince,Harmony Organic,400g,16.49,Beef & Lamb
new_world_newmarket_5230106-EA-000,51ee2a79-4693-410c-9287-66940847736d,New World Newmarket,New World,Central Auckland,5230106-EA-000,Wagyu Beef Meatballs,First Light,400g,13.49,Beef & Lamb
new_world_newmarket_5344231-EA-000,51ee2a79-4693-410c-9287-66940847736d,New World Newmarket,New World,Central Auckland,5344231-EA-000,Pork & Beef Mince,Hellers,380g,9.99,Beef & Lamb
new_world_newmarket_5103401-KGM-000,51ee2a79-4693-410c-9287-66940847736d,New World Newmarket,New World,Central Auckland,5103401-KGM-000,Beef Rump Steak,,kg,36.99,Beef & Lamb
new_world_newmarket_5102637-KGM-000,51ee2a79-4693-410c-9287-66940847736d,New World Newmarket,New World,Central Auckland,5102637-KGM-000,Beef Scotch Fillet Steak,,kg,56.99,Beef & Lamb
new_world_newmarket_5123919-KGM-000,51ee2a79-4693-410c-9287-66940847736d,New World Newmarket,New World,Central Auckland,5123919-KGM-000,NZ Beef Sirloin Steak,,kg,49.99,Beef & Lamb
new_world_newmarket_5263318-EA-000,51ee2a79-4693-410c-9287-66940847736d,New World Newmarket,New World,Central Auckland,5263318-EA-000,New Zealand Grass-Fed Beef Eye Fillet Steaks,Silver Fern Farms,300g,27.99,Beef & Lamb
new_world_newmarket_5289492-EA-000,51ee2a79-4693-410c-9287-66940847736d,New World Newmarket,New World,Central Auckland,5289492-EA-000,Flat Iron Wagyu Beef Steak,First Light,250g,13.99,Beef & Lamb
new_world_newmarket_5201797-KGM-000,51ee2a79-4693-410c-9287-66940847736d,New World Newmarket,New World,Central Auckland,5201797-KGM-000,Mustard Roast Beef,,kg,60.9,Beef & Lamb
new_world_newmarket_5020110-EA-000,51ee2a79-4693-410c-9287-66940847736d,New World Newmarket,New World,Central Auckland,5020110-EA-000,Roast Beef & Veggies Frozen Meal,Tomorrow's Meals,400g,11.89,Frozen Foods
new_world_newmarket_5328768-EA-000,51ee2a79-4693-410c-9287-66940847736d,New World Newmarket,New World,Central Auckland,5328768-EA-000,Gourmet Everyday Balsamic Roast Beef With Potato Bake,Jess's Underground Kitchen,400g,13.99,Beef & Lamb
new_world_newmarket_5323876-EA-000,51ee2a79-4693-410c-9287-66940847736d,New World Newmarket,New World,Central Auckland,5323876-EA-000,Adult Gravy Lovers Beef Feast Roasted Beef Flavor Gravy Wet Cat Food,Purina Fancy Feast,85g,1.89,Beef & Lamb
new_world_newmarket_5242832-EA-000,51ee2a79-4693-410c-9287-66940847736d,New World Newmarket,New World,Central Auckland,5242832-EA-000,Free Range Traditional Pork Sausages,Harmony,450g,11.99,Beef & Lamb
new_world_newmarket_5252609-EA-000,51ee2a79-4693-410c-9287-66940847736d,New World Newmarket,New World,Central Auckland,5252609-EA-000,Free Range Pork & Apple Sausages,Harmony,450g,11.99,Beef & Lamb
new_world_newmarket_5232418-KGM-000,51ee2a79-4693-410c-9287-66940847736d,New World Newmarket,New World,Central Auckland,5232418-KGM-000,Chinese BBQ Pork Ribs,Beak & Sons,kg,21.99,Beef & Lamb
new_world_newmarket_5242842-EA-000,51ee2a79-4693-410c-9287-66940847736d,New World Newmarket,New World,Central Auckland,5242842-EA-000,Free Range Pork & Fennel Sausages,Harmony,450g,11.99,Beef & Lamb
new_world_newmarket_5264091-EA-000,51ee2a79-4693-410c-9287-66940847736d,New World Newmarket,New World,Central Auckland,5264091-EA-000,Craft Country Pork Sausages,Hellers,6pk,12.99,Beef & Lamb
new_world_newmarket_5019426-EA-000,51ee2a79-4693-410c-9287-66940847736d,New World Newmarket,New World,Central Auckland,5019426-EA-000,Streaky Bacon,Pams,250g,6.99,Pork & Ham
new_world_newmarket_5037815-EA-000,51ee2a79-4693-410c-9287-66940847736d,New World Newmarket,New World,Central Auckland,5037815-EA-000,Streaky Bacon,Pams,500g,11.49,Pork & Ham
new_world_newmarket_5084510-EA-000,51ee2a79-4693-410c-9287-66940847736d,New World Newmarket,New World,Central Auckland,5084510-EA-000,Streaky Bacon,Pams,1kg,20.99,Pork & Ham
new_world_newmarket_5033086-EA-000,51ee2a79-4693-410c-9287-66940847736d,New World Newmarket,New World,Central Auckland,5033086-EA-000,Manuka Smoked Streaky Bacon,Grandpa's Meat & Bacon Co.,250g,8.29,Pork & Ham
new_world_newmarket_5309836-EA-000,51ee2a79-4693-410c-9287-66940847736d,New World Newmarket,New World,Central Auckland,5309836-EA-000,Streaky Bacon,Beehive,800g,21.79,Pork & Ham
new_world_newmarket_5110088-KGM-000,51ee2a79-4693-410c-9287-66940847736d,New World Newmarket,New World,Central Auckland,5110088-KGM-000,Champagne Leg Ham,,kg,22.0,Pork & Ham
new_world_newmarket_5023557-EA-000,51ee2a79-4693-410c-9287-66940847736d,New World Newmarket,New World,Central Auckland,5023557-EA-000,Shaved Champagne Ham,Beehive,200g,7.69,Pork & Ham
new_world_newmarket_5241237-EA-000,51ee2a79-4693-410c-9287-66940847736d,New World Newmarket,New World,Central Auckland,5241237-EA-000,Shaved Champagne Leg Ham,Hellers,200g,7.0,Pork & Ham
new_world_newmarket_5039342-EA-000,51ee2a79-4693-410c-9287-66940847736d,New World Newmarket,New World,Central Auckland,5039342-EA-000,Shaved Champagne Leg Ham,Hellers,100g,4.29,Pork & Ham
new_world_newmarket_5013751-EA-000,51ee2a79-4693-410c-9287-66940847736d,New World Newmarket,New World,Central Auckland,5013751-EA-000,Shaved Champagne Ham,Beehive,100g,5.19,Pork & Ham
new_world_newmarket_5312237-EA-000,51ee2a79-4693-410c-9287-66940847736d,New World Newmarket,New World,Central Auckland,5312237-EA-000,Classic Beef Sausages,Pams,6 x 75g,9.49,Beef & Lamb
new_world_newmarket_5252611-EA-000,51ee2a79-4693-410c-9287-66940847736d,New World Newmarket,New World,Central Auckland,5252611-EA-000,Beef Manuka Honey & Hickory Sausages,Harmony,450g,11.99,"Breakfast Cereals, Oats & Spreads"
new_world_newmarket_5082985-EA-000,51ee2a79-4693-410c-9287-66940847736d,New World Newmarket,New World,Central Auckland,5082985-EA-000,Craft Angus Beef Sausages,Hellers,6pk,12.99,Beef & Lamb
new_world_newmarket_5005864-EA-000,51ee2a79-4693-410c-9287-66940847736d,New World Newmarket,New World,Central Auckland,5005864-EA-000,Chunky Cheese Sausages,Hellers,1kg,13.49,"Cheese, Butter & Yoghurt"
new_world_newmarket_5242833-EA-000,51ee2a79-4693-410c-9287-66940847736d,New World Newmarket,New World,Central Auckland,5242833-EA-000,Lamb & Rosemary Sausages,Harmony,450g,11.99,Beef & Lamb
new_world_newmarket_5220975-EA-000,51ee2a79-4693-410c-9287-66940847736d,New World Newmarket,New World,Central Auckland,5220975-EA-000,Sliced Smoked Salmon,Pams,100g,9.79,Fresh Seafood
new_world_newmarket_5220977-EA-000,51ee2a79-4693-410c-9287-66940847736d,New World Newmarket,New World,Central Auckland,5220977-EA-000,Sliced Smoked Salmon,Pams,200g,14.79,Fresh Seafood
new_world_newmarket_5313293-EA-000,51ee2a79-4693-410c-9287-66940847736d,New World Newmarket,New World,Central Auckland,5313293-EA-000,Double Manuka Hot Smoked Salmon Portion,Regal,100g,13.99,Fresh Seafood
new_world_newmarket_5220978-EA-000,51ee2a79-4693-410c-9287-66940847736d,New World Newmarket,New World,Central Auckland,5220978-EA-000,Natural Hot Smoked Salmon,Pams,150g,14.39,Fresh Seafood
new_world_newmarket_5105409-KGM-000,51ee2a79-4693-410c-9287-66940847736d,New World Newmarket,New World,Central Auckland,5105409-KGM-000,Fresh Bluff Salmon Fillets Skin On Bone In,,kg,69.99,Fresh Seafood
new_world_newmarket_5333249-EA-000,51ee2a79-4693-410c-9287-66940847736d,New World Newmarket,New World,Central Auckland,5333249-EA-000,Tuna Fillet In Broth Wet Cat Food,Applaws,70g,2.49,Fresh Seafood
new_world_newmarket_5333248-EA-000,51ee2a79-4693-410c-9287-66940847736d,New World Newmarket,New World,Central Auckland,5333248-EA-000,Tuna Fillet With Prawn In Broth Wet Cat Food,Applaws,70g,2.49,Fresh Seafood
new_world_newmarket_5117267-KGM-000,51ee2a79-4693-410c-9287-66940847736d,New World Newmarket,New World,Central Auckland,5117267-KGM-000,Yellowfin Tuna Steaks,,kg,39.99,Beef & Lamb
new_world_newmarket_5249296-EA-000,51ee2a79-4693-410c-9287-66940847736d,New World Newmarket,New World,Central Auckland,5249296-EA-000,Raw Prawn Cutlets,Shore Mariner,500g,11.99,Fresh Seafood
new_world_newmarket_5029377-EA-000,51ee2a79-4693-410c-9287-66940847736d,New World Newmarket,New World,Central Auckland,5029377-EA-000,Cooked Prawn Cutlets,Shore Mariner,400g,11.79,Fresh Seafood
new_world_newmarket_5220974-EA-000,51ee2a79-4693-410c-9287-66940847736d,New World Newmarket,New World,Central Auckland,5220974-EA-000,Raw Frozen Prawns Cutlet,Pams Finest,500g,17.79,Frozen Foods
new_world_newmarket_5092259-EA-000,51ee2a79-4693-410c-9287-66940847736d,New World Newmarket,New World,Central Auckland,5092259-EA-000,Premium Raw Stir Fry Prawns,Kingfisher Seafood,500g,15.99,Fresh Seafood
new_world_newmarket_5029412-EA-000,51ee2a79-4693-410c-9287-66940847736d,New World Newmarket,New World,Central Auckland,5029412-EA-000,Cooked & Peeled Prawns,Pams,300g,10.39,Fresh Seafood
new_world_newmarket_5230508-EA-000,51ee2a79-4693-410c-9287-66940847736d,New World Newmarket,New World,Central Auckland,5230508-EA-000,Adult Broths Tuna Shrimp & Whitefish Wet Cat Food,Purina Fancy Feast,40g,2.39,Fresh Seafood
new_world_newmarket_5254092-EA-000,51ee2a79-4693-410c-9287-66940847736d,New World Newmarket,New World,Central Auckland,5254092-EA-000,Perfect Portions Pate Entree With Delicate Whitefish And Tuna Wet Cat Food,Dine,75g,2.29,Fresh Seafood
new_world_newmarket_5018684-EA-000,51ee2a79-4693-410c-9287-66940847736d,New World Newmarket,New World,Central Auckland,5018684-EA-000,Grainfree Salmon Whitefish & Olive Oil Premium Adult Cat Food,Fussy Cat,500g,8.99,Fresh Seafood
new_world_newmarket_5323882-EA-000,51ee2a79-4693-410c-9287-66940847736d,New World Newmarket,New World,Central Auckland,5323882-EA-000,Adult Grilled Ocean Whitefish & Tuna Feast Gravy Wet Cat Food,Purina Fancy Feast,85g,1.89,Fresh Seafood
new_world_newmarket_5323878-EA-000,51ee2a79-4693-410c-9287-66940847736d,New World Newmarket,New World,Central Auckland,5323878-EA-000,Adult Gravy Lovers Ocean Whitefish & Tuna Feast Seafood Flavor Gravy Wet Cat Food,Purina Fancy Feast,85g,1.89,Fresh Seafood
new_world_newmarket_5201479-EA-000,51ee2a79-4693-410c-9287-66940847736d,New World Newmarket,New World,Central Auckland,5201479-EA-000,Standard Milk,Pams Value,2l,4.82,Fresh Milk & Plant Milk
new_world_newmarket_5000527-EA-000,51ee2a79-4693-410c-9287-66940847736d,New World Newmarket,New World,Central Auckland,5000527-EA-000,Blue Milk,Anchor,2l,5.79,Fresh Milk & Plant Milk
new_world_newmarket_5000518-EA-000,51ee2a79-4693-410c-9287-66940847736d,New World Newmarket,New World,Central Auckland,5000518-EA-000,Blue Milk,Anchor,1l,3.73,Fresh Milk & Plant Milk
new_world_newmarket_5201490-EA-000,51ee2a79-4693-410c-9287-66940847736d,New World Newmarket,New World,Central Auckland,5201490-EA-000,Standard Milk,Pams Value,3l,7.19,Fresh Milk & Plant Milk
new_world_newmarket_5201487-EA-000,51ee2a79-4693-410c-9287-66940847736d,New World Newmarket,New World,Central Auckland,5201487-EA-000,Lite Milk,Pams Value,2l,4.82,Fresh Milk & Plant Milk
new_world_newmarket_5201486-EA-000,51ee2a79-4693-410c-9287-66940847736d,New World Newmarket,New World,Central Auckland,5201486-EA-000,Trim Milk,Pams Value,2l,4.82,Fresh Milk & Plant Milk
new_world_newmarket_5000520-EA-000,51ee2a79-4693-410c-9287-66940847736d,New World Newmarket,New World,Central Auckland,5000520-EA-000,Trim Milk,Anchor,1l,3.73,Fresh Milk & Plant Milk
new_world_newmarket_5000521-EA-000,51ee2a79-4693-410c-9287-66940847736d,New World Newmarket,New World,Central Auckland,5000521-EA-000,Trim Milk,Anchor,2l,5.79,Fresh Milk & Plant Milk
new_world_newmarket_5000519-EA-000,51ee2a79-4693-410c-9287-66940847736d,New World Newmarket,New World,Central Auckland,5000519-EA-000,Calci + Trim Milk,Anchor,2l,6.86,Fresh Milk & Plant Milk
new_world_newmarket_5025424-EA-000,51ee2a79-4693-410c-9287-66940847736d,New World Newmarket,New World,Central Auckland,5025424-EA-000,Calci + Trim Milk,Anchor,1l,3.79,Fresh Milk & Plant Milk
new_world_newmarket_5003852-EA-000,51ee2a79-4693-410c-9287-66940847736d,New World Newmarket,New World,Central Auckland,5003852-EA-000,Regular Soy Milk,Pams,1l,2.99,Fresh Milk & Plant Milk
new_world_newmarket_5200391-EA-000,51ee2a79-4693-410c-9287-66940847736d,New World Newmarket,New World,Central Auckland,5200391-EA-000,Protein Plus Soy Milk,Vitasoy,1l,4.49,Fresh Milk & Plant Milk
new_world_newmarket_5010269-EA-000,51ee2a79-4693-410c-9287-66940847736d,New World Newmarket,New World,Central Auckland,5010269-EA-000,Regular Soy Milk,Sanitarium So Good,1l,3.99,Fresh Milk & Plant Milk
new_world_newmarket_5003420-EA-000,51ee2a79-4693-410c-9287-66940847736d,New World Newmarket,New World,Central Auckland,5003420-EA-000,Original Soy Milk,Vitasoy,1l,4.49,Fresh Milk & Plant Milk
new_world_newmarket_5004887-EA-000,51ee2a79-4693-410c-9287-66940847736d,New World Newmarket,New World,Central Auckland,5004887-EA-000,Lite Soy Milk,Pams Plant Based,1l,2.99,Fresh Milk & Plant Milk
new_world_newmarket_5014501-EA-000,51ee2a79-4693-410c-9287-66940847736d,New World Newmarket,New World,Central Auckland,5014501-EA-000,Unsweetened Oat Milk,Vitasoy,1l,3.59,Fresh Milk & Plant Milk
new_world_newmarket_5294478-EA-000,51ee2a79-4693-410c-9287-66940847736d,New World Newmarket,New World,Central Auckland,5294478-EA-000,Oat Milk Barista Grade,Boring,1l,4.89,Fresh Milk & Plant Milk
new_world_newmarket_5269316-EA-000,51ee2a79-4693-410c-9287-66940847736d,New World Newmarket,New World,Central Auckland,5269316-EA-000,The Barista One Milk,Otis Oat Milk,1l,4.69,Fresh Milk & Plant Milk
new_world_newmarket_5273198-EA-000,51ee2a79-4693-410c-9287-66940847736d,New World Newmarket,New World,Central Auckland,5273198-EA-000,No Added Sugar Oat Milk,Sanitarium So Good,1l,4.09,Fresh Milk & Plant Milk
new_world_newmarket_5294477-EA-000,51ee2a79-4693-410c-9287-66940847736d,New World Newmarket,New World,Central Auckland,5294477-EA-000,No Added Sugar Oat Milk,Boring,1l,4.89,Fresh Milk & Plant Milk
new_world_newmarket_5030647-EA-000,51ee2a79-4693-410c-9287-66940847736d,New World Newmarket,New World,Central Auckland,5030647-EA-000,Unsweetened Almond Milk UHT,Sanitarium So Good,1l,4.99,Fresh Milk & Plant Milk
new_world_newmarket_5037993-EA-000,51ee2a79-4693-410c-9287-66940847736d,New World Newmarket,New World,Central Auckland,5037993-EA-000,Unsweetened Almond Milk,Vitasoy,1l,4.19,Fresh Milk & Plant Milk
new_world_newmarket_5269328-EA-000,51ee2a79-4693-410c-9287-66940847736d,New World Newmarket,New World,Central Auckland,5269328-EA-000,Barista Edition Almond Milk,Sanitarium So Good,1l,4.59,Fresh Milk & Plant Milk
new_world_newmarket_5289064-EA-000,51ee2a79-4693-410c-9287-66940847736d,New World Newmarket,New World,Central Auckland,5289064-EA-000,High Protein Almond Milk,Sanitarium So Good,1l,4.59,Fresh Milk & Plant Milk
new_world_newmarket_5029021-EA-000,51ee2a79-4693-410c-9287-66940847736d,New World Newmarket,New World,Central Auckland,5029021-EA-000,Unsweetened Almond Milk,Pams Plant Based,1l,3.99,Fresh Milk & Plant Milk
new_world_newmarket_5094568-EA-000,51ee2a79-4693-410c-9287-66940847736d,New World Newmarket,New World,Central Auckland,5094568-EA-000,Free Range Grade 7 Eggs,Woodland,6pk,6.79,Eggs
new_world_newmarket_5322429-EA-000,51ee2a79-4693-410c-9287-66940847736d,New World Newmarket,New World,Central Auckland,5322429-EA-000,Free Range Size 7 Eggs,eg.,12pk,10.79,Eggs
new_world_newmarket_5202411-EA-000,51ee2a79-4693-410c-9287-66940847736d,New World Newmarket,New World,Central Auckland,5202411-EA-000,Premium Free Range Size 7 Eggs,Otaika Valley,12pk,12.59,Eggs
new_world_newmarket_5023568-EA-000,51ee2a79-4693-410c-9287-66940847736d,New World Newmarket,New World,Central Auckland,5023568-EA-000,Free Range Size 6 Eggs,Woodland,10pk,10.59,Eggs
new_world_newmarket_5023573-EA-000,51ee2a79-4693-410c-9287-66940847736d,New World Newmarket,New World,Central Auckland,5023573-EA-000,Free Range Size 7 Eggs,Woodland,10pk,11.09,Eggs
new_world_newmarket_5094711-EA-000,51ee2a79-4693-410c-9287-66940847736d,New World Newmarket,New World,Central Auckland,5094711-EA-000,Premium Free Range Size 8 Eggs,Otaika Valley,10pk,11.99,Eggs
new_world_newmarket_5034298-EA-000,51ee2a79-4693-410c-9287-66940847736d,New World Newmarket,New World,Central Auckland,5034298-EA-000,Premium Free Range Size 8 Eggs,Otaika Valley,6pk,7.49,Eggs
new_world_newmarket_5232073-EA-000,51ee2a79-4693-410c-9287-66940847736d,New World Newmarket,New World,Central Auckland,5232073-EA-000,American Style Cheddar Cheese Slices,Dairyworks,200g,5.6,"Cheese, Butter & Yoghurt"
new_world_newmarket_5306817-EA-000,51ee2a79-4693-410c-9287-66940847736d,New World Newmarket,New World,Central Auckland,5306817-EA-000,Grated Cheddar Cheese,Rolling Meadow,500g,8.96,"Cheese, Butter & Yoghurt"
new_world_newmarket_5268696-EA-000,51ee2a79-4693-410c-9287-66940847736d,New World Newmarket,New World,Central Auckland,5268696-EA-000,Tasty Cheddar Cheese,Pams,800g,13.53,"Cheese, Butter & Yoghurt"
new_world_newmarket_5007358-EA-000,51ee2a79-4693-410c-9287-66940847736d,New World Newmarket,New World,Central Auckland,5007358-EA-000,Tasty Cheddar Cheese,Pams,500g,10.44,"Cheese, Butter & Yoghurt"
new_world_newmarket_5003260-EA-000,51ee2a79-4693-410c-9287-66940847736d,New World Newmarket,New World,Central Auckland,5003260-EA-000,Sharp & Crumbly Vintage Cheddar Cheese,Mainland,250g,11.19,"Cheese, Butter & Yoghurt"
new_world_newmarket_5017804-EA-000,51ee2a79-4693-410c-9287-66940847736d,New World Newmarket,New World,Central Auckland,5017804-EA-000,Mozzarella Grated Cheese,Rolling Meadow,500g,11.37,"Cheese, Butter & Yoghurt"
new_world_newmarket_5007482-EA-000,51ee2a79-4693-410c-9287-66940847736d,New World Newmarket,New World,Central Auckland,5007482-EA-000,Mozzarella Grated Cheese,Pams,375g,9.41,"Cheese, Butter & Yoghurt"
new_world_newmarket_5012908-EA-000,51ee2a79-4693-410c-9287-66940847736d,New World Newmarket,New World,Central Auckland,5012908-EA-000,Smooth&  Stretchy Mozzarella Grated Cheese,Mainland,375g,9.99,"Cheese, Butter & Yoghurt"
new_world_newmarket_5022636-EA-000,51ee2a79-4693-410c-9287-66940847736d,New World Newmarket,New World,Central Auckland,5022636-EA-000,Mozzarella,Massimo's,125g,6.99,"Cheese, Butter & Yoghurt"
new_world_newmarket_5024960-EA-000,51ee2a79-4693-410c-9287-66940847736d,New World Newmarket,New World,Central Auckland,5024960-EA-000,Mozzarella Cheese,Perfect Italiano,250g,10.99,"Cheese, Butter & Yoghurt"
new_world_newmarket_5232466-EA-000,51ee2a79-4693-410c-9287-66940847736d,New World Newmarket,New World,Central Auckland,5232466-EA-000,Grated Parmesan Cheese,Dairyworks,200g,8.0,"Cheese, Butter & Yoghurt"
new_world_newmarket_5013767-EA-000,51ee2a79-4693-410c-9287-66940847736d,New World Newmarket,New World,Central Auckland,5013767-EA-000,Parmesan Cheese,Mainland,200g,9.59,"Cheese, Butter & Yoghurt"
new_world_newmarket_5016706-EA-000,51ee2a79-4693-410c-9287-66940847736d,New World Newmarket,New World,Central Auckland,5016706-EA-000,Grated Parmesan Cheese,Mainland,200g,10.59,"Cheese, Butter & Yoghurt"
new_world_newmarket_5347658-EA-000,51ee2a79-4693-410c-9287-66940847736d,New World Newmarket,New World,Central Auckland,5347658-EA-000,Parmesan Cheese,Perfect Italiano,200g,9.99,"Cheese, Butter & Yoghurt"
new_world_newmarket_5002842-EA-000,51ee2a79-4693-410c-9287-66940847736d,New World Newmarket,New World,Central Auckland,5002842-EA-000,Salted Butter,Mainland,500g,9.99,"Cheese, Butter & Yoghurt"
new_world_newmarket_5013505-EA-000,51ee2a79-4693-410c-9287-66940847736d,New World Newmarket,New World,Central Auckland,5013505-EA-000,Salted Buttersoft Spreadable Butter,Mainland,375g,12.99,"Cheese, Butter & Yoghurt"
new_world_newmarket_5205003-EA-000,51ee2a79-4693-410c-9287-66940847736d,New World Newmarket,New World,Central Auckland,5205003-EA-000,Salted Grass Fed New Zealand Butter,Westgold,400g,8.89,"Cheese, Butter & Yoghurt"
new_world_newmarket_5003216-EA-000,51ee2a79-4693-410c-9287-66940847736d,New World Newmarket,New World,Central Auckland,5003216-EA-000,Salted Butter,Mainland,250g,7.49,"Cheese, Butter & Yoghurt"
new_world_newmarket_5020175-EA-000,51ee2a79-4693-410c-9287-66940847736d,New World Newmarket,New World,Central Auckland,5020175-EA-000,Premium New Zealand Lightly Salted Butter,Lewis Road Creamery,250g,9.17,"Cheese, Butter & Yoghurt"
new_world_newmarket_5002843-EA-000,51ee2a79-4693-410c-9287-66940847736d,New World Newmarket,New World,Central Auckland,5002843-EA-000,Unsalted Butter,Mainland,500g,9.99,"Cheese, Butter & Yoghurt"
new_world_newmarket_5205004-EA-000,51ee2a79-4693-410c-9287-66940847736d,New World Newmarket,New World,Central Auckland,5205004-EA-000,Unsalted Grass Fed New Zealand Butter,Westgold,400g,8.89,"Cheese, Butter & Yoghurt"
new_world_newmarket_5020174-EA-000,51ee2a79-4693-410c-9287-66940847736d,New World Newmarket,New World,Central Auckland,5020174-EA-000,Premium New Zealand Unsalted Butter,Lewis Road Creamery,250g,9.17,"Cheese, Butter & Yoghurt"
new_world_newmarket_5200783-EA-000,51ee2a79-4693-410c-9287-66940847736d,New World Newmarket,New World,Central Auckland,5200783-EA-000,Unsalted Butter,Petit Normand,200g,7.19,"Cheese, Butter & Yoghurt"
new_world_newmarket_5223553-EA-000,51ee2a79-4693-410c-9287-66940847736d,New World Newmarket,New World,Central Auckland,5223553-EA-000,Kalo Natural Greek Yoghurt,Meadow Fresh,800g,9.29,"Cheese, Butter & Yoghurt"
new_world_newmarket_5094108-EA-000,51ee2a79-4693-410c-9287-66940847736d,New World Newmarket,New World,Central Auckland,5094108-EA-000,Authentic Natural Greek Yoghurt,Cyclops,750g,6.99,"Cheese, Butter & Yoghurt"
new_world_newmarket_5281810-EA-000,51ee2a79-4693-410c-9287-66940847736d,New World Newmarket,New World,Central Auckland,5281810-EA-000,Greek Natural Thick 'n Creamy Yoghurt,Fresh 'n Fruity,1kg,7.79,"Cheese, Butter & Yoghurt"
new_world_newmarket_5241937-EA-000,51ee2a79-4693-410c-9287-66940847736d,New World Newmarket,New World,Central Auckland,5241937-EA-000,Kalo Vanilla Bean Authentic Greek Yoghurt,Meadow Fresh,800g,9.29,"Cheese, Butter & Yoghurt"
new_world_newmarket_5007517-EA-000,51ee2a79-4693-410c-9287-66940847736d,New World Newmarket,New World,Central Auckland,5007517-EA-000,Natural Greek Style Yogurt,Yoplait,2 x 125g,3.79,"Cheese, Butter & Yoghurt"
new_world_newmarket_5003563-EA-000,51ee2a79-4693-410c-9287-66940847736d,New World Newmarket,New World,Central Auckland,5003563-EA-000,Plain Unsweetened Acidophilus Yoghurt,Naturalea,1kg,6.99,"Cheese, Butter & Yoghurt"
new_world_newmarket_5274474-EA-000,51ee2a79-4693-410c-9287-66940847736d,New World Newmarket,New World,Central Auckland,5274474-EA-000,All Natural Plain Unsweetened Yoghurt,De Winkel,4 x 125g,6.49,"Cheese, Butter & Yoghurt"
new_world_newmarket_5005219-EA-000,51ee2a79-4693-410c-9287-66940847736d,New World Newmarket,New World,Central Auckland,5005219-EA-000,All Natural Plain Unsweetened Yoghurt,De Winkel,1kg,6.99,"Cheese, Butter & Yoghurt"
new_world_newmarket_5289267-EA-000,51ee2a79-4693-410c-9287-66940847736d,New World Newmarket,New World,Central Auckland,5289267-EA-000,Max Protein Plain Greek Style Unsweetened Yoghurt,Yoplait,900g,9.69,"Cheese, Butter & Yoghurt"
new_world_newmarket_5028852-EA-000,51ee2a79-4693-410c-9287-66940847736d,New World Newmarket,New World,Central Auckland,5028852-EA-000,Fresh Cream,Pams,300ml,3.19,"Cheese, Butter & Yoghurt"
new_world_newmarket_5040641-EA-000,51ee2a79-4693-410c-9287-66940847736d,New World Newmarket,New World,Central Auckland,5040641-EA-000,Fresh Cream,Pams,500ml,4.79,"Cheese, Butter & Yoghurt"
new_world_newmarket_5000526-EA-000,51ee2a79-4693-410c-9287-66940847736d,New World Newmarket,New World,Central Auckland,5000526-EA-000,Pure Cream,Anchor,300ml,3.45,"Cheese, Butter & Yoghurt"
new_world_newmarket_5026102-EA-000,51ee2a79-4693-410c-9287-66940847736d,New World Newmarket,New World,Central Auckland,5026102-EA-000,Pure Cream,Anchor,500ml,5.09,"Cheese, Butter & Yoghurt"
new_world_newmarket_5101144-EA-000,51ee2a79-4693-410c-9287-66940847736d,New World Newmarket,New World,Central Auckland,5101144-EA-000,Organic Single Cream,Lewis Road Creamery,300ml,4.99,"Cheese, Butter & Yoghurt"
new_world_newmarket_5027140-EA-000,51ee2a79-4693-410c-9287-66940847736d,New World Newmarket,New World,Central Auckland,5027140-EA-000,Traditional Sour Cream,Meadow Fresh,250g,4.69,"Cheese, Butter & Yoghurt"
new_world_newmarket_5008633-EA-000,51ee2a79-4693-410c-9287-66940847736d,New World Newmarket,New World,Central Auckland,5008633-EA-000,Original Sour Cream,Anchor,250g,4.69,"Cheese, Butter & Yoghurt"
new_world_newmarket_5027137-EA-000,51ee2a79-4693-410c-9287-66940847736d,New World Newmarket,New World,Central Auckland,5027137-EA-000,Traditional Sour Cream,Meadow Fresh,125g,2.39,"Cheese, Butter & Yoghurt"
new_world_newmarket_5303622-EA-000,51ee2a79-4693-410c-9287-66940847736d,New World Newmarket,New World,Central Auckland,5303622-EA-000,Sour Cream Straight Up Squeezers,The Collective,250g,4.79,"Cheese, Butter & Yoghurt"
new_world_newmarket_5027139-EA-000,51ee2a79-4693-410c-9287-66940847736d,New World Newmarket,New World,Central Auckland,5027139-EA-000,Lite Sour Cream,Meadow Fresh,250g,4.69,"Cheese, Butter & Yoghurt"
new_world_newmarket_5004743-EA-000,51ee2a79-4693-410c-9287-66940847736d,New World Newmarket,New World,Central Auckland,5004743-EA-000,Jasmine Rice,Pams,1kg,3.49,"Rice, Pasta & Noodles"
new_world_newmarket_5303222-EA-000,51ee2a79-4693-410c-9287-66940847736d,New World Newmarket,New World,Central Auckland,5303222-EA-000,Thai Jasmine Rice,Fortune,1kg,3.89,"Rice, Pasta & Noodles"
new_world_newmarket_5002638-EA-000,51ee2a79-4693-410c-9287-66940847736d,New World Newmarket,New World,Central Auckland,5002638-EA-000,Fragrant Jasmine Aromatic Long Grain Rice,King's Choice,1kg,3.89,"Rice, Pasta & Noodles"
new_world_newmarket_5303803-EA-000,51ee2a79-4693-410c-9287-66940847736d,New World Newmarket,New World,Central Auckland,5303803-EA-000,Thai Jasmine Rice,Fortune,5kg,15.99,"Rice, Pasta & Noodles"
new_world_newmarket_5021496-EA-000,51ee2a79-4693-410c-9287-66940847736d,New World Newmarket,New World,Central Auckland,5021496-EA-000,Jasmine Rice,SunRice,1kg,4.04,"Rice, Pasta & Noodles"
new_world_newmarket_5002637-EA-000,51ee2a79-4693-410c-9287-66940847736d,New World Newmarket,New World,Central Auckland,5002637-EA-000,Highland Basmati Aromatic Long Grain Rice,King's Choice,1kg,3.99,"Rice, Pasta & Noodles"
new_world_newmarket_5005241-EA-000,51ee2a79-4693-410c-9287-66940847736d,New World Newmarket,New World,Central Auckland,5005241-EA-000,Basmati Rice,Pams,1kg,3.69,"Rice, Pasta & Noodles"
new_world_newmarket_5315537-EA-000,51ee2a79-4693-410c-9287-66940847736d,New World Newmarket,New World,Central Auckland,5315537-EA-000,Basmati Steamed Rice,Pams,250g,2.79,"Rice, Pasta & Noodles"
new_world_newmarket_5298259-EA-000,51ee2a79-4693-410c-9287-66940847736d,New World Newmarket,New World,Central Auckland,5298259-EA-000,Original Basmati Rice Microwave Pouch,Ben's,250g,3.29,"Rice, Pasta & Noodles"
new_world_newmarket_5314554-EA-000,51ee2a79-4693-410c-9287-66940847736d,New World Newmarket,New World,Central Auckland,5314554-EA-000,Basmati Rice,Pams,2 x 125g,2.89,"Rice, Pasta & Noodles"
new_world_newmarket_5025406-EA-000,51ee2a79-4693-410c-9287-66940847736d,New World Newmarket,New World,Central Auckland,5025406-EA-000,Spaghetti In Tomato Sauce,Wattie's,3 x 420g,6.79,"Rice, Pasta & Noodles"
new_world_newmarket_5323416-EA-000,51ee2a79-4693-410c-9287-66940847736d,New World Newmarket,New World,Central Auckland,5323416-EA-000,Spaghetti Pasta,Pams,500g,1.79,"Rice, Pasta & Noodles"
new_world_newmarket_5002634-EA-000,51ee2a79-4693-410c-9287-66940847736d,New World Newmarket,New World,Central Auckland,5002634-EA-000,Spaghetti Pasta,Diamond,500g,2.99,"Rice, Pasta & Noodles"
new_world_newmarket_5002082-EA-000,51ee2a79-4693-410c-9287-66940847736d,New World Newmarket,New World,Central Auckland,5002082-EA-000,Spaghetti In Tomato Sauce,Wattie's,420g,2.89,"Rice, Pasta & Noodles"
new_world_newmarket_5104293-EA-000,51ee2a79-4693-410c-9287-66940847736d,New World Newmarket,New World,Central Auckland,5104293-EA-000,Spaghetti Pasta,Barilla,500g,4.29,"Rice, Pasta & Noodles"
new_world_newmarket_5323415-EA-000,51ee2a79-4693-410c-9287-66940847736d,New World Newmarket,New World,Central Auckland,5323415-EA-000,Penne Pasta,Pams,500g,1.79,"Rice, Pasta & Noodles"
new_world_newmarket_5002515-EA-000,51ee2a79-4693-410c-9287-66940847736d,New World Newmarket,New World,Central Auckland,5002515-EA-000,Penne Pasta,Diamond,500g,2.99,"Rice, Pasta & Noodles"
new_world_newmarket_5013996-EA-000,51ee2a79-4693-410c-9287-66940847736d,New World Newmarket,New World,Central Auckland,5013996-EA-000,Penne Rigate Pasta,Barilla,500g,4.29,"Rice, Pasta & Noodles"
new_world_newmarket_5002631-EA-000,51ee2a79-4693-410c-9287-66940847736d,New World Newmarket,New World,Central Auckland,5002631-EA-000,Penne No 18 Pasta,San Remo,500g,3.29,"Rice, Pasta & Noodles"
new_world_newmarket_5204819-EA-000,51ee2a79-4693-410c-9287-66940847736d,New World Newmarket,New World,Central Auckland,5204819-EA-000,Penne Rigate Pasta,Ghiotti,500g,5.29,"Rice, Pasta & Noodles"
new_world_newmarket_5012937-EA-000,51ee2a79-4693-410c-9287-66940847736d,New World Newmarket,New World,Central Auckland,5012937-EA-000,Round Cut Egg Noodles,High Mark,280g,3.09,"Rice, Pasta & Noodles"
new_world_newmarket_5010232-EA-000,51ee2a79-4693-410c-9287-66940847736d,New World Newmarket,New World,Central Auckland,5010232-EA-000,Ribbon Cut Egg Noodles,High Mark,280g,3.09,"Rice, Pasta & Noodles"
new_world_newmarket_5027775-EA-000,51ee2a79-4693-410c-9287-66940847736d,New World Newmarket,New World,Central Auckland,5027775-EA-000,Thin Egg Style Noodles,Trident,2 x 200g,3.99,"Rice, Pasta & Noodles"
new_world_newmarket_5011508-EA-000,51ee2a79-4693-410c-9287-66940847736d,New World Newmarket,New World,Central Auckland,5011508-EA-000,Fine Cut Egg Noodles,High Mark,280g,3.09,"Rice, Pasta & Noodles"
new_world_newmarket_5019201-EA-000,51ee2a79-4693-410c-9287-66940847736d,New World Newmarket,New World,Central Auckland,5019201-EA-000,Hokkien Noodles Twin Pack,Pams,2 x 200g,3.09,"Rice, Pasta & Noodles"
new_world_newmarket_5280130-EA-000,51ee2a79-4693-410c-9287-66940847736d,New World Newmarket,New World,Central Auckland,5280130-EA-000,Buldak Carbonara Hot Chicken Ramen Noodles,Samyang,5 x 130g,12.79,"Rice, Pasta & Noodles"
new_world_newmarket_5094361-EA-000,51ee2a79-4693-410c-9287-66940847736d,New World Newmarket,New World,Central Auckland,5094361-EA-000,Jin Ramen Mild Noodle Soup,Otoki,65g,2.19,"Rice, Pasta & Noodles"
new_world_newmarket_5253589-EA-000,51ee2a79-4693-410c-9287-66940847736d,New World Newmarket,New World,Central Auckland,5253589-EA-000,Mild Multi Jin Ramen Noodles,Otoki,5 x 120g,8.59,"Rice, Pasta & Noodles"
new_world_newmarket_5023884-EA-000,51ee2a79-4693-410c-9287-66940847736d,New World Newmarket,New World,Central Auckland,5023884-EA-000,Snack Ramen Noodles Cup,Ottogi,62g,2.19,"Rice, Pasta & Noodles"
new_world_newmarket_5253593-EA-000,51ee2a79-4693-410c-9287-66940847736d,New World Newmarket,New World,Central Auckland,5253593-EA-000,Spicy Multi Jin Ramen Noodles,Otoki,5 x 120g,8.59,"Rice, Pasta & Noodles"
new_world_newmarket_5343765-EA-000,51ee2a79-4693-410c-9287-66940847736d,New World Newmarket,New World,Central Auckland,5343765-EA-000,Rolled Oats,Pams,1.5kg,4.89,"Breakfast Cereals, Oats & Spreads"
new_world_newmarket_5343766-EA-000,51ee2a79-4693-410c-9287-66940847736d,New World Newmarket,New World,Central Auckland,5343766-EA-000,Rolled Oats,Pams,750g,2.49,"Breakfast Cereals, Oats & Spreads"
new_world_newmarket_5011855-EA-000,51ee2a79-4693-410c-9287-66940847736d,New World Newmarket,New World,Central Auckland,5011855-EA-000,Rolled Oats,Harraways,1.5kg,7.79,"Breakfast Cereals, Oats & Spreads"
new_world_newmarket_5011507-EA-000,51ee2a79-4693-410c-9287-66940847736d,New World Newmarket,New World,Central Auckland,5011507-EA-000,Rolled Oats,Harraways,800g,5.49,"Breakfast Cereals, Oats & Spreads"
new_world_newmarket_5016454-EA-000,51ee2a79-4693-410c-9287-66940847736d,New World Newmarket,New World,Central Auckland,5016454-EA-000,Wholegrain Oats,Pams,1kg,3.89,"Bread, Wraps & Bakery"
new_world_newmarket_5302626-EA-000,51ee2a79-4693-410c-9287-66940847736d,New World Newmarket,New World,Central Auckland,5302626-EA-000,Cocoa Puffs Breakfast Cereal,Pams,500g,3.99,"Breakfast Cereals, Oats & Spreads"
new_world_newmarket_5291355-EA-000,51ee2a79-4693-410c-9287-66940847736d,New World Newmarket,New World,Central Auckland,5291355-EA-000,Light & Right Peach Breakfast Cereal,Hubbards,450g,8.49,"Breakfast Cereals, Oats & Spreads"
new_world_newmarket_5003838-EA-000,51ee2a79-4693-410c-9287-66940847736d,New World Newmarket,New World,Central Auckland,5003838-EA-000,Rice Snaps,Pams,460g,3.19,"Rice, Pasta & Noodles"
new_world_newmarket_5007312-EA-000,51ee2a79-4693-410c-9287-66940847736d,New World Newmarket,New World,Central Auckland,5007312-EA-000,Sultana Bran Breakfast Cereal,Kellogg's,420g,8.79,"Breakfast Cereals, Oats & Spreads"
new_world_newmarket_5023131-EA-000,51ee2a79-4693-410c-9287-66940847736d,New World Newmarket,New World,Central Auckland,5023131-EA-000,Nuts & Seeds Muesli,Pams,650g,4.59,"Breakfast Cereals, Oats & Spreads"
new_world_newmarket_5002800-EA-000,51ee2a79-4693-410c-9287-66940847736d,New World Newmarket,New World,Central Auckland,5002800-EA-000,Breakfast Cereal,Sanitarium Weet-Bix,750g,6.99,"Breakfast Cereals, Oats & Spreads"
new_world_newmarket_5035008-EA-000,51ee2a79-4693-410c-9287-66940847736d,New World Newmarket,New World,Central Auckland,5035008-EA-000,Breakfast Cereal,Sanitarium Weet-Bix,1.2kg,9.49,"Breakfast Cereals, Oats & Spreads"
new_world_newmarket_5002799-EA-000,51ee2a79-4693-410c-9287-66940847736d,New World Newmarket,New World,Central Auckland,5002799-EA-000,Breakfast Cereal,Sanitarium Weet-Bix,375g,4.99,"Breakfast Cereals, Oats & Spreads"
new_world_newmarket_5032006-EA-000,51ee2a79-4693-410c-9287-66940847736d,New World Newmarket,New World,Central Auckland,5032006-EA-000,Gluten Free Breakfast Cereal,Sanitarium Weet-Bix,375g,7.79,"Breakfast Cereals, Oats & Spreads"
new_world_newmarket_5014712-EA-000,51ee2a79-4693-410c-9287-66940847736d,New World Newmarket,New World,Central Auckland,5014712-EA-000,Wild Berry Bites Breakfast Cereal,Sanitarium Weet-Bix,500g,8.49,"Breakfast Cereals, Oats & Spreads"
new_world_newmarket_5009506-EA-000,51ee2a79-4693-410c-9287-66940847736d,New World Newmarket,New World,Central Auckland,5009506-EA-000,Supersoft White Toast Bread,Tip Top,700g,4.29,"Bread, Wraps & Bakery"
new_world_newmarket_5013058-EA-000,51ee2a79-4693-410c-9287-66940847736d,New World Newmarket,New World,Central Auckland,5013058-EA-000,White Toast Bread,Sunny Crust,600g,2.82,"Bread, Wraps & Bakery"
new_world_newmarket_5026067-EA-000,51ee2a79-4693-410c-9287-66940847736d,New World Newmarket,New World,Central Auckland,5026067-EA-000,White Toast Bread,Nature's Fresh,700g,4.21,"Bread, Wraps & Bakery"
new_world_newmarket_5026013-EA-000,51ee2a79-4693-410c-9287-66940847736d,New World Newmarket,New World,Central Auckland,5026013-EA-000,White Super Thick Toast Bread,Nature's Fresh,700g,4.21,"Bread, Wraps & Bakery"
new_world_newmarket_5015312-EA-000,51ee2a79-4693-410c-9287-66940847736d,New World Newmarket,New World,Central Auckland,5015312-EA-000,White Toast Sliced Bread,North's,600g,2.89,"Bread, Wraps & Bakery"
new_world_newmarket_5338629-EA-000,51ee2a79-4693-410c-9287-66940847736d,New World Newmarket,New World,Central Auckland,5338629-EA-000,Glorious Grains Original Wholegrain Bread,Ploughmans Bakery,700g,4.39,"Bread, Wraps & Bakery"
new_world_newmarket_5350985-EA-000,51ee2a79-4693-410c-9287-66940847736d,New World Newmarket,New World,Central Auckland,5350985-EA-000,Supersoft Gluten Free Smooth Wholegrain Bread,Tip Top,550g,8.09,"Bread, Wraps & Bakery"
new_world_newmarket_5016678-EA-000,51ee2a79-4693-410c-9287-66940847736d,New World Newmarket,New World,Central Auckland,5016678-EA-000,Wraps Premium White,Farrah's,6pk,6.99,"Bread, Wraps & Bakery"
new_world_newmarket_5200051-EA-000,51ee2a79-4693-410c-9287-66940847736d,New World Newmarket,New World,Central Auckland,5200051-EA-000,Flame Baked Taco Tortillas,Farrah's,12pk,6.99,"Bread, Wraps & Bakery"
new_world_newmarket_5200052-EA-000,51ee2a79-4693-410c-9287-66940847736d,New World Newmarket,New World,Central Auckland,5200052-EA-000,Flame Baked Tortillas,Farrah's,10pk,6.99,"Bread, Wraps & Bakery"
new_world_newmarket_5016680-EA-000,51ee2a79-4693-410c-9287-66940847736d,New World Newmarket,New World,Central Auckland,5016680-EA-000,Multigrain Wraps,Farrah's,6pk,6.99,"Bread, Wraps & Bakery"
new_world_newmarket_5269394-EA-000,51ee2a79-4693-410c-9287-66940847736d,New World Newmarket,New World,Central Auckland,5269394-EA-000,White Wraps,Pams,8pk,4.69,"Bread, Wraps & Bakery"
new_world_newmarket_5029901-EA-000,51ee2a79-4693-410c-9287-66940847736d,New World Newmarket,New World,Central Auckland,5029901-EA-000,Garlic Flavour Pita Breads,Giannis,8pk,4.49,"Bread, Wraps & Bakery"
new_world_newmarket_5008178-EA-000,51ee2a79-4693-410c-9287-66940847736d,New World Newmarket,New World,Central Auckland,5008178-EA-000,Original Pita Bread,Danny's,5pk,6.09,"Bread, Wraps & Bakery"
new_world_newmarket_5028784-EA-000,51ee2a79-4693-410c-9287-66940847736d,New World Newmarket,New World,Central Auckland,5028784-EA-000,Wholemeal Pita Breads,Giannis,8pk,4.49,"Bread, Wraps & Bakery"
new_world_newmarket_5012659-EA-000,51ee2a79-4693-410c-9287-66940847736d,New World Newmarket,New World,Central Auckland,5012659-EA-000,Mini Original Pita Bread,Danny's,8pk,5.99,"Bread, Wraps & Bakery"
new_world_newmarket_5016467-EA-000,51ee2a79-4693-410c-9287-66940847736d,New World Newmarket,New World,Central Auckland,5016467-EA-000,Original Pita Bread,Danny's,8pk,5.99,"Bread, Wraps & Bakery"
new_world_newmarket_5009507-EA-000,51ee2a79-4693-410c-9287-66940847736d,New World Newmarket,New World,Central Auckland,5009507-EA-000,Supersoft Burger Buns,Tip Top,6pk,4.89,"Bread, Wraps & Bakery"
new_world_newmarket_5121946-EA-000,51ee2a79-4693-410c-9287-66940847736d,New World Newmarket,New World,Central Auckland,5121946-EA-000,Plain White Rolls,,6pk,3.89,"Bread, Wraps & Bakery"
new_world_newmarket_5118178-EA-000,51ee2a79-4693-410c-9287-66940847736d,New World Newmarket,New World,Central Auckland,5118178-EA-000,Ciabatta Buns,,6pk,6.49,"Bread, Wraps & Bakery"
new_world_newmarket_5323567-EA-000,51ee2a79-4693-410c-9287-66940847736d,New World Newmarket,New World,Central Auckland,5323567-EA-000,Brioche Style Burger Buns,Pams,6pk,5.62,"Bread, Wraps & Bakery"
new_world_newmarket_5104805-EA-000,51ee2a79-4693-410c-9287-66940847736d,New World Newmarket,New World,Central Auckland,5104805-EA-000,Round Cheese Rolls,,6pk,3.99,"Cheese, Butter & Yoghurt"
new_world_newmarket_5003829-EA-000,51ee2a79-4693-410c-9287-66940847736d,New World Newmarket,New World,Central Auckland,5003829-EA-000,Pure Plain Flour,Pams,1.5kg,2.0,"Flour, Sugar & Baking"
new_world_newmarket_5003830-EA-000,51ee2a79-4693-410c-9287-66940847736d,New World Newmarket,New World,Central Auckland,5003830-EA-000,Pure Plain Flour,Pams,5kg,6.79,"Flour, Sugar & Baking"
new_world_newmarket_5027521-EA-000,51ee2a79-4693-410c-9287-66940847736d,New World Newmarket,New World,Central Auckland,5027521-EA-000,Gluten Free Plain Flour,Edmonds,750g,6.59,"Flour, Sugar & Baking"
new_world_newmarket_5327096-EA-000,51ee2a79-4693-410c-9287-66940847736d,New World Newmarket,New World,Central Auckland,5327096-EA-000,Gluten Free Plain Flour,Pams,750g,5.49,"Flour, Sugar & Baking"
new_world_newmarket_5003844-EA-000,51ee2a79-4693-410c-9287-66940847736d,New World Newmarket,New World,Central Auckland,5003844-EA-000,Self Raising Flour,Pams,1.5kg,2.4,"Flour, Sugar & Baking"
new_world_newmarket_5286792-EA-000,51ee2a79-4693-410c-9287-66940847736d,New World Newmarket,New World,Central Auckland,5286792-EA-000,Self Raising Flour,Edmonds,1.5kg,4.29,"Flour, Sugar & Baking"
new_world_newmarket_5027519-EA-000,51ee2a79-4693-410c-9287-66940847736d,New World Newmarket,New World,Central Auckland,5027519-EA-000,Gluten Free Self Raising Flour,Edmonds,750g,6.59,"Flour, Sugar & Baking"
new_world_newmarket_5327097-EA-000,51ee2a79-4693-410c-9287-66940847736d,New World Newmarket,New World,Central Auckland,5327097-EA-000,Gluten Free Self Raising Flour,Pams,750g,5.49,"Flour, Sugar & Baking"
new_world_newmarket_5003885-EA-000,51ee2a79-4693-410c-9287-66940847736d,New World Newmarket,New World,Central Auckland,5003885-EA-000,White Sugar,Pams,1.5kg,3.44,"Flour, Sugar & Baking"
new_world_newmarket_5002752-EA-000,51ee2a79-4693-410c-9287-66940847736d,New World Newmarket,New World,Central Auckland,5002752-EA-000,White Sugar,Chelsea,500g,2.49,"Flour, Sugar & Baking"
new_world_newmarket_5002760-EA-000,51ee2a79-4693-410c-9287-66940847736d,New World Newmarket,New World,Central Auckland,5002760-EA-000,White Sugar,Chelsea,1.5kg,4.69,"Flour, Sugar & Baking"
new_world_newmarket_5020337-EA-000,51ee2a79-4693-410c-9287-66940847736d,New World Newmarket,New World,Central Auckland,5020337-EA-000,White Sugar,Pams,500g,2.49,"Flour, Sugar & Baking"
new_world_newmarket_5004782-EA-000,51ee2a79-4693-410c-9287-66940847736d,New World Newmarket,New World,Central Auckland,5004782-EA-000,White Sugar,Pams,3kg,6.99,"Flour, Sugar & Baking"
new_world_newmarket_5003683-EA-000,51ee2a79-4693-410c-9287-66940847736d,New World Newmarket,New World,Central Auckland,5003683-EA-000,Soft Brown Sugar,Pams,1kg,2.65,"Flour, Sugar & Baking"
new_world_newmarket_5002762-EA-000,51ee2a79-4693-410c-9287-66940847736d,New World Newmarket,New World,Central Auckland,5002762-EA-000,Soft Brown Sugar,Chelsea,500g,2.49,"Flour, Sugar & Baking"
new_world_newmarket_5002763-EA-000,51ee2a79-4693-410c-9287-66940847736d,New World Newmarket,New World,Central Auckland,5002763-EA-000,Soft Brown Sugar,Chelsea,1kg,4.39,"Flour, Sugar & Baking"
new_world_newmarket_5020639-EA-000,51ee2a79-4693-410c-9287-66940847736d,New World Newmarket,New World,Central Auckland,5020639-EA-000,Mini Frozen Hash Browns,Pams,750g,4.34,Frozen Foods
new_world_newmarket_5024616-EA-000,51ee2a79-4693-410c-9287-66940847736d,New World Newmarket,New World,Central Auckland,5024616-EA-000,Oats Brown Sugar Flavour & Cinnamon Quick Sachets,Uncle Tobys,10 x 35g,6.39,"Breakfast Cereals, Oats & Spreads"
new_world_newmarket_5003694-EA-000,51ee2a79-4693-410c-9287-66940847736d,New World Newmarket,New World,Central Auckland,5003694-EA-000,Canola Oil,Pams,2l,7.99,Cooking Oils & Vinegars
new_world_newmarket_5003695-EA-000,51ee2a79-4693-410c-9287-66940847736d,New World Newmarket,New World,Central Auckland,5003695-EA-000,Canola Oil,Pams,500ml,2.09,Cooking Oils & Vinegars
new_world_newmarket_5214672-EA-000,51ee2a79-4693-410c-9287-66940847736d,New World Newmarket,New World,Central Auckland,5214672-EA-000,Canola Oil,Pams Value,3l,12.39,Cooking Oils & Vinegars
new_world_newmarket_5012158-EA-000,51ee2a79-4693-410c-9287-66940847736d,New World Newmarket,New World,Central Auckland,5012158-EA-000,Canola Oil,Sunfield,500ml,4.99,Cooking Oils & Vinegars
new_world_albany_5045856-KGM-000,773ad0a0-024e-46c5-a94b-df1cf86d25cc,New World Albany,New World,North Shore,5045856-KGM-000,Brown Onions,,kg,2.79,Fresh Vegetables
new_world_albany_5264187-EA-000,773ad0a0-024e-46c5-a94b-df1cf86d25cc,New World Albany,New World,North Shore,5264187-EA-000,Brown Onions,Pams,1.5kg,4.59,Fresh Vegetables
new_world_albany_5223140-KGM-000,773ad0a0-024e-46c5-a94b-df1cf86d25cc,New World Albany,New World,North Shore,5223140-KGM-000,Peeled Red Onions,,kg,6.99,Fresh Vegetables
new_world_albany_5040009-EA-000,773ad0a0-024e-46c5-a94b-df1cf86d25cc,New World Albany,New World,North Shore,5040009-EA-000,Spring Onions,,ea,3.29,Fresh Vegetables
new_world_albany_5009708-EA-000,773ad0a0-024e-46c5-a94b-df1cf86d25cc,New World Albany,New World,North Shore,5009708-EA-000,Onion Soup Mix Sachet,Maggi,32g,1.59,Fresh Vegetables
new_world_albany_5045849-KGM-000,773ad0a0-024e-46c5-a94b-df1cf86d25cc,New World Albany,New World,North Shore,5045849-KGM-000,White Washed Potatoes,,kg,3.79,Fresh Vegetables
new_world_albany_5045841-KGM-000,773ad0a0-024e-46c5-a94b-df1cf86d25cc,New World Albany,New World,North Shore,5045841-KGM-000,Yellow Agria Potatoes,,kg,4.49,Fresh Vegetables
new_world_albany_5264181-EA-000,773ad0a0-024e-46c5-a94b-df1cf86d25cc,New World Albany,New World,North Shore,5264181-EA-000,Washed Agria Potatoes,Pams,2kg,9.99,Fresh Vegetables
new_world_albany_5264173-EA-000,773ad0a0-024e-46c5-a94b-df1cf86d25cc,New World Albany,New World,North Shore,5264173-EA-000,Washed Roasting & Mashing Potatoes,Pams,2.5kg,10.49,Fresh Vegetables
new_world_albany_5264180-EA-000,773ad0a0-024e-46c5-a94b-df1cf86d25cc,New World Albany,New World,North Shore,5264180-EA-000,Brushed Agria Potatoes,Pams,3kg,11.99,Fresh Vegetables
new_world_albany_5046565-KGM-000,773ad0a0-024e-46c5-a94b-df1cf86d25cc,New World Albany,New World,North Shore,5046565-KGM-000,Loose Garlic,,kg,25.99,Fresh Vegetables
new_world_albany_5008899-EA-000,773ad0a0-024e-46c5-a94b-df1cf86d25cc,New World Albany,New World,North Shore,5008899-EA-000,Crushed Garlic,Pams,230g,2.49,Fresh Vegetables
new_world_albany_5046145-EA-000,773ad0a0-024e-46c5-a94b-df1cf86d25cc,New World Albany,New World,North Shore,5046145-EA-000,Garlic,,7pk,2.99,Fresh Vegetables
new_world_albany_5241730-EA-000,773ad0a0-024e-46c5-a94b-df1cf86d25cc,New World Albany,New World,North Shore,5241730-EA-000,Naturals Eco Garlic Powder,Mrs Rogers,40g,2.49,Fresh Vegetables
new_world_albany_5046212-EA-000,773ad0a0-024e-46c5-a94b-df1cf86d25cc,New World Albany,New World,North Shore,5046212-EA-000,Crushed Garlic,Healthy n Fresh,380g,4.49,Fresh Vegetables
new_world_albany_5039965-KGM-000,773ad0a0-024e-46c5-a94b-df1cf86d25cc,New World Albany,New World,North Shore,5039965-KGM-000,Carrots,,kg,2.29,Fresh Vegetables
new_world_albany_5264186-EA-000,773ad0a0-024e-46c5-a94b-df1cf86d25cc,New World Albany,New World,North Shore,5264186-EA-000,Washed Carrots,Pams,1.5kg,4.69,Fresh Vegetables
new_world_albany_5245226-EA-000,773ad0a0-024e-46c5-a94b-df1cf86d25cc,New World Albany,New World,North Shore,5245226-EA-000,Beta Bites Snacking Carrots,Wilcox,250g,3.99,Fresh Vegetables
new_world_albany_5241265-EA-000,773ad0a0-024e-46c5-a94b-df1cf86d25cc,New World Albany,New World,North Shore,5241265-EA-000,Carrot Batons,Pams,300g,4.29,Fresh Vegetables
new_world_albany_5241267-EA-000,773ad0a0-024e-46c5-a94b-df1cf86d25cc,New World Albany,New World,North Shore,5241267-EA-000,Shredded Carrots,Pams,300g,4.29,Fresh Vegetables
new_world_albany_5039956-EA-000,773ad0a0-024e-46c5-a94b-df1cf86d25cc,New World Albany,New World,North Shore,5039956-EA-000,Broccoli,,ea,1.79,Fresh Vegetables
new_world_albany_5026158-EA-000,773ad0a0-024e-46c5-a94b-df1cf86d25cc,New World Albany,New World,North Shore,5026158-EA-000,Broccoli,McCain,500g,3.99,Fresh Vegetables
new_world_albany_5046507-EA-000,773ad0a0-024e-46c5-a94b-df1cf86d25cc,New World Albany,New World,North Shore,5046507-EA-000,Cauliflower Half,,ea,3.29,Fresh Vegetables
new_world_albany_5039966-EA-000,773ad0a0-024e-46c5-a94b-df1cf86d25cc,New World Albany,New World,North Shore,5039966-EA-000,Cauliflower,,ea,4.99,Fresh Vegetables
new_world_albany_5012239-EA-000,773ad0a0-024e-46c5-a94b-df1cf86d25cc,New World Albany,New World,North Shore,5012239-EA-000,Broccoli & Cauliflower Medley,Wattie's,650g,5.99,Fresh Vegetables
new_world_albany_5040098-KGM-000,773ad0a0-024e-46c5-a94b-df1cf86d25cc,New World Albany,New World,North Shore,5040098-KGM-000,Loose Red Tomatoes,,kg,13.99,Fresh Vegetables
new_world_albany_5040099-KGM-000,773ad0a0-024e-46c5-a94b-df1cf86d25cc,New World Albany,New World,North Shore,5040099-KGM-000,Red Truss Tomatoes,,kg,13.99,Fresh Vegetables
new_world_albany_5040543-EA-000,773ad0a0-024e-46c5-a94b-df1cf86d25cc,New World Albany,New World,North Shore,5040543-EA-000,Angel Naturally Sweet Tomatoes,Beekist,200g,6.99,Fresh Vegetables
new_world_albany_5259530-EA-000,773ad0a0-024e-46c5-a94b-df1cf86d25cc,New World Albany,New World,North Shore,5259530-EA-000,Classic Tomatoes.,Sunburst,200g,6.99,Fresh Vegetables
new_world_albany_5046412-EA-000,773ad0a0-024e-46c5-a94b-df1cf86d25cc,New World Albany,New World,North Shore,5046412-EA-000,Vine Tomatoes,Campari,300g,9.99,Fresh Vegetables
new_world_albany_5040464-EA-000,773ad0a0-024e-46c5-a94b-df1cf86d25cc,New World Albany,New World,North Shore,5040464-EA-000,Baby Spinach,Pams,120g,4.29,Fresh Vegetables
new_world_albany_5331778-EA-000,773ad0a0-024e-46c5-a94b-df1cf86d25cc,New World Albany,New World,North Shore,5331778-EA-000,Baby Spinach,Pams,300g,6.49,Fresh Vegetables
new_world_albany_5040743-EA-000,773ad0a0-024e-46c5-a94b-df1cf86d25cc,New World Albany,New World,North Shore,5040743-EA-000,Spinach,Pams,ea,5.49,Fresh Vegetables
new_world_albany_5299185-EA-000,773ad0a0-024e-46c5-a94b-df1cf86d25cc,New World Albany,New World,North Shore,5299185-EA-000,Chopped Leaf Spinach,Pams,500g,3.49,Fresh Vegetables
new_world_albany_5046509-EA-000,773ad0a0-024e-46c5-a94b-df1cf86d25cc,New World Albany,New World,North Shore,5046509-EA-000,Celery Half,,ea,2.29,Fresh Vegetables
new_world_albany_5303543-EA-000,773ad0a0-024e-46c5-a94b-df1cf86d25cc,New World Albany,New World,North Shore,5303543-EA-000,Iceberg Lettuce,Pams,1pk,3.99,Fresh Vegetables
new_world_albany_5039990-EA-000,773ad0a0-024e-46c5-a94b-df1cf86d25cc,New World Albany,New World,North Shore,5039990-EA-000,Bagged Iceberg Lettuce,,ea,3.99,Fresh Vegetables
new_world_albany_5303544-EA-000,773ad0a0-024e-46c5-a94b-df1cf86d25cc,New World Albany,New World,North Shore,5303544-EA-000,Baby Cos Lettuce,Pams,2pk,3.49,Fresh Vegetables
new_world_albany_5040462-EA-000,773ad0a0-024e-46c5-a94b-df1cf86d25cc,New World Albany,New World,North Shore,5040462-EA-000,Baby Leaf Lettuce,Pams,100g,4.29,Fresh Vegetables
new_world_albany_5040461-EA-000,773ad0a0-024e-46c5-a94b-df1cf86d25cc,New World Albany,New World,North Shore,5040461-EA-000,Baby Cos Lettuce,Pams Fresh,120g,4.49,Fresh Vegetables
new_world_albany_5028889-EA-000,773ad0a0-024e-46c5-a94b-df1cf86d25cc,New World Albany,New World,North Shore,5028889-EA-000,Telegraph Cucumber,,ea,3.49,Fresh Vegetables
new_world_albany_5046503-EA-000,773ad0a0-024e-46c5-a94b-df1cf86d25cc,New World Albany,New World,North Shore,5046503-EA-000,Red Capsicum,,ea,3.99,Fresh Vegetables
new_world_albany_5046504-EA-000,773ad0a0-024e-46c5-a94b-df1cf86d25cc,New World Albany,New World,North Shore,5046504-EA-000,Yellow Capsicum,,ea,4.49,Fresh Vegetables
new_world_albany_5046533-KGM-000,773ad0a0-024e-46c5-a94b-df1cf86d25cc,New World Albany,New World,North Shore,5046533-KGM-000,White Button Mushrooms,,kg,12.99,Fresh Vegetables
new_world_albany_5326590-EA-000,773ad0a0-024e-46c5-a94b-df1cf86d25cc,New World Albany,New World,North Shore,5326590-EA-000,White Button Mushrooms,Pams,400g,4.99,Fresh Vegetables
new_world_albany_5294812-EA-000,773ad0a0-024e-46c5-a94b-df1cf86d25cc,New World Albany,New World,North Shore,5294812-EA-000,White Button Mushrooms,Meadow Mushrooms,200g,4.89,Fresh Vegetables
new_world_albany_5040006-KGM-000,773ad0a0-024e-46c5-a94b-df1cf86d25cc,New World Albany,New World,North Shore,5040006-KGM-000,Portabello Flat Mushrooms,,kg,15.99,Fresh Vegetables
new_world_albany_5047091-EA-000,773ad0a0-024e-46c5-a94b-df1cf86d25cc,New World Albany,New World,North Shore,5047091-EA-000,Swiss Brown Mushrooms,,200g,4.89,Fresh Vegetables
new_world_albany_5046505-EA-000,773ad0a0-024e-46c5-a94b-df1cf86d25cc,New World Albany,New World,North Shore,5046505-EA-000,Green Capsicum,,ea,4.19,Fresh Vegetables
new_world_albany_5046525-KGM-000,773ad0a0-024e-46c5-a94b-df1cf86d25cc,New World Albany,New World,North Shore,5046525-KGM-000,Royal Gala Apples,,kg,5.49,Fresh Fruit
new_world_albany_5045864-KGM-000,773ad0a0-024e-46c5-a94b-df1cf86d25cc,New World Albany,New World,North Shore,5045864-KGM-000,Rose Apples,,kg,5.49,Fresh Fruit
new_world_albany_5039945-KGM-000,773ad0a0-024e-46c5-a94b-df1cf86d25cc,New World Albany,New World,North Shore,5039945-KGM-000,Granny Smith Apples,,kg,4.89,Fresh Fruit
new_world_albany_5040702-EA-000,773ad0a0-024e-46c5-a94b-df1cf86d25cc,New World Albany,New World,North Shore,5040702-EA-000,Royal Gala Apples,Yummy Fruit,1.5kg,7.79,Fresh Fruit
new_world_albany_5040539-EA-000,773ad0a0-024e-46c5-a94b-df1cf86d25cc,New World Albany,New World,North Shore,5040539-EA-000,Jazz Apples,,1.5kg,7.99,Fresh Fruit
new_world_albany_5046542-KGM-000,773ad0a0-024e-46c5-a94b-df1cf86d25cc,New World Albany,New World,North Shore,5046542-KGM-000,Bananas,,kg,3.79,Fresh Fruit
new_world_albany_5007770-EA-000,773ad0a0-024e-46c5-a94b-df1cf86d25cc,New World Albany,New World,North Shore,5007770-EA-000,Bobby Bananas Bunch,Dole,ea,4.49,Fresh Fruit
new_world_albany_5040730-EA-000,773ad0a0-024e-46c5-a94b-df1cf86d25cc,New World Albany,New World,North Shore,5040730-EA-000,Fairtrade Bananas,,1pk,5.29,Fresh Fruit
new_world_albany_5087710-EA-000,773ad0a0-024e-46c5-a94b-df1cf86d25cc,New World Albany,New World,North Shore,5087710-EA-000,Organic Fairtrade Bananas,,ea,5.29,Fresh Fruit
new_world_albany_5205142-EA-000,773ad0a0-024e-46c5-a94b-df1cf86d25cc,New World Albany,New World,North Shore,5205142-EA-000,Spinach Apple Blueberry & Banana Vege Fruit Sticks,Mother Earth,152g,3.89,Fresh Fruit
new_world_albany_5046549-KGM-000,773ad0a0-024e-46c5-a94b-df1cf86d25cc,New World Albany,New World,North Shore,5046549-KGM-000,Navel Oranges NZ,,kg,4.99,Fresh Fruit
new_world_albany_5040012-EA-000,773ad0a0-024e-46c5-a94b-df1cf86d25cc,New World Albany,New World,North Shore,5040012-EA-000,Navel Oranges,Pams,1.5kg,6.99,Fresh Fruit
new_world_albany_5040011-KGM-000,773ad0a0-024e-46c5-a94b-df1cf86d25cc,New World Albany,New World,North Shore,5040011-KGM-000,Orange Kumara,,kg,5.49,Fresh Fruit
new_world_albany_5046917-KGM-000,773ad0a0-024e-46c5-a94b-df1cf86d25cc,New World Albany,New World,North Shore,5046917-KGM-000,Imported Mandarins,,kg,5.49,Fresh Fruit
new_world_albany_5046477-KGM-000,773ad0a0-024e-46c5-a94b-df1cf86d25cc,New World Albany,New World,North Shore,5046477-KGM-000,Lemons,,kg,4.99,Fresh Fruit
new_world_albany_5203150-EA-000,773ad0a0-024e-46c5-a94b-df1cf86d25cc,New World Albany,New World,North Shore,5203150-EA-000,Lemon Baking Juice,Pams,250ml,2.39,Fresh Fruit
new_world_albany_5031941-EA-000,773ad0a0-024e-46c5-a94b-df1cf86d25cc,New World Albany,New World,North Shore,5031941-EA-000,Lemon Honey Ginger Fruit Juice,The Homegrown Juice Company,1l,5.39,"Breakfast Cereals, Oats & Spreads"
new_world_albany_5345885-EA-000,773ad0a0-024e-46c5-a94b-df1cf86d25cc,New World Albany,New World,North Shore,5345885-EA-000,Rocketslaw Salad with Creamy Lemon Mayonnaise,Salad,350g,6.19,Fresh Fruit
new_world_albany_5016196-EA-000,773ad0a0-024e-46c5-a94b-df1cf86d25cc,New World Albany,New World,North Shore,5016196-EA-000,Lemon Delicious Yoghurt,Puhoi Valley,450g,6.59,"Cheese, Butter & Yoghurt"
new_world_albany_5312786-EA-000,773ad0a0-024e-46c5-a94b-df1cf86d25cc,New World Albany,New World,North Shore,5312786-EA-000,Mixed Berry,Fruzio,750g,11.49,Fresh Fruit
new_world_albany_5310065-EA-000,773ad0a0-024e-46c5-a94b-df1cf86d25cc,New World Albany,New World,North Shore,5310065-EA-000,Five Berry Medley,Fruzio,750g,12.49,Fresh Fruit
new_world_albany_5004944-EA-000,773ad0a0-024e-46c5-a94b-df1cf86d25cc,New World Albany,New World,North Shore,5004944-EA-000,Mixed Berries,Pams,500g,7.39,Fresh Fruit
new_world_albany_5020153-EA-000,773ad0a0-024e-46c5-a94b-df1cf86d25cc,New World Albany,New World,North Shore,5020153-EA-000,Mixed Berries,Oob Organic,450g,10.39,Fresh Fruit
new_world_albany_5295357-EA-000,773ad0a0-024e-46c5-a94b-df1cf86d25cc,New World Albany,New World,North Shore,5295357-EA-000,Mixed Berries,Serious Organic,400g,8.99,Fresh Fruit
new_world_albany_5105651-KGM-000,773ad0a0-024e-46c5-a94b-df1cf86d25cc,New World Albany,New World,North Shore,5105651-KGM-000,Skinless Chicken Breast,,kg,12.99,Chicken & Poultry
new_world_albany_5221711-EA-000,773ad0a0-024e-46c5-a94b-df1cf86d25cc,New World Albany,New World,North Shore,5221711-EA-000,Boneless Skinless Chicken Breast,Pams Free Range,400g,9.99,Chicken & Poultry
new_world_albany_5275873-KGM-000,773ad0a0-024e-46c5-a94b-df1cf86d25cc,New World Albany,New World,North Shore,5275873-KGM-000,Fresh Free Range Skinless Chicken Breast Tray Pack,Bird & Barrow,kg,25.49,Chicken & Poultry
new_world_albany_5113040-KGM-000,773ad0a0-024e-46c5-a94b-df1cf86d25cc,New World Albany,New World,North Shore,5113040-KGM-000,NZ Chicken Tenderloins,,kg,23.49,Chicken & Poultry
new_world_albany_5221708-EA-000,773ad0a0-024e-46c5-a94b-df1cf86d25cc,New World Albany,New World,North Shore,5221708-EA-000,Boneless Skinless Chicken Thighs,Pams Free Range,400g,10.99,Chicken & Poultry
new_world_albany_5115633-KGM-000,773ad0a0-024e-46c5-a94b-df1cf86d25cc,New World Albany,New World,North Shore,5115633-KGM-000,NZ Skinless Chicken Thigh Fillet,,kg,27.49,Chicken & Poultry
new_world_albany_5108515-KGM-000,773ad0a0-024e-46c5-a94b-df1cf86d25cc,New World Albany,New World,North Shore,5108515-KGM-000,NZ Chicken Thigh Bone in Cutlets,,kg,17.69,Chicken & Poultry
new_world_albany_5275879-KGM-000,773ad0a0-024e-46c5-a94b-df1cf86d25cc,New World Albany,New World,North Shore,5275879-KGM-000,Free Range Skinless Chicken Thigh Fillet Tray Pack,Bird & Barrow,kg,30.49,Chicken & Poultry
new_world_albany_5105213-KGM-000,773ad0a0-024e-46c5-a94b-df1cf86d25cc,New World Albany,New World,North Shore,5105213-KGM-000,NZ Chicken Drumsticks,,kg,8.49,Chicken & Poultry
new_world_albany_5100208-KGM-000,773ad0a0-024e-46c5-a94b-df1cf86d25cc,New World Albany,New World,North Shore,5100208-KGM-000,Chicken Nibbles,,kg,13.69,Chicken & Poultry
new_world_albany_5103529-KGM-000,773ad0a0-024e-46c5-a94b-df1cf86d25cc,New World Albany,New World,North Shore,5103529-KGM-000,NZ Chicken Drumsticks,,kg,8.49,Chicken & Poultry
new_world_albany_5102903-KGM-000,773ad0a0-024e-46c5-a94b-df1cf86d25cc,New World Albany,New World,North Shore,5102903-KGM-000,NZ Chicken Legs,,kg,12.79,Chicken & Poultry
new_world_albany_5101579-EA-000,773ad0a0-024e-46c5-a94b-df1cf86d25cc,New World Albany,New World,North Shore,5101579-EA-000,Free Range Fresh Chicken Nibbles,Turk's,1kg,14.49,Chicken & Poultry
new_world_albany_5041957-EA-000,773ad0a0-024e-46c5-a94b-df1cf86d25cc,New World Albany,New World,North Shore,5041957-EA-000,Free Range Whole Chicken,Waitoa,1.5kg,17.75,Chicken & Poultry
new_world_albany_5028347-EA-000,773ad0a0-024e-46c5-a94b-df1cf86d25cc,New World Albany,New World,North Shore,5028347-EA-000,Whole Chicken with Garden Herbs Stuffing,Waitoa,1.5kg,17.75,Chicken & Poultry
new_world_albany_5004502-EA-000,773ad0a0-024e-46c5-a94b-df1cf86d25cc,New World Albany,New World,North Shore,5004502-EA-000,Frozen Whole Chicken,Ingham's,850g,8.19,Frozen Foods
new_world_albany_5322808-EA-000,773ad0a0-024e-46c5-a94b-df1cf86d25cc,New World Albany,New World,North Shore,5322808-EA-000,Free Range Oven Ready Sage & Onion Roast Fresh Chicken,Tegel,1.5kg,18.99,Chicken & Poultry
new_world_albany_5007056-EA-000,773ad0a0-024e-46c5-a94b-df1cf86d25cc,New World Albany,New World,North Shore,5007056-EA-000,Frozen Whole Chicken,Ingham's,2.3kg,14.59,Frozen Foods
new_world_albany_5101189-KGM-000,773ad0a0-024e-46c5-a94b-df1cf86d25cc,New World Albany,New World,North Shore,5101189-KGM-000,NZ Premium Beef Mince,,kg,23.99,Beef & Lamb
new_world_albany_5125914-KGM-000,773ad0a0-024e-46c5-a94b-df1cf86d25cc,New World Albany,New World,North Shore,5125914-KGM-000,NZ Beef Prime Mince,,kg,26.99,Beef & Lamb
new_world_albany_5104061-KGM-000,773ad0a0-024e-46c5-a94b-df1cf86d25cc,New World Albany,New World,North Shore,5104061-KGM-000,NZ Diced Beef,,kg,31.99,Beef & Lamb
new_world_albany_5230106-EA-000,773ad0a0-024e-46c5-a94b-df1cf86d25cc,New World Albany,New World,North Shore,5230106-EA-000,Wagyu Beef Meatballs,First Light,400g,13.49,Beef & Lamb
new_world_albany_5252613-EA-000,773ad0a0-024e-46c5-a94b-df1cf86d25cc,New World Albany,New World,North Shore,5252613-EA-000,Beef Smash Burgers,Harmony,400g,12.49,Beef & Lamb
new_world_albany_5103401-KGM-000,773ad0a0-024e-46c5-a94b-df1cf86d25cc,New World Albany,New World,North Shore,5103401-KGM-000,Beef Rump Steak,,kg,36.99,Beef & Lamb
new_world_albany_5102637-KGM-000,773ad0a0-024e-46c5-a94b-df1cf86d25cc,New World Albany,New World,North Shore,5102637-KGM-000,Beef Scotch Fillet Steak,,kg,56.99,Beef & Lamb
new_world_albany_5103224-KGM-000,773ad0a0-024e-46c5-a94b-df1cf86d25cc,New World Albany,New World,North Shore,5103224-KGM-000,NZ Beef Schnitzel,,kg,23.99,Beef & Lamb
new_world_albany_5236311-KGM-000,773ad0a0-024e-46c5-a94b-df1cf86d25cc,New World Albany,New World,North Shore,5236311-KGM-000,NZ Beef Casserole Steak,,kg,32.49,Beef & Lamb
new_world_albany_5123919-KGM-000,773ad0a0-024e-46c5-a94b-df1cf86d25cc,New World Albany,New World,North Shore,5123919-KGM-000,NZ Beef Sirloin Steak,,kg,49.99,Beef & Lamb
new_world_albany_5085463-EA-000,773ad0a0-024e-46c5-a94b-df1cf86d25cc,New World Albany,New World,North Shore,5085463-EA-000,Beef Thin Sliced Roast,Farmland,100g,5.89,Beef & Lamb
new_world_albany_5101925-KGM-000,773ad0a0-024e-46c5-a94b-df1cf86d25cc,New World Albany,New World,North Shore,5101925-KGM-000,NZ Beef Topside Roast,,kg,31.49,Beef & Lamb
new_world_albany_5211781-KGM-000,773ad0a0-024e-46c5-a94b-df1cf86d25cc,New World Albany,New World,North Shore,5211781-KGM-000,Cooked Roast Beef,Farmland,kg,40.9,Beef & Lamb
new_world_albany_5115766-KGM-000,773ad0a0-024e-46c5-a94b-df1cf86d25cc,New World Albany,New World,North Shore,5115766-KGM-000,Roast Beef,Farmland,kg,36.5,Beef & Lamb
new_world_albany_5118849-KGM-000,773ad0a0-024e-46c5-a94b-df1cf86d25cc,New World Albany,New World,North Shore,5118849-KGM-000,Beef Corned Silverside,,kg,19.99,Beef & Lamb
new_world_albany_5100697-KGM-000,773ad0a0-024e-46c5-a94b-df1cf86d25cc,New World Albany,New World,North Shore,5100697-KGM-000,NZ Pork Loin Chops,,kg,16.99,Beef & Lamb
new_world_albany_5103018-KGM-000,773ad0a0-024e-46c5-a94b-df1cf86d25cc,New World Albany,New World,North Shore,5103018-KGM-000,NZ Pork Shoulder Chops,,kg,17.99,Beef & Lamb
new_world_albany_5311043-EA-000,773ad0a0-024e-46c5-a94b-df1cf86d25cc,New World Albany,New World,North Shore,5311043-EA-000,Frozen BBQ Lamb Chops,Primary Select,1.5kg,23.99,Frozen Foods
new_world_albany_5019426-EA-000,773ad0a0-024e-46c5-a94b-df1cf86d25cc,New World Albany,New World,North Shore,5019426-EA-000,Streaky Bacon,Pams,250g,6.99,Pork & Ham
new_world_albany_5037815-EA-000,773ad0a0-024e-46c5-a94b-df1cf86d25cc,New World Albany,New World,North Shore,5037815-EA-000,Streaky Bacon,Pams,500g,11.49,Pork & Ham
new_world_albany_5266366-EA-000,773ad0a0-024e-46c5-a94b-df1cf86d25cc,New World Albany,New World,North Shore,5266366-EA-000,Manuka Smoked Rasher Bacon,Hellers,800g,17.07,Pork & Ham
new_world_albany_5084510-EA-000,773ad0a0-024e-46c5-a94b-df1cf86d25cc,New World Albany,New World,North Shore,5084510-EA-000,Streaky Bacon,Pams,1kg,20.99,Pork & Ham
new_world_albany_5033086-EA-000,773ad0a0-024e-46c5-a94b-df1cf86d25cc,New World Albany,New World,North Shore,5033086-EA-000,Manuka Smoked Streaky Bacon,Grandpa's Meat & Bacon Co.,250g,8.29,Pork & Ham
new_world_albany_5110088-KGM-000,773ad0a0-024e-46c5-a94b-df1cf86d25cc,New World Albany,New World,North Shore,5110088-KGM-000,Champagne Leg Ham,,kg,22.0,Pork & Ham
new_world_albany_5023557-EA-000,773ad0a0-024e-46c5-a94b-df1cf86d25cc,New World Albany,New World,North Shore,5023557-EA-000,Shaved Champagne Ham,Beehive,200g,7.69,Pork & Ham
new_world_albany_5019277-EA-000,773ad0a0-024e-46c5-a94b-df1cf86d25cc,New World Albany,New World,North Shore,5019277-EA-000,Shaved Leg Ham,Country Pride,200g,5.29,Pork & Ham
new_world_albany_5241237-EA-000,773ad0a0-024e-46c5-a94b-df1cf86d25cc,New World Albany,New World,North Shore,5241237-EA-000,Shaved Champagne Leg Ham,Hellers,200g,7.0,Pork & Ham
new_world_albany_5039342-EA-000,773ad0a0-024e-46c5-a94b-df1cf86d25cc,New World Albany,New World,North Shore,5039342-EA-000,Shaved Champagne Leg Ham,Hellers,100g,4.29,Pork & Ham
new_world_albany_5312237-EA-000,773ad0a0-024e-46c5-a94b-df1cf86d25cc,New World Albany,New World,North Shore,5312237-EA-000,Classic Beef Sausages,Pams,6 x 75g,9.49,Beef & Lamb
new_world_albany_5028230-EA-000,773ad0a0-024e-46c5-a94b-df1cf86d25cc,New World Albany,New World,North Shore,5028230-EA-000,Trusty BBQ Pre-Cooked Sausages,Hellers,1kg,12.49,Pork & Ham
new_world_albany_5252611-EA-000,773ad0a0-024e-46c5-a94b-df1cf86d25cc,New World Albany,New World,North Shore,5252611-EA-000,Beef Manuka Honey & Hickory Sausages,Harmony,450g,11.99,"Breakfast Cereals, Oats & Spreads"
new_world_albany_5262773-EA-000,773ad0a0-024e-46c5-a94b-df1cf86d25cc,New World Albany,New World,North Shore,5262773-EA-000,Precooked Sausages,Pams,1kg,8.99,Pork & Ham
new_world_albany_5082985-EA-000,773ad0a0-024e-46c5-a94b-df1cf86d25cc,New World Albany,New World,North Shore,5082985-EA-000,Craft Angus Beef Sausages,Hellers,6pk,12.99,Beef & Lamb
new_world_albany_5220975-EA-000,773ad0a0-024e-46c5-a94b-df1cf86d25cc,New World Albany,New World,North Shore,5220975-EA-000,Sliced Smoked Salmon,Pams,100g,9.79,Fresh Seafood
new_world_albany_5220977-EA-000,773ad0a0-024e-46c5-a94b-df1cf86d25cc,New World Albany,New World,North Shore,5220977-EA-000,Sliced Smoked Salmon,Pams,200g,14.79,Fresh Seafood
new_world_albany_5313293-EA-000,773ad0a0-024e-46c5-a94b-df1cf86d25cc,New World Albany,New World,North Shore,5313293-EA-000,Double Manuka Hot Smoked Salmon Portion,Regal,100g,13.99,Fresh Seafood
new_world_albany_5220978-EA-000,773ad0a0-024e-46c5-a94b-df1cf86d25cc,New World Albany,New World,North Shore,5220978-EA-000,Natural Hot Smoked Salmon,Pams,150g,14.39,Fresh Seafood
new_world_albany_5105409-KGM-000,773ad0a0-024e-46c5-a94b-df1cf86d25cc,New World Albany,New World,North Shore,5105409-KGM-000,Fresh Bluff Salmon Fillets Skin On Bone In,,kg,69.99,Fresh Seafood
new_world_albany_5333249-EA-000,773ad0a0-024e-46c5-a94b-df1cf86d25cc,New World Albany,New World,North Shore,5333249-EA-000,Tuna Fillet In Broth Wet Cat Food,Applaws,70g,2.49,Fresh Seafood
new_world_albany_5333248-EA-000,773ad0a0-024e-46c5-a94b-df1cf86d25cc,New World Albany,New World,North Shore,5333248-EA-000,Tuna Fillet With Prawn In Broth Wet Cat Food,Applaws,70g,2.49,Fresh Seafood
new_world_albany_5117267-KGM-000,773ad0a0-024e-46c5-a94b-df1cf86d25cc,New World Albany,New World,North Shore,5117267-KGM-000,Yellowfin Tuna Steaks,,kg,39.99,Beef & Lamb
new_world_albany_5249296-EA-000,773ad0a0-024e-46c5-a94b-df1cf86d25cc,New World Albany,New World,North Shore,5249296-EA-000,Raw Prawn Cutlets,Shore Mariner,500g,11.99,Fresh Seafood
new_world_albany_5029377-EA-000,773ad0a0-024e-46c5-a94b-df1cf86d25cc,New World Albany,New World,North Shore,5029377-EA-000,Cooked Prawn Cutlets,Shore Mariner,400g,11.79,Fresh Seafood
new_world_albany_5220974-EA-000,773ad0a0-024e-46c5-a94b-df1cf86d25cc,New World Albany,New World,North Shore,5220974-EA-000,Raw Frozen Prawns Cutlet,Pams Finest,500g,17.79,Frozen Foods
new_world_albany_5329072-EA-000,773ad0a0-024e-46c5-a94b-df1cf86d25cc,New World Albany,New World,North Shore,5329072-EA-000,Raw Prawn Meat Pieces,Pams Value,500g,9.59,Fresh Seafood
new_world_albany_5092259-EA-000,773ad0a0-024e-46c5-a94b-df1cf86d25cc,New World Albany,New World,North Shore,5092259-EA-000,Premium Raw Stir Fry Prawns,Kingfisher Seafood,500g,15.99,Fresh Seafood
new_world_albany_5230508-EA-000,773ad0a0-024e-46c5-a94b-df1cf86d25cc,New World Albany,New World,North Shore,5230508-EA-000,Adult Broths Tuna Shrimp & Whitefish Wet Cat Food,Purina Fancy Feast,40g,2.39,Fresh Seafood
new_world_albany_5230507-EA-000,773ad0a0-024e-46c5-a94b-df1cf86d25cc,New World Albany,New World,North Shore,5230507-EA-000,Adult Broths Tuna Anchovies & Whitefish Wet Cat Food,Purina Fancy Feast,40g,2.39,Fresh Seafood
new_world_albany_5204775-EA-000,773ad0a0-024e-46c5-a94b-df1cf86d25cc,New World Albany,New World,North Shore,5204775-EA-000,Grainfree Salmon Whitefish & Olive Oil Premium Adult Cat Food,Fussy Cat,2.5kg,24.99,Fresh Seafood
new_world_albany_5018684-EA-000,773ad0a0-024e-46c5-a94b-df1cf86d25cc,New World Albany,New World,North Shore,5018684-EA-000,Grainfree Salmon Whitefish & Olive Oil Premium Adult Cat Food,Fussy Cat,500g,8.99,Fresh Seafood
new_world_albany_5323882-EA-000,773ad0a0-024e-46c5-a94b-df1cf86d25cc,New World Albany,New World,North Shore,5323882-EA-000,Adult Grilled Ocean Whitefish & Tuna Feast Gravy Wet Cat Food,Purina Fancy Feast,85g,1.89,Fresh Seafood
new_world_albany_5201479-EA-000,773ad0a0-024e-46c5-a94b-df1cf86d25cc,New World Albany,New World,North Shore,5201479-EA-000,Standard Milk,Pams Value,2l,4.82,Fresh Milk & Plant Milk
new_world_albany_5000527-EA-000,773ad0a0-024e-46c5-a94b-df1cf86d25cc,New World Albany,New World,North Shore,5000527-EA-000,Blue Milk,Anchor,2l,5.79,Fresh Milk & Plant Milk
new_world_albany_5000518-EA-000,773ad0a0-024e-46c5-a94b-df1cf86d25cc,New World Albany,New World,North Shore,5000518-EA-000,Blue Milk,Anchor,1l,3.73,Fresh Milk & Plant Milk
new_world_albany_5201490-EA-000,773ad0a0-024e-46c5-a94b-df1cf86d25cc,New World Albany,New World,North Shore,5201490-EA-000,Standard Milk,Pams Value,3l,7.19,Fresh Milk & Plant Milk
new_world_albany_5201487-EA-000,773ad0a0-024e-46c5-a94b-df1cf86d25cc,New World Albany,New World,North Shore,5201487-EA-000,Lite Milk,Pams Value,2l,4.82,Fresh Milk & Plant Milk
new_world_albany_5201486-EA-000,773ad0a0-024e-46c5-a94b-df1cf86d25cc,New World Albany,New World,North Shore,5201486-EA-000,Trim Milk,Pams Value,2l,4.82,Fresh Milk & Plant Milk
new_world_albany_5000520-EA-000,773ad0a0-024e-46c5-a94b-df1cf86d25cc,New World Albany,New World,North Shore,5000520-EA-000,Trim Milk,Anchor,1l,3.73,Fresh Milk & Plant Milk
new_world_albany_5000521-EA-000,773ad0a0-024e-46c5-a94b-df1cf86d25cc,New World Albany,New World,North Shore,5000521-EA-000,Trim Milk,Anchor,2l,5.79,Fresh Milk & Plant Milk
new_world_albany_5000519-EA-000,773ad0a0-024e-46c5-a94b-df1cf86d25cc,New World Albany,New World,North Shore,5000519-EA-000,Calci + Trim Milk,Anchor,2l,6.86,Fresh Milk & Plant Milk
new_world_albany_5025424-EA-000,773ad0a0-024e-46c5-a94b-df1cf86d25cc,New World Albany,New World,North Shore,5025424-EA-000,Calci + Trim Milk,Anchor,1l,3.79,Fresh Milk & Plant Milk
new_world_albany_5003852-EA-000,773ad0a0-024e-46c5-a94b-df1cf86d25cc,New World Albany,New World,North Shore,5003852-EA-000,Regular Soy Milk,Pams,1l,2.99,Fresh Milk & Plant Milk
new_world_albany_5200391-EA-000,773ad0a0-024e-46c5-a94b-df1cf86d25cc,New World Albany,New World,North Shore,5200391-EA-000,Protein Plus Soy Milk,Vitasoy,1l,4.49,Fresh Milk & Plant Milk
new_world_albany_5010269-EA-000,773ad0a0-024e-46c5-a94b-df1cf86d25cc,New World Albany,New World,North Shore,5010269-EA-000,Regular Soy Milk,Sanitarium So Good,1l,3.99,Fresh Milk & Plant Milk
new_world_albany_5003420-EA-000,773ad0a0-024e-46c5-a94b-df1cf86d25cc,New World Albany,New World,North Shore,5003420-EA-000,Original Soy Milk,Vitasoy,1l,4.49,Fresh Milk & Plant Milk
new_world_albany_5004887-EA-000,773ad0a0-024e-46c5-a94b-df1cf86d25cc,New World Albany,New World,North Shore,5004887-EA-000,Lite Soy Milk,Pams Plant Based,1l,2.99,Fresh Milk & Plant Milk
new_world_albany_5014501-EA-000,773ad0a0-024e-46c5-a94b-df1cf86d25cc,New World Albany,New World,North Shore,5014501-EA-000,Unsweetened Oat Milk,Vitasoy,1l,3.59,Fresh Milk & Plant Milk
new_world_albany_5294478-EA-000,773ad0a0-024e-46c5-a94b-df1cf86d25cc,New World Albany,New World,North Shore,5294478-EA-000,Oat Milk Barista Grade,Boring,1l,4.89,Fresh Milk & Plant Milk
new_world_albany_5269316-EA-000,773ad0a0-024e-46c5-a94b-df1cf86d25cc,New World Albany,New World,North Shore,5269316-EA-000,The Barista One Milk,Otis Oat Milk,1l,4.69,Fresh Milk & Plant Milk
new_world_albany_5273198-EA-000,773ad0a0-024e-46c5-a94b-df1cf86d25cc,New World Albany,New World,North Shore,5273198-EA-000,No Added Sugar Oat Milk,Sanitarium So Good,1l,4.09,Fresh Milk & Plant Milk
new_world_albany_5269330-EA-000,773ad0a0-024e-46c5-a94b-df1cf86d25cc,New World Albany,New World,North Shore,5269330-EA-000,Barista Edition Oat Milk,Sanitarium So Good,1l,4.99,Fresh Milk & Plant Milk
new_world_albany_5030647-EA-000,773ad0a0-024e-46c5-a94b-df1cf86d25cc,New World Albany,New World,North Shore,5030647-EA-000,Unsweetened Almond Milk UHT,Sanitarium So Good,1l,4.99,Fresh Milk & Plant Milk
new_world_albany_5037993-EA-000,773ad0a0-024e-46c5-a94b-df1cf86d25cc,New World Albany,New World,North Shore,5037993-EA-000,Unsweetened Almond Milk,Vitasoy,1l,4.19,Fresh Milk & Plant Milk
new_world_albany_5269328-EA-000,773ad0a0-024e-46c5-a94b-df1cf86d25cc,New World Albany,New World,North Shore,5269328-EA-000,Barista Edition Almond Milk,Sanitarium So Good,1l,4.59,Fresh Milk & Plant Milk
new_world_albany_5289064-EA-000,773ad0a0-024e-46c5-a94b-df1cf86d25cc,New World Albany,New World,North Shore,5289064-EA-000,High Protein Almond Milk,Sanitarium So Good,1l,4.59,Fresh Milk & Plant Milk
new_world_albany_5029021-EA-000,773ad0a0-024e-46c5-a94b-df1cf86d25cc,New World Albany,New World,North Shore,5029021-EA-000,Unsweetened Almond Milk,Pams Plant Based,1l,3.99,Fresh Milk & Plant Milk
new_world_albany_5101827-EA-000,773ad0a0-024e-46c5-a94b-df1cf86d25cc,New World Albany,New World,North Shore,5101827-EA-000,Natural Free-Range Eggs,Natural Free-Range Co,12pk,11.79,Eggs
new_world_albany_5006293-EA-000,773ad0a0-024e-46c5-a94b-df1cf86d25cc,New World Albany,New World,North Shore,5006293-EA-000,Free Range Mixed Grade Eggs,Pams Free Range,12pk,8.99,Eggs
new_world_albany_5094568-EA-000,773ad0a0-024e-46c5-a94b-df1cf86d25cc,New World Albany,New World,North Shore,5094568-EA-000,Free Range Grade 7 Eggs,Woodland,6pk,6.79,Eggs
new_world_albany_5322429-EA-000,773ad0a0-024e-46c5-a94b-df1cf86d25cc,New World Albany,New World,North Shore,5322429-EA-000,Free Range Size 7 Eggs,eg.,12pk,10.79,Eggs
new_world_albany_5202411-EA-000,773ad0a0-024e-46c5-a94b-df1cf86d25cc,New World Albany,New World,North Shore,5202411-EA-000,Premium Free Range Size 7 Eggs,Otaika Valley,12pk,12.59,Eggs
new_world_albany_5039354-EA-000,773ad0a0-024e-46c5-a94b-df1cf86d25cc,New World Albany,New World,North Shore,5039354-EA-000,Colony Size 6 Eggs,Morning Harvest,12pk,7.49,Eggs
new_world_albany_5310560-EA-000,773ad0a0-024e-46c5-a94b-df1cf86d25cc,New World Albany,New World,North Shore,5310560-EA-000,Colony Size 8 Eggs,Morning Harvest,10pk,7.29,Eggs
new_world_albany_5303373-EA-000,773ad0a0-024e-46c5-a94b-df1cf86d25cc,New World Albany,New World,North Shore,5303373-EA-000,Colony Size 7 Eggs,Morning Harvest,18pk,12.49,Eggs
new_world_albany_5240876-EA-000,773ad0a0-024e-46c5-a94b-df1cf86d25cc,New World Albany,New World,North Shore,5240876-EA-000,Fresh Colony Caged Size 7 Eggs,Farmer Brown,12pk,8.69,Eggs
new_world_albany_5039358-EA-000,773ad0a0-024e-46c5-a94b-df1cf86d25cc,New World Albany,New World,North Shore,5039358-EA-000,Colony Laid Size 7 Eggs,Morning Harvest,12pk,8.29,Eggs
new_world_albany_5232073-EA-000,773ad0a0-024e-46c5-a94b-df1cf86d25cc,New World Albany,New World,North Shore,5232073-EA-000,American Style Cheddar Cheese Slices,Dairyworks,200g,5.6,"Cheese, Butter & Yoghurt"
new_world_albany_5306817-EA-000,773ad0a0-024e-46c5-a94b-df1cf86d25cc,New World Albany,New World,North Shore,5306817-EA-000,Grated Cheddar Cheese,Rolling Meadow,500g,8.96,"Cheese, Butter & Yoghurt"
new_world_albany_5268696-EA-000,773ad0a0-024e-46c5-a94b-df1cf86d25cc,New World Albany,New World,North Shore,5268696-EA-000,Tasty Cheddar Cheese,Pams,800g,13.53,"Cheese, Butter & Yoghurt"
new_world_albany_5007358-EA-000,773ad0a0-024e-46c5-a94b-df1cf86d25cc,New World Albany,New World,North Shore,5007358-EA-000,Tasty Cheddar Cheese,Pams,500g,10.44,"Cheese, Butter & Yoghurt"
new_world_albany_5003260-EA-000,773ad0a0-024e-46c5-a94b-df1cf86d25cc,New World Albany,New World,North Shore,5003260-EA-000,Sharp & Crumbly Vintage Cheddar Cheese,Mainland,250g,11.19,"Cheese, Butter & Yoghurt"
new_world_albany_5017804-EA-000,773ad0a0-024e-46c5-a94b-df1cf86d25cc,New World Albany,New World,North Shore,5017804-EA-000,Mozzarella Grated Cheese,Rolling Meadow,500g,11.37,"Cheese, Butter & Yoghurt"
new_world_albany_5007482-EA-000,773ad0a0-024e-46c5-a94b-df1cf86d25cc,New World Albany,New World,North Shore,5007482-EA-000,Mozzarella Grated Cheese,Pams,375g,9.41,"Cheese, Butter & Yoghurt"
new_world_albany_5012908-EA-000,773ad0a0-024e-46c5-a94b-df1cf86d25cc,New World Albany,New World,North Shore,5012908-EA-000,Smooth&  Stretchy Mozzarella Grated Cheese,Mainland,375g,9.99,"Cheese, Butter & Yoghurt"
new_world_albany_5319598-EA-000,773ad0a0-024e-46c5-a94b-df1cf86d25cc,New World Albany,New World,North Shore,5319598-EA-000,Mozzarella Grated Cheese,Dairyworks,100g,4.32,"Cheese, Butter & Yoghurt"
new_world_albany_5022636-EA-000,773ad0a0-024e-46c5-a94b-df1cf86d25cc,New World Albany,New World,North Shore,5022636-EA-000,Mozzarella,Massimo's,125g,6.99,"Cheese, Butter & Yoghurt"
new_world_albany_5232466-EA-000,773ad0a0-024e-46c5-a94b-df1cf86d25cc,New World Albany,New World,North Shore,5232466-EA-000,Grated Parmesan Cheese,Dairyworks,200g,8.0,"Cheese, Butter & Yoghurt"
new_world_albany_5013767-EA-000,773ad0a0-024e-46c5-a94b-df1cf86d25cc,New World Albany,New World,North Shore,5013767-EA-000,Parmesan Cheese,Mainland,200g,9.59,"Cheese, Butter & Yoghurt"
new_world_albany_5016706-EA-000,773ad0a0-024e-46c5-a94b-df1cf86d25cc,New World Albany,New World,North Shore,5016706-EA-000,Grated Parmesan Cheese,Mainland,200g,10.59,"Cheese, Butter & Yoghurt"
new_world_albany_5347658-EA-000,773ad0a0-024e-46c5-a94b-df1cf86d25cc,New World Albany,New World,North Shore,5347658-EA-000,Parmesan Cheese,Perfect Italiano,200g,9.99,"Cheese, Butter & Yoghurt"
new_world_albany_5022806-EA-000,773ad0a0-024e-46c5-a94b-df1cf86d25cc,New World Albany,New World,North Shore,5022806-EA-000,Parmesan Powder Cheese,Dairyworks,100g,6.6,"Cheese, Butter & Yoghurt"
new_world_albany_5002842-EA-000,773ad0a0-024e-46c5-a94b-df1cf86d25cc,New World Albany,New World,North Shore,5002842-EA-000,Salted Butter,Mainland,500g,9.99,"Cheese, Butter & Yoghurt"
new_world_albany_5013505-EA-000,773ad0a0-024e-46c5-a94b-df1cf86d25cc,New World Albany,New World,North Shore,5013505-EA-000,Salted Buttersoft Spreadable Butter,Mainland,375g,12.99,"Cheese, Butter & Yoghurt"
new_world_albany_5205003-EA-000,773ad0a0-024e-46c5-a94b-df1cf86d25cc,New World Albany,New World,North Shore,5205003-EA-000,Salted Grass Fed New Zealand Butter,Westgold,400g,8.89,"Cheese, Butter & Yoghurt"
new_world_albany_5003216-EA-000,773ad0a0-024e-46c5-a94b-df1cf86d25cc,New World Albany,New World,North Shore,5003216-EA-000,Salted Butter,Mainland,250g,7.49,"Cheese, Butter & Yoghurt"
new_world_albany_5020175-EA-000,773ad0a0-024e-46c5-a94b-df1cf86d25cc,New World Albany,New World,North Shore,5020175-EA-000,Premium New Zealand Lightly Salted Butter,Lewis Road Creamery,250g,9.17,"Cheese, Butter & Yoghurt"
new_world_albany_5002843-EA-000,773ad0a0-024e-46c5-a94b-df1cf86d25cc,New World Albany,New World,North Shore,5002843-EA-000,Unsalted Butter,Mainland,500g,9.99,"Cheese, Butter & Yoghurt"
new_world_albany_5205004-EA-000,773ad0a0-024e-46c5-a94b-df1cf86d25cc,New World Albany,New World,North Shore,5205004-EA-000,Unsalted Grass Fed New Zealand Butter,Westgold,400g,8.89,"Cheese, Butter & Yoghurt"
new_world_albany_5020174-EA-000,773ad0a0-024e-46c5-a94b-df1cf86d25cc,New World Albany,New World,North Shore,5020174-EA-000,Premium New Zealand Unsalted Butter,Lewis Road Creamery,250g,9.17,"Cheese, Butter & Yoghurt"
new_world_albany_5223553-EA-000,773ad0a0-024e-46c5-a94b-df1cf86d25cc,New World Albany,New World,North Shore,5223553-EA-000,Kalo Natural Greek Yoghurt,Meadow Fresh,800g,9.29,"Cheese, Butter & Yoghurt"
new_world_albany_5094108-EA-000,773ad0a0-024e-46c5-a94b-df1cf86d25cc,New World Albany,New World,North Shore,5094108-EA-000,Authentic Natural Greek Yoghurt,Cyclops,750g,6.99,"Cheese, Butter & Yoghurt"
new_world_albany_5281810-EA-000,773ad0a0-024e-46c5-a94b-df1cf86d25cc,New World Albany,New World,North Shore,5281810-EA-000,Greek Natural Thick 'n Creamy Yoghurt,Fresh 'n Fruity,1kg,7.79,"Cheese, Butter & Yoghurt"
new_world_albany_5241937-EA-000,773ad0a0-024e-46c5-a94b-df1cf86d25cc,New World Albany,New World,North Shore,5241937-EA-000,Kalo Vanilla Bean Authentic Greek Yoghurt,Meadow Fresh,800g,9.29,"Cheese, Butter & Yoghurt"
new_world_albany_5007517-EA-000,773ad0a0-024e-46c5-a94b-df1cf86d25cc,New World Albany,New World,North Shore,5007517-EA-000,Natural Greek Style Yogurt,Yoplait,2 x 125g,3.79,"Cheese, Butter & Yoghurt"
new_world_albany_5003563-EA-000,773ad0a0-024e-46c5-a94b-df1cf86d25cc,New World Albany,New World,North Shore,5003563-EA-000,Plain Unsweetened Acidophilus Yoghurt,Naturalea,1kg,6.99,"Cheese, Butter & Yoghurt"
new_world_albany_5274474-EA-000,773ad0a0-024e-46c5-a94b-df1cf86d25cc,New World Albany,New World,North Shore,5274474-EA-000,All Natural Plain Unsweetened Yoghurt,De Winkel,4 x 125g,6.49,"Cheese, Butter & Yoghurt"
new_world_albany_5005219-EA-000,773ad0a0-024e-46c5-a94b-df1cf86d25cc,New World Albany,New World,North Shore,5005219-EA-000,All Natural Plain Unsweetened Yoghurt,De Winkel,1kg,6.99,"Cheese, Butter & Yoghurt"
new_world_albany_5289267-EA-000,773ad0a0-024e-46c5-a94b-df1cf86d25cc,New World Albany,New World,North Shore,5289267-EA-000,Max Protein Plain Greek Style Unsweetened Yoghurt,Yoplait,900g,9.69,"Cheese, Butter & Yoghurt"
new_world_albany_5028852-EA-000,773ad0a0-024e-46c5-a94b-df1cf86d25cc,New World Albany,New World,North Shore,5028852-EA-000,Fresh Cream,Pams,300ml,3.19,"Cheese, Butter & Yoghurt"
new_world_albany_5040641-EA-000,773ad0a0-024e-46c5-a94b-df1cf86d25cc,New World Albany,New World,North Shore,5040641-EA-000,Fresh Cream,Pams,500ml,4.79,"Cheese, Butter & Yoghurt"
new_world_albany_5000526-EA-000,773ad0a0-024e-46c5-a94b-df1cf86d25cc,New World Albany,New World,North Shore,5000526-EA-000,Pure Cream,Anchor,300ml,3.45,"Cheese, Butter & Yoghurt"
new_world_albany_5028855-EA-000,773ad0a0-024e-46c5-a94b-df1cf86d25cc,New World Albany,New World,North Shore,5028855-EA-000,Cream,Pams,1l,9.35,"Cheese, Butter & Yoghurt"
new_world_albany_5026102-EA-000,773ad0a0-024e-46c5-a94b-df1cf86d25cc,New World Albany,New World,North Shore,5026102-EA-000,Pure Cream,Anchor,500ml,5.09,"Cheese, Butter & Yoghurt"
new_world_albany_5027140-EA-000,773ad0a0-024e-46c5-a94b-df1cf86d25cc,New World Albany,New World,North Shore,5027140-EA-000,Traditional Sour Cream,Meadow Fresh,250g,4.69,"Cheese, Butter & Yoghurt"
new_world_albany_5008633-EA-000,773ad0a0-024e-46c5-a94b-df1cf86d25cc,New World Albany,New World,North Shore,5008633-EA-000,Original Sour Cream,Anchor,250g,4.69,"Cheese, Butter & Yoghurt"
new_world_albany_5027137-EA-000,773ad0a0-024e-46c5-a94b-df1cf86d25cc,New World Albany,New World,North Shore,5027137-EA-000,Traditional Sour Cream,Meadow Fresh,125g,2.39,"Cheese, Butter & Yoghurt"
new_world_albany_5303622-EA-000,773ad0a0-024e-46c5-a94b-df1cf86d25cc,New World Albany,New World,North Shore,5303622-EA-000,Sour Cream Straight Up Squeezers,The Collective,250g,4.79,"Cheese, Butter & Yoghurt"
new_world_albany_5027139-EA-000,773ad0a0-024e-46c5-a94b-df1cf86d25cc,New World Albany,New World,North Shore,5027139-EA-000,Lite Sour Cream,Meadow Fresh,250g,4.69,"Cheese, Butter & Yoghurt"
new_world_albany_5004743-EA-000,773ad0a0-024e-46c5-a94b-df1cf86d25cc,New World Albany,New World,North Shore,5004743-EA-000,Jasmine Rice,Pams,1kg,3.49,"Rice, Pasta & Noodles"
new_world_albany_5303222-EA-000,773ad0a0-024e-46c5-a94b-df1cf86d25cc,New World Albany,New World,North Shore,5303222-EA-000,Thai Jasmine Rice,Fortune,1kg,3.89,"Rice, Pasta & Noodles"
new_world_albany_5002638-EA-000,773ad0a0-024e-46c5-a94b-df1cf86d25cc,New World Albany,New World,North Shore,5002638-EA-000,Fragrant Jasmine Aromatic Long Grain Rice,King's Choice,1kg,3.89,"Rice, Pasta & Noodles"
new_world_albany_5303803-EA-000,773ad0a0-024e-46c5-a94b-df1cf86d25cc,New World Albany,New World,North Shore,5303803-EA-000,Thai Jasmine Rice,Fortune,5kg,15.99,"Rice, Pasta & Noodles"
new_world_albany_5021496-EA-000,773ad0a0-024e-46c5-a94b-df1cf86d25cc,New World Albany,New World,North Shore,5021496-EA-000,Jasmine Rice,SunRice,1kg,4.04,"Rice, Pasta & Noodles"
new_world_albany_5002637-EA-000,773ad0a0-024e-46c5-a94b-df1cf86d25cc,New World Albany,New World,North Shore,5002637-EA-000,Highland Basmati Aromatic Long Grain Rice,King's Choice,1kg,3.99,"Rice, Pasta & Noodles"
new_world_albany_5005241-EA-000,773ad0a0-024e-46c5-a94b-df1cf86d25cc,New World Albany,New World,North Shore,5005241-EA-000,Basmati Rice,Pams,1kg,3.69,"Rice, Pasta & Noodles"
new_world_albany_5315537-EA-000,773ad0a0-024e-46c5-a94b-df1cf86d25cc,New World Albany,New World,North Shore,5315537-EA-000,Basmati Steamed Rice,Pams,250g,2.79,"Rice, Pasta & Noodles"
new_world_albany_5298259-EA-000,773ad0a0-024e-46c5-a94b-df1cf86d25cc,New World Albany,New World,North Shore,5298259-EA-000,Original Basmati Rice Microwave Pouch,Ben's,250g,3.29,"Rice, Pasta & Noodles"
new_world_albany_5314554-EA-000,773ad0a0-024e-46c5-a94b-df1cf86d25cc,New World Albany,New World,North Shore,5314554-EA-000,Basmati Rice,Pams,2 x 125g,2.89,"Rice, Pasta & Noodles"
new_world_albany_5025406-EA-000,773ad0a0-024e-46c5-a94b-df1cf86d25cc,New World Albany,New World,North Shore,5025406-EA-000,Spaghetti In Tomato Sauce,Wattie's,3 x 420g,6.79,"Rice, Pasta & Noodles"
new_world_albany_5323416-EA-000,773ad0a0-024e-46c5-a94b-df1cf86d25cc,New World Albany,New World,North Shore,5323416-EA-000,Spaghetti Pasta,Pams,500g,1.79,"Rice, Pasta & Noodles"
new_world_albany_5002634-EA-000,773ad0a0-024e-46c5-a94b-df1cf86d25cc,New World Albany,New World,North Shore,5002634-EA-000,Spaghetti Pasta,Diamond,500g,2.99,"Rice, Pasta & Noodles"
new_world_albany_5002082-EA-000,773ad0a0-024e-46c5-a94b-df1cf86d25cc,New World Albany,New World,North Shore,5002082-EA-000,Spaghetti In Tomato Sauce,Wattie's,420g,2.89,"Rice, Pasta & Noodles"
new_world_albany_5002077-EA-000,773ad0a0-024e-46c5-a94b-df1cf86d25cc,New World Albany,New World,North Shore,5002077-EA-000,Spaghetti In Tomato Sauce,Oak,420g,1.89,"Rice, Pasta & Noodles"
new_world_albany_5323415-EA-000,773ad0a0-024e-46c5-a94b-df1cf86d25cc,New World Albany,New World,North Shore,5323415-EA-000,Penne Pasta,Pams,500g,1.79,"Rice, Pasta & Noodles"
new_world_albany_5002515-EA-000,773ad0a0-024e-46c5-a94b-df1cf86d25cc,New World Albany,New World,North Shore,5002515-EA-000,Penne Pasta,Diamond,500g,2.99,"Rice, Pasta & Noodles"
new_world_albany_5013996-EA-000,773ad0a0-024e-46c5-a94b-df1cf86d25cc,New World Albany,New World,North Shore,5013996-EA-000,Penne Rigate Pasta,Barilla,500g,4.29,"Rice, Pasta & Noodles"
new_world_albany_5002631-EA-000,773ad0a0-024e-46c5-a94b-df1cf86d25cc,New World Albany,New World,North Shore,5002631-EA-000,Penne No 18 Pasta,San Remo,500g,3.29,"Rice, Pasta & Noodles"
new_world_albany_5204819-EA-000,773ad0a0-024e-46c5-a94b-df1cf86d25cc,New World Albany,New World,North Shore,5204819-EA-000,Penne Rigate Pasta,Ghiotti,500g,5.29,"Rice, Pasta & Noodles"
new_world_albany_5012937-EA-000,773ad0a0-024e-46c5-a94b-df1cf86d25cc,New World Albany,New World,North Shore,5012937-EA-000,Round Cut Egg Noodles,High Mark,280g,3.09,"Rice, Pasta & Noodles"
new_world_albany_5010232-EA-000,773ad0a0-024e-46c5-a94b-df1cf86d25cc,New World Albany,New World,North Shore,5010232-EA-000,Ribbon Cut Egg Noodles,High Mark,280g,3.09,"Rice, Pasta & Noodles"
new_world_albany_5027775-EA-000,773ad0a0-024e-46c5-a94b-df1cf86d25cc,New World Albany,New World,North Shore,5027775-EA-000,Thin Egg Style Noodles,Trident,2 x 200g,3.99,"Rice, Pasta & Noodles"
new_world_albany_5221893-EA-000,773ad0a0-024e-46c5-a94b-df1cf86d25cc,New World Albany,New World,North Shore,5221893-EA-000,Fresh Noodles,Lian Huat,500g,6.59,"Rice, Pasta & Noodles"
new_world_albany_5116522-EA-000,773ad0a0-024e-46c5-a94b-df1cf86d25cc,New World Albany,New World,North Shore,5116522-EA-000,Thin Noodles,Jade Phoenix,375g,1.99,"Rice, Pasta & Noodles"
new_world_albany_5280130-EA-000,773ad0a0-024e-46c5-a94b-df1cf86d25cc,New World Albany,New World,North Shore,5280130-EA-000,Buldak Carbonara Hot Chicken Ramen Noodles,Samyang,5 x 130g,12.79,"Rice, Pasta & Noodles"
new_world_albany_5094361-EA-000,773ad0a0-024e-46c5-a94b-df1cf86d25cc,New World Albany,New World,North Shore,5094361-EA-000,Jin Ramen Mild Noodle Soup,Otoki,65g,2.19,"Rice, Pasta & Noodles"
new_world_albany_5253589-EA-000,773ad0a0-024e-46c5-a94b-df1cf86d25cc,New World Albany,New World,North Shore,5253589-EA-000,Mild Multi Jin Ramen Noodles,Otoki,5 x 120g,8.59,"Rice, Pasta & Noodles"
new_world_albany_5023884-EA-000,773ad0a0-024e-46c5-a94b-df1cf86d25cc,New World Albany,New World,North Shore,5023884-EA-000,Snack Ramen Noodles Cup,Ottogi,62g,2.19,"Rice, Pasta & Noodles"
new_world_albany_5253593-EA-000,773ad0a0-024e-46c5-a94b-df1cf86d25cc,New World Albany,New World,North Shore,5253593-EA-000,Spicy Multi Jin Ramen Noodles,Otoki,5 x 120g,8.59,"Rice, Pasta & Noodles"
new_world_albany_5343765-EA-000,773ad0a0-024e-46c5-a94b-df1cf86d25cc,New World Albany,New World,North Shore,5343765-EA-000,Rolled Oats,Pams,1.5kg,4.89,"Breakfast Cereals, Oats & Spreads"
new_world_albany_5343766-EA-000,773ad0a0-024e-46c5-a94b-df1cf86d25cc,New World Albany,New World,North Shore,5343766-EA-000,Rolled Oats,Pams,750g,2.49,"Breakfast Cereals, Oats & Spreads"
new_world_albany_5011855-EA-000,773ad0a0-024e-46c5-a94b-df1cf86d25cc,New World Albany,New World,North Shore,5011855-EA-000,Rolled Oats,Harraways,1.5kg,7.79,"Breakfast Cereals, Oats & Spreads"
new_world_albany_5011507-EA-000,773ad0a0-024e-46c5-a94b-df1cf86d25cc,New World Albany,New World,North Shore,5011507-EA-000,Rolled Oats,Harraways,800g,5.49,"Breakfast Cereals, Oats & Spreads"
new_world_albany_5016454-EA-000,773ad0a0-024e-46c5-a94b-df1cf86d25cc,New World Albany,New World,North Shore,5016454-EA-000,Wholegrain Oats,Pams,1kg,3.89,"Bread, Wraps & Bakery"
new_world_albany_5302626-EA-000,773ad0a0-024e-46c5-a94b-df1cf86d25cc,New World Albany,New World,North Shore,5302626-EA-000,Cocoa Puffs Breakfast Cereal,Pams,500g,3.99,"Breakfast Cereals, Oats & Spreads"
new_world_albany_5291355-EA-000,773ad0a0-024e-46c5-a94b-df1cf86d25cc,New World Albany,New World,North Shore,5291355-EA-000,Light & Right Peach Breakfast Cereal,Hubbards,450g,8.49,"Breakfast Cereals, Oats & Spreads"
new_world_albany_5003838-EA-000,773ad0a0-024e-46c5-a94b-df1cf86d25cc,New World Albany,New World,North Shore,5003838-EA-000,Rice Snaps,Pams,460g,3.19,"Rice, Pasta & Noodles"
new_world_albany_5007312-EA-000,773ad0a0-024e-46c5-a94b-df1cf86d25cc,New World Albany,New World,North Shore,5007312-EA-000,Sultana Bran Breakfast Cereal,Kellogg's,420g,8.79,"Breakfast Cereals, Oats & Spreads"
new_world_albany_5032849-EA-000,773ad0a0-024e-46c5-a94b-df1cf86d25cc,New World Albany,New World,North Shore,5032849-EA-000,Nesquik Chocolate Breakfast Cereal,Nestle,600g,9.79,"Breakfast Cereals, Oats & Spreads"
new_world_albany_5002800-EA-000,773ad0a0-024e-46c5-a94b-df1cf86d25cc,New World Albany,New World,North Shore,5002800-EA-000,Breakfast Cereal,Sanitarium Weet-Bix,750g,6.99,"Breakfast Cereals, Oats & Spreads"
new_world_albany_5035008-EA-000,773ad0a0-024e-46c5-a94b-df1cf86d25cc,New World Albany,New World,North Shore,5035008-EA-000,Breakfast Cereal,Sanitarium Weet-Bix,1.2kg,9.49,"Breakfast Cereals, Oats & Spreads"
new_world_albany_5002799-EA-000,773ad0a0-024e-46c5-a94b-df1cf86d25cc,New World Albany,New World,North Shore,5002799-EA-000,Breakfast Cereal,Sanitarium Weet-Bix,375g,4.99,"Breakfast Cereals, Oats & Spreads"
new_world_albany_5032006-EA-000,773ad0a0-024e-46c5-a94b-df1cf86d25cc,New World Albany,New World,North Shore,5032006-EA-000,Gluten Free Breakfast Cereal,Sanitarium Weet-Bix,375g,7.79,"Breakfast Cereals, Oats & Spreads"
new_world_albany_5014712-EA-000,773ad0a0-024e-46c5-a94b-df1cf86d25cc,New World Albany,New World,North Shore,5014712-EA-000,Wild Berry Bites Breakfast Cereal,Sanitarium Weet-Bix,500g,8.49,"Breakfast Cereals, Oats & Spreads"
new_world_albany_5009506-EA-000,773ad0a0-024e-46c5-a94b-df1cf86d25cc,New World Albany,New World,North Shore,5009506-EA-000,Supersoft White Toast Bread,Tip Top,700g,4.29,"Bread, Wraps & Bakery"
new_world_albany_5013058-EA-000,773ad0a0-024e-46c5-a94b-df1cf86d25cc,New World Albany,New World,North Shore,5013058-EA-000,White Toast Bread,Sunny Crust,600g,2.82,"Bread, Wraps & Bakery"
new_world_albany_5026067-EA-000,773ad0a0-024e-46c5-a94b-df1cf86d25cc,New World Albany,New World,North Shore,5026067-EA-000,White Toast Bread,Nature's Fresh,700g,4.21,"Bread, Wraps & Bakery"
new_world_albany_5092911-EA-000,773ad0a0-024e-46c5-a94b-df1cf86d25cc,New World Albany,New World,North Shore,5092911-EA-000,White Toast Fresh Sliced Bread,Pams Value,600g,2.12,"Bread, Wraps & Bakery"
new_world_albany_5026013-EA-000,773ad0a0-024e-46c5-a94b-df1cf86d25cc,New World Albany,New World,North Shore,5026013-EA-000,White Super Thick Toast Bread,Nature's Fresh,700g,4.21,"Bread, Wraps & Bakery"
new_world_albany_5338629-EA-000,773ad0a0-024e-46c5-a94b-df1cf86d25cc,New World Albany,New World,North Shore,5338629-EA-000,Glorious Grains Original Wholegrain Bread,Ploughmans Bakery,700g,4.39,"Bread, Wraps & Bakery"
new_world_albany_5341016-EA-000,773ad0a0-024e-46c5-a94b-df1cf86d25cc,New World Albany,New World,North Shore,5341016-EA-000,Wholegrain Soft Wraps,Rebel Bakehouse,6 x 63g,5.99,"Bread, Wraps & Bakery"
new_world_albany_5018055-EA-000,773ad0a0-024e-46c5-a94b-df1cf86d25cc,New World Albany,New World,North Shore,5018055-EA-000,Wholegrain Tortillas,Pams,6pk,3.59,"Bread, Wraps & Bakery"
new_world_albany_5238867-EA-000,773ad0a0-024e-46c5-a94b-df1cf86d25cc,New World Albany,New World,North Shore,5238867-EA-000,Whole Grain Rye Bread,Haverland,500g,5.69,"Bread, Wraps & Bakery"
new_world_albany_5350985-EA-000,773ad0a0-024e-46c5-a94b-df1cf86d25cc,New World Albany,New World,North Shore,5350985-EA-000,Supersoft Gluten Free Smooth Wholegrain Bread,Tip Top,550g,8.09,"Bread, Wraps & Bakery"
new_world_albany_5025259-EA-000,773ad0a0-024e-46c5-a94b-df1cf86d25cc,New World Albany,New World,North Shore,5025259-EA-000,Flour Super Soft & Flexible Mini Tortillas,Old El Paso,10pk,5.89,"Bread, Wraps & Bakery"
new_world_albany_5016678-EA-000,773ad0a0-024e-46c5-a94b-df1cf86d25cc,New World Albany,New World,North Shore,5016678-EA-000,Wraps Premium White,Farrah's,6pk,6.99,"Bread, Wraps & Bakery"
new_world_albany_5200051-EA-000,773ad0a0-024e-46c5-a94b-df1cf86d25cc,New World Albany,New World,North Shore,5200051-EA-000,Flame Baked Taco Tortillas,Farrah's,12pk,6.99,"Bread, Wraps & Bakery"
new_world_albany_5200052-EA-000,773ad0a0-024e-46c5-a94b-df1cf86d25cc,New World Albany,New World,North Shore,5200052-EA-000,Flame Baked Tortillas,Farrah's,10pk,6.99,"Bread, Wraps & Bakery"
new_world_albany_5016680-EA-000,773ad0a0-024e-46c5-a94b-df1cf86d25cc,New World Albany,New World,North Shore,5016680-EA-000,Multigrain Wraps,Farrah's,6pk,6.99,"Bread, Wraps & Bakery"
new_world_albany_5006275-EA-000,773ad0a0-024e-46c5-a94b-df1cf86d25cc,New World Albany,New World,North Shore,5006275-EA-000,White Round Pita Bread,Pams,8 x 43.8g,3.79,"Bread, Wraps & Bakery"
new_world_albany_5029901-EA-000,773ad0a0-024e-46c5-a94b-df1cf86d25cc,New World Albany,New World,North Shore,5029901-EA-000,Garlic Flavour Pita Breads,Giannis,8pk,4.49,"Bread, Wraps & Bakery"
new_world_albany_5008178-EA-000,773ad0a0-024e-46c5-a94b-df1cf86d25cc,New World Albany,New World,North Shore,5008178-EA-000,Original Pita Bread,Danny's,5pk,6.09,"Bread, Wraps & Bakery"
new_world_albany_5229326-EA-000,773ad0a0-024e-46c5-a94b-df1cf86d25cc,New World Albany,New World,North Shore,5229326-EA-000,Round Wholemeal Pita,Pams,8pk,3.79,"Bread, Wraps & Bakery"
new_world_albany_5028784-EA-000,773ad0a0-024e-46c5-a94b-df1cf86d25cc,New World Albany,New World,North Shore,5028784-EA-000,Wholemeal Pita Breads,Giannis,8pk,4.49,"Bread, Wraps & Bakery"
new_world_albany_5009507-EA-000,773ad0a0-024e-46c5-a94b-df1cf86d25cc,New World Albany,New World,North Shore,5009507-EA-000,Supersoft Burger Buns,Tip Top,6pk,4.89,"Bread, Wraps & Bakery"
new_world_albany_5110825-EA-000,773ad0a0-024e-46c5-a94b-df1cf86d25cc,New World Albany,New World,North Shore,5110825-EA-000,Dinner Rolls,,12pk,4.49,"Bread, Wraps & Bakery"
new_world_albany_5121946-EA-000,773ad0a0-024e-46c5-a94b-df1cf86d25cc,New World Albany,New World,North Shore,5121946-EA-000,Plain White Rolls,,6pk,3.89,"Bread, Wraps & Bakery"
new_world_albany_5323568-EA-000,773ad0a0-024e-46c5-a94b-df1cf86d25cc,New World Albany,New World,North Shore,5323568-EA-000,King Size Burger Buns,Pams,8pk,5.24,"Bread, Wraps & Bakery"
new_world_albany_5118178-EA-000,773ad0a0-024e-46c5-a94b-df1cf86d25cc,New World Albany,New World,North Shore,5118178-EA-000,Ciabatta Buns,,6pk,6.49,"Bread, Wraps & Bakery"
new_world_albany_5003829-EA-000,773ad0a0-024e-46c5-a94b-df1cf86d25cc,New World Albany,New World,North Shore,5003829-EA-000,Pure Plain Flour,Pams,1.5kg,2.0,"Flour, Sugar & Baking"
new_world_albany_5003830-EA-000,773ad0a0-024e-46c5-a94b-df1cf86d25cc,New World Albany,New World,North Shore,5003830-EA-000,Pure Plain Flour,Pams,5kg,6.79,"Flour, Sugar & Baking"
new_world_albany_5027521-EA-000,773ad0a0-024e-46c5-a94b-df1cf86d25cc,New World Albany,New World,North Shore,5027521-EA-000,Gluten Free Plain Flour,Edmonds,750g,6.59,"Flour, Sugar & Baking"
new_world_albany_5327096-EA-000,773ad0a0-024e-46c5-a94b-df1cf86d25cc,New World Albany,New World,North Shore,5327096-EA-000,Gluten Free Plain Flour,Pams,750g,5.49,"Flour, Sugar & Baking"
new_world_albany_5003844-EA-000,773ad0a0-024e-46c5-a94b-df1cf86d25cc,New World Albany,New World,North Shore,5003844-EA-000,Self Raising Flour,Pams,1.5kg,2.4,"Flour, Sugar & Baking"
new_world_albany_5286792-EA-000,773ad0a0-024e-46c5-a94b-df1cf86d25cc,New World Albany,New World,North Shore,5286792-EA-000,Self Raising Flour,Edmonds,1.5kg,4.29,"Flour, Sugar & Baking"
new_world_albany_5027519-EA-000,773ad0a0-024e-46c5-a94b-df1cf86d25cc,New World Albany,New World,North Shore,5027519-EA-000,Gluten Free Self Raising Flour,Edmonds,750g,6.59,"Flour, Sugar & Baking"
new_world_albany_5327097-EA-000,773ad0a0-024e-46c5-a94b-df1cf86d25cc,New World Albany,New World,North Shore,5327097-EA-000,Gluten Free Self Raising Flour,Pams,750g,5.49,"Flour, Sugar & Baking"
new_world_albany_5003885-EA-000,773ad0a0-024e-46c5-a94b-df1cf86d25cc,New World Albany,New World,North Shore,5003885-EA-000,White Sugar,Pams,1.5kg,3.44,"Flour, Sugar & Baking"
new_world_albany_5002752-EA-000,773ad0a0-024e-46c5-a94b-df1cf86d25cc,New World Albany,New World,North Shore,5002752-EA-000,White Sugar,Chelsea,500g,2.49,"Flour, Sugar & Baking"
new_world_albany_5002760-EA-000,773ad0a0-024e-46c5-a94b-df1cf86d25cc,New World Albany,New World,North Shore,5002760-EA-000,White Sugar,Chelsea,1.5kg,4.69,"Flour, Sugar & Baking"
new_world_new_lynn_5045856-KGM-000,c8998066-d39b-401c-aa6b-d6d18f8d122f,New World New Lynn,New World,West Auckland,5045856-KGM-000,Brown Onions,,kg,2.79,Fresh Vegetables
new_world_new_lynn_5264187-EA-000,c8998066-d39b-401c-aa6b-d6d18f8d122f,New World New Lynn,New World,West Auckland,5264187-EA-000,Brown Onions,Pams,1.5kg,4.99,Fresh Vegetables
new_world_new_lynn_5223140-KGM-000,c8998066-d39b-401c-aa6b-d6d18f8d122f,New World New Lynn,New World,West Auckland,5223140-KGM-000,Peeled Red Onions,,kg,5.99,Fresh Vegetables
new_world_new_lynn_5040009-EA-000,c8998066-d39b-401c-aa6b-d6d18f8d122f,New World New Lynn,New World,West Auckland,5040009-EA-000,Spring Onions,,ea,2.89,Fresh Vegetables
new_world_new_lynn_5009708-EA-000,c8998066-d39b-401c-aa6b-d6d18f8d122f,New World New Lynn,New World,West Auckland,5009708-EA-000,Onion Soup Mix Sachet,Maggi,32g,1.59,Fresh Vegetables
new_world_new_lynn_5045849-KGM-000,c8998066-d39b-401c-aa6b-d6d18f8d122f,New World New Lynn,New World,West Auckland,5045849-KGM-000,White Washed Potatoes,,kg,3.79,Fresh Vegetables
new_world_new_lynn_5045841-KGM-000,c8998066-d39b-401c-aa6b-d6d18f8d122f,New World New Lynn,New World,West Auckland,5045841-KGM-000,Yellow Agria Potatoes,,kg,4.49,Fresh Vegetables
new_world_new_lynn_5264181-EA-000,c8998066-d39b-401c-aa6b-d6d18f8d122f,New World New Lynn,New World,West Auckland,5264181-EA-000,Washed Agria Potatoes,Pams,2kg,10.79,Fresh Vegetables
new_world_new_lynn_5264173-EA-000,c8998066-d39b-401c-aa6b-d6d18f8d122f,New World New Lynn,New World,West Auckland,5264173-EA-000,Washed Roasting & Mashing Potatoes,Pams,2.5kg,9.49,Fresh Vegetables
new_world_new_lynn_5264180-EA-000,c8998066-d39b-401c-aa6b-d6d18f8d122f,New World New Lynn,New World,West Auckland,5264180-EA-000,Brushed Agria Potatoes,Pams,3kg,11.49,Fresh Vegetables
new_world_new_lynn_5046565-KGM-000,c8998066-d39b-401c-aa6b-d6d18f8d122f,New World New Lynn,New World,West Auckland,5046565-KGM-000,Loose Garlic,,kg,25.99,Fresh Vegetables
new_world_new_lynn_5008899-EA-000,c8998066-d39b-401c-aa6b-d6d18f8d122f,New World New Lynn,New World,West Auckland,5008899-EA-000,Crushed Garlic,Pams,230g,2.49,Fresh Vegetables
new_world_new_lynn_5046145-EA-000,c8998066-d39b-401c-aa6b-d6d18f8d122f,New World New Lynn,New World,West Auckland,5046145-EA-000,Garlic,,7pk,2.99,Fresh Vegetables
new_world_new_lynn_5241730-EA-000,c8998066-d39b-401c-aa6b-d6d18f8d122f,New World New Lynn,New World,West Auckland,5241730-EA-000,Naturals Eco Garlic Powder,Mrs Rogers,40g,2.49,Fresh Vegetables
new_world_new_lynn_5046212-EA-000,c8998066-d39b-401c-aa6b-d6d18f8d122f,New World New Lynn,New World,West Auckland,5046212-EA-000,Crushed Garlic,Healthy n Fresh,380g,4.49,Fresh Vegetables
new_world_new_lynn_5039965-KGM-000,c8998066-d39b-401c-aa6b-d6d18f8d122f,New World New Lynn,New World,West Auckland,5039965-KGM-000,Carrots,,kg,2.29,Fresh Vegetables
new_world_new_lynn_5264186-EA-000,c8998066-d39b-401c-aa6b-d6d18f8d122f,New World New Lynn,New World,West Auckland,5264186-EA-000,Washed Carrots,Pams,1.5kg,4.69,Fresh Vegetables
new_world_new_lynn_5245226-EA-000,c8998066-d39b-401c-aa6b-d6d18f8d122f,New World New Lynn,New World,West Auckland,5245226-EA-000,Beta Bites Snacking Carrots,Wilcox,250g,3.99,Fresh Vegetables
new_world_new_lynn_5241265-EA-000,c8998066-d39b-401c-aa6b-d6d18f8d122f,New World New Lynn,New World,West Auckland,5241265-EA-000,Carrot Batons,Pams,300g,3.99,Fresh Vegetables
new_world_new_lynn_5241267-EA-000,c8998066-d39b-401c-aa6b-d6d18f8d122f,New World New Lynn,New World,West Auckland,5241267-EA-000,Shredded Carrots,Pams,300g,3.99,Fresh Vegetables
new_world_new_lynn_5039956-EA-000,c8998066-d39b-401c-aa6b-d6d18f8d122f,New World New Lynn,New World,West Auckland,5039956-EA-000,Broccoli,,ea,1.79,Fresh Vegetables
new_world_new_lynn_5040608-EA-000,c8998066-d39b-401c-aa6b-d6d18f8d122f,New World New Lynn,New World,West Auckland,5040608-EA-000,Bellaverde Sweet Stem Broccoli,,250g,4.69,Fresh Vegetables
new_world_new_lynn_5046507-EA-000,c8998066-d39b-401c-aa6b-d6d18f8d122f,New World New Lynn,New World,West Auckland,5046507-EA-000,Cauliflower Half,,ea,2.99,Fresh Vegetables
new_world_new_lynn_5039966-EA-000,c8998066-d39b-401c-aa6b-d6d18f8d122f,New World New Lynn,New World,West Auckland,5039966-EA-000,Cauliflower,,ea,3.99,Fresh Vegetables
new_world_new_lynn_5012239-EA-000,c8998066-d39b-401c-aa6b-d6d18f8d122f,New World New Lynn,New World,West Auckland,5012239-EA-000,Broccoli & Cauliflower Medley,Wattie's,650g,5.99,Fresh Vegetables
new_world_new_lynn_5040098-KGM-000,c8998066-d39b-401c-aa6b-d6d18f8d122f,New World New Lynn,New World,West Auckland,5040098-KGM-000,Loose Red Tomatoes,,kg,12.99,Fresh Vegetables
new_world_new_lynn_5040099-KGM-000,c8998066-d39b-401c-aa6b-d6d18f8d122f,New World New Lynn,New World,West Auckland,5040099-KGM-000,Red Truss Tomatoes,,kg,12.99,Fresh Vegetables
new_world_new_lynn_5040543-EA-000,c8998066-d39b-401c-aa6b-d6d18f8d122f,New World New Lynn,New World,West Auckland,5040543-EA-000,Angel Naturally Sweet Tomatoes,Beekist,200g,6.99,Fresh Vegetables
new_world_new_lynn_5046412-EA-000,c8998066-d39b-401c-aa6b-d6d18f8d122f,New World New Lynn,New World,West Auckland,5046412-EA-000,Vine Tomatoes,Campari,300g,8.99,Fresh Vegetables
new_world_new_lynn_5040905-EA-000,c8998066-d39b-401c-aa6b-d6d18f8d122f,New World New Lynn,New World,West Auckland,5040905-EA-000,Tomatoes,Pams Fresh,700g,9.99,Fresh Vegetables
new_world_new_lynn_5040464-EA-000,c8998066-d39b-401c-aa6b-d6d18f8d122f,New World New Lynn,New World,West Auckland,5040464-EA-000,Baby Spinach,Pams,120g,4.49,Fresh Vegetables
new_world_new_lynn_5331778-EA-000,c8998066-d39b-401c-aa6b-d6d18f8d122f,New World New Lynn,New World,West Auckland,5331778-EA-000,Baby Spinach,Pams,300g,6.99,Fresh Vegetables
new_world_new_lynn_5040724-EA-000,c8998066-d39b-401c-aa6b-d6d18f8d122f,New World New Lynn,New World,West Auckland,5040724-EA-000,Baby Spinach,LeaderBrand,120g,2.99,Fresh Vegetables
new_world_new_lynn_5040743-EA-000,c8998066-d39b-401c-aa6b-d6d18f8d122f,New World New Lynn,New World,West Auckland,5040743-EA-000,Spinach,Pams,ea,5.49,Fresh Vegetables
new_world_new_lynn_5299185-EA-000,c8998066-d39b-401c-aa6b-d6d18f8d122f,New World New Lynn,New World,West Auckland,5299185-EA-000,Chopped Leaf Spinach,Pams,500g,3.49,Fresh Vegetables
new_world_new_lynn_5046440-EA-000,c8998066-d39b-401c-aa6b-d6d18f8d122f,New World New Lynn,New World,West Auckland,5046440-EA-000,Fresh Cut Lettuce,,ea,2.89,Fresh Vegetables
new_world_new_lynn_5039990-EA-000,c8998066-d39b-401c-aa6b-d6d18f8d122f,New World New Lynn,New World,West Auckland,5039990-EA-000,Bagged Iceberg Lettuce,,ea,4.99,Fresh Vegetables
new_world_new_lynn_5303544-EA-000,c8998066-d39b-401c-aa6b-d6d18f8d122f,New World New Lynn,New World,West Auckland,5303544-EA-000,Baby Cos Lettuce,Pams,2pk,3.49,Fresh Vegetables
new_world_new_lynn_5040462-EA-000,c8998066-d39b-401c-aa6b-d6d18f8d122f,New World New Lynn,New World,West Auckland,5040462-EA-000,Baby Leaf Lettuce,Pams,100g,4.49,Fresh Vegetables
new_world_new_lynn_5040461-EA-000,c8998066-d39b-401c-aa6b-d6d18f8d122f,New World New Lynn,New World,West Auckland,5040461-EA-000,Baby Cos Lettuce,Pams Fresh,120g,4.49,Fresh Vegetables
new_world_new_lynn_5028889-EA-000,c8998066-d39b-401c-aa6b-d6d18f8d122f,New World New Lynn,New World,West Auckland,5028889-EA-000,Telegraph Cucumber,,ea,3.49,Fresh Vegetables
new_world_new_lynn_5046503-EA-000,c8998066-d39b-401c-aa6b-d6d18f8d122f,New World New Lynn,New World,West Auckland,5046503-EA-000,Red Capsicum,,ea,3.99,Fresh Vegetables
new_world_new_lynn_5046504-EA-000,c8998066-d39b-401c-aa6b-d6d18f8d122f,New World New Lynn,New World,West Auckland,5046504-EA-000,Yellow Capsicum,,ea,3.99,Fresh Vegetables
new_world_new_lynn_5046533-KGM-000,c8998066-d39b-401c-aa6b-d6d18f8d122f,New World New Lynn,New World,West Auckland,5046533-KGM-000,White Button Mushrooms,,kg,12.99,Fresh Vegetables
new_world_new_lynn_5326590-EA-000,c8998066-d39b-401c-aa6b-d6d18f8d122f,New World New Lynn,New World,West Auckland,5326590-EA-000,White Button Mushrooms,Pams,400g,4.99,Fresh Vegetables
new_world_new_lynn_5294812-EA-000,c8998066-d39b-401c-aa6b-d6d18f8d122f,New World New Lynn,New World,West Auckland,5294812-EA-000,White Button Mushrooms,Meadow Mushrooms,200g,4.89,Fresh Vegetables
new_world_new_lynn_5040006-KGM-000,c8998066-d39b-401c-aa6b-d6d18f8d122f,New World New Lynn,New World,West Auckland,5040006-KGM-000,Portabello Flat Mushrooms,,kg,15.99,Fresh Vegetables
new_world_new_lynn_5047091-EA-000,c8998066-d39b-401c-aa6b-d6d18f8d122f,New World New Lynn,New World,West Auckland,5047091-EA-000,Swiss Brown Mushrooms,,200g,4.89,Fresh Vegetables
new_world_new_lynn_5046505-EA-000,c8998066-d39b-401c-aa6b-d6d18f8d122f,New World New Lynn,New World,West Auckland,5046505-EA-000,Green Capsicum,,ea,4.49,Fresh Vegetables
new_world_new_lynn_5046525-KGM-000,c8998066-d39b-401c-aa6b-d6d18f8d122f,New World New Lynn,New World,West Auckland,5046525-KGM-000,Royal Gala Apples,,kg,4.99,Fresh Fruit
new_world_new_lynn_5045864-KGM-000,c8998066-d39b-401c-aa6b-d6d18f8d122f,New World New Lynn,New World,West Auckland,5045864-KGM-000,Rose Apples,,kg,5.49,Fresh Fruit
new_world_new_lynn_5039945-KGM-000,c8998066-d39b-401c-aa6b-d6d18f8d122f,New World New Lynn,New World,West Auckland,5039945-KGM-000,Granny Smith Apples,,kg,4.99,Fresh Fruit
new_world_new_lynn_5040702-EA-000,c8998066-d39b-401c-aa6b-d6d18f8d122f,New World New Lynn,New World,West Auckland,5040702-EA-000,Royal Gala Apples,Yummy Fruit,1.5kg,7.99,Fresh Fruit
new_world_new_lynn_5040539-EA-000,c8998066-d39b-401c-aa6b-d6d18f8d122f,New World New Lynn,New World,West Auckland,5040539-EA-000,Jazz Apples,,1.5kg,7.99,Fresh Fruit
new_world_new_lynn_5046542-KGM-000,c8998066-d39b-401c-aa6b-d6d18f8d122f,New World New Lynn,New World,West Auckland,5046542-KGM-000,Bananas,,kg,3.79,Fresh Fruit
new_world_new_lynn_5007770-EA-000,c8998066-d39b-401c-aa6b-d6d18f8d122f,New World New Lynn,New World,West Auckland,5007770-EA-000,Bobby Bananas Bunch,Dole,ea,4.59,Fresh Fruit
new_world_new_lynn_5040730-EA-000,c8998066-d39b-401c-aa6b-d6d18f8d122f,New World New Lynn,New World,West Auckland,5040730-EA-000,Fairtrade Bananas,,1pk,5.29,Fresh Fruit
new_world_new_lynn_5205142-EA-000,c8998066-d39b-401c-aa6b-d6d18f8d122f,New World New Lynn,New World,West Auckland,5205142-EA-000,Spinach Apple Blueberry & Banana Vege Fruit Sticks,Mother Earth,152g,3.89,Fresh Fruit
new_world_new_lynn_5041475-EA-000,c8998066-d39b-401c-aa6b-d6d18f8d122f,New World New Lynn,New World,West Auckland,5041475-EA-000,Banana Bread,,ea,6.49,"Bread, Wraps & Bakery"
new_world_new_lynn_5046549-KGM-000,c8998066-d39b-401c-aa6b-d6d18f8d122f,New World New Lynn,New World,West Auckland,5046549-KGM-000,Navel Oranges NZ,,kg,4.49,Fresh Fruit
new_world_new_lynn_5040012-EA-000,c8998066-d39b-401c-aa6b-d6d18f8d122f,New World New Lynn,New World,West Auckland,5040012-EA-000,Navel Oranges,Pams,1.5kg,6.99,Fresh Fruit
new_world_new_lynn_5040011-KGM-000,c8998066-d39b-401c-aa6b-d6d18f8d122f,New World New Lynn,New World,West Auckland,5040011-KGM-000,Orange Kumara,,kg,5.49,Fresh Fruit
new_world_new_lynn_5046917-KGM-000,c8998066-d39b-401c-aa6b-d6d18f8d122f,New World New Lynn,New World,West Auckland,5046917-KGM-000,Imported Mandarins,,kg,5.49,Fresh Fruit
new_world_new_lynn_5039995-KGM-000,c8998066-d39b-401c-aa6b-d6d18f8d122f,New World New Lynn,New World,West Auckland,5039995-KGM-000,Mandarins,,kg,5.49,Fresh Fruit
new_world_new_lynn_5046477-KGM-000,c8998066-d39b-401c-aa6b-d6d18f8d122f,New World New Lynn,New World,West Auckland,5046477-KGM-000,Lemons,,kg,4.99,Fresh Fruit
new_world_new_lynn_5039989-EA-000,c8998066-d39b-401c-aa6b-d6d18f8d122f,New World New Lynn,New World,West Auckland,5039989-EA-000,Lemons,Pams Fresh,1kg,4.99,Fresh Fruit
new_world_new_lynn_5203150-EA-000,c8998066-d39b-401c-aa6b-d6d18f8d122f,New World New Lynn,New World,West Auckland,5203150-EA-000,Lemon Baking Juice,Pams,250ml,2.39,Fresh Fruit
new_world_new_lynn_5286628-KGM-000,c8998066-d39b-401c-aa6b-d6d18f8d122f,New World New Lynn,New World,West Auckland,5286628-KGM-000,Lemons,,kg,4.99,Fresh Fruit
new_world_new_lynn_5031941-EA-000,c8998066-d39b-401c-aa6b-d6d18f8d122f,New World New Lynn,New World,West Auckland,5031941-EA-000,Lemon Honey Ginger Fruit Juice,The Homegrown Juice Company,1l,5.39,"Breakfast Cereals, Oats & Spreads"
new_world_new_lynn_5312786-EA-000,c8998066-d39b-401c-aa6b-d6d18f8d122f,New World New Lynn,New World,West Auckland,5312786-EA-000,Mixed Berry,Fruzio,750g,11.49,Fresh Fruit
new_world_new_lynn_5310065-EA-000,c8998066-d39b-401c-aa6b-d6d18f8d122f,New World New Lynn,New World,West Auckland,5310065-EA-000,Five Berry Medley,Fruzio,750g,12.49,Fresh Fruit
new_world_new_lynn_5004944-EA-000,c8998066-d39b-401c-aa6b-d6d18f8d122f,New World New Lynn,New World,West Auckland,5004944-EA-000,Mixed Berries,Pams,500g,7.39,Fresh Fruit
new_world_new_lynn_5020153-EA-000,c8998066-d39b-401c-aa6b-d6d18f8d122f,New World New Lynn,New World,West Auckland,5020153-EA-000,Mixed Berries,Oob Organic,450g,10.39,Fresh Fruit
new_world_new_lynn_5295357-EA-000,c8998066-d39b-401c-aa6b-d6d18f8d122f,New World New Lynn,New World,West Auckland,5295357-EA-000,Mixed Berries,Serious Organic,400g,8.99,Fresh Fruit
new_world_new_lynn_5105651-KGM-000,c8998066-d39b-401c-aa6b-d6d18f8d122f,New World New Lynn,New World,West Auckland,5105651-KGM-000,Skinless Chicken Breast,,kg,12.99,Chicken & Poultry
new_world_new_lynn_5221711-EA-000,c8998066-d39b-401c-aa6b-d6d18f8d122f,New World New Lynn,New World,West Auckland,5221711-EA-000,Boneless Skinless Chicken Breast,Pams Free Range,400g,9.99,Chicken & Poultry
new_world_new_lynn_5226616-KGM-000,c8998066-d39b-401c-aa6b-d6d18f8d122f,New World New Lynn,New World,West Auckland,5226616-KGM-000,Free Range Skinless Chicken Breast,Waitoa,kg,25.49,Chicken & Poultry
new_world_new_lynn_5139623-EA-000,c8998066-d39b-401c-aa6b-d6d18f8d122f,New World New Lynn,New World,West Auckland,5139623-EA-000,Diced Chicken Breast,Pams Free Range,450g,8.99,Chicken & Poultry
new_world_new_lynn_5113040-KGM-000,c8998066-d39b-401c-aa6b-d6d18f8d122f,New World New Lynn,New World,West Auckland,5113040-KGM-000,NZ Chicken Tenderloins,,kg,23.49,Chicken & Poultry
new_world_new_lynn_5221708-EA-000,c8998066-d39b-401c-aa6b-d6d18f8d122f,New World New Lynn,New World,West Auckland,5221708-EA-000,Boneless Skinless Chicken Thighs,Pams Free Range,400g,10.99,Chicken & Poultry
new_world_new_lynn_5115633-KGM-000,c8998066-d39b-401c-aa6b-d6d18f8d122f,New World New Lynn,New World,West Auckland,5115633-KGM-000,NZ Skinless Chicken Thigh Fillet,,kg,27.49,Chicken & Poultry
new_world_new_lynn_5118844-KGM-000,c8998066-d39b-401c-aa6b-d6d18f8d122f,New World New Lynn,New World,West Auckland,5118844-KGM-000,NZ Chicken Thighs Bone In,,kg,7.99,Chicken & Poultry
new_world_new_lynn_5226622-KGM-000,c8998066-d39b-401c-aa6b-d6d18f8d122f,New World New Lynn,New World,West Auckland,5226622-KGM-000,Free Range Skinless Chicken Thigh Fillet,Waitoa,kg,30.49,Chicken & Poultry
new_world_new_lynn_5108515-KGM-000,c8998066-d39b-401c-aa6b-d6d18f8d122f,New World New Lynn,New World,West Auckland,5108515-KGM-000,NZ Chicken Thigh Bone in Cutlets,,kg,17.69,Chicken & Poultry
new_world_new_lynn_5105213-KGM-000,c8998066-d39b-401c-aa6b-d6d18f8d122f,New World New Lynn,New World,West Auckland,5105213-KGM-000,NZ Chicken Drumsticks,,kg,8.49,Chicken & Poultry
new_world_new_lynn_5269885-EA-000,c8998066-d39b-401c-aa6b-d6d18f8d122f,New World New Lynn,New World,West Auckland,5269885-EA-000,100% Certified Organic Free Range Chicken Drumsticks,Bostock Brothers,900g,13.67,Chicken & Poultry
new_world_new_lynn_5100208-KGM-000,c8998066-d39b-401c-aa6b-d6d18f8d122f,New World New Lynn,New World,West Auckland,5100208-KGM-000,Chicken Nibbles,,kg,12.99,Chicken & Poultry
new_world_new_lynn_5269886-EA-000,c8998066-d39b-401c-aa6b-d6d18f8d122f,New World New Lynn,New World,West Auckland,5269886-EA-000,100% Certified Organic Free Range Chicken Nibbles,Bostock Brothers,900g,13.67,Chicken & Poultry
new_world_new_lynn_5104101-EA-000,c8998066-d39b-401c-aa6b-d6d18f8d122f,New World New Lynn,New World,West Auckland,5104101-EA-000,Free Range Fresh Chicken Drumsticks,Turk's,1kg,12.99,Chicken & Poultry
new_world_new_lynn_5041957-EA-000,c8998066-d39b-401c-aa6b-d6d18f8d122f,New World New Lynn,New World,West Auckland,5041957-EA-000,Free Range Whole Chicken,Waitoa,1.5kg,17.75,Chicken & Poultry
new_world_new_lynn_5028347-EA-000,c8998066-d39b-401c-aa6b-d6d18f8d122f,New World New Lynn,New World,West Auckland,5028347-EA-000,Whole Chicken with Garden Herbs Stuffing,Waitoa,1.5kg,17.75,Chicken & Poultry
new_world_new_lynn_5004502-EA-000,c8998066-d39b-401c-aa6b-d6d18f8d122f,New World New Lynn,New World,West Auckland,5004502-EA-000,Frozen Whole Chicken,Ingham's,850g,8.19,Frozen Foods
new_world_new_lynn_5322808-EA-000,c8998066-d39b-401c-aa6b-d6d18f8d122f,New World New Lynn,New World,West Auckland,5322808-EA-000,Free Range Oven Ready Sage & Onion Roast Fresh Chicken,Tegel,1.5kg,18.99,Chicken & Poultry
new_world_new_lynn_5340737-EA-000,c8998066-d39b-401c-aa6b-d6d18f8d122f,New World New Lynn,New World,West Auckland,5340737-EA-000,Garlic Lemon & Herb Butterflied Chicken,Pams,1.35kg,13.99,Chicken & Poultry
new_world_new_lynn_5101189-KGM-000,c8998066-d39b-401c-aa6b-d6d18f8d122f,New World New Lynn,New World,West Auckland,5101189-KGM-000,NZ Premium Beef Mince,,kg,23.99,Beef & Lamb
new_world_new_lynn_5125914-KGM-000,c8998066-d39b-401c-aa6b-d6d18f8d122f,New World New Lynn,New World,West Auckland,5125914-KGM-000,NZ Beef Prime Mince,,kg,26.99,Beef & Lamb
new_world_new_lynn_5104350-KGM-000,c8998066-d39b-401c-aa6b-d6d18f8d122f,New World New Lynn,New World,West Auckland,5104350-KGM-000,NZ Beef Mince,,kg,21.99,Beef & Lamb
new_world_new_lynn_5203717-EA-000,c8998066-d39b-401c-aa6b-d6d18f8d122f,New World New Lynn,New World,West Auckland,5203717-EA-000,Wagyu Beef Mince,First Light,400g,13.99,Beef & Lamb
new_world_new_lynn_5349090-EA-000,c8998066-d39b-401c-aa6b-d6d18f8d122f,New World New Lynn,New World,West Auckland,5349090-EA-000,Beef Mince,Hellers,340g,9.49,Beef & Lamb
new_world_new_lynn_5103401-KGM-000,c8998066-d39b-401c-aa6b-d6d18f8d122f,New World New Lynn,New World,West Auckland,5103401-KGM-000,Beef Rump Steak,,kg,36.99,Beef & Lamb
new_world_new_lynn_5102637-KGM-000,c8998066-d39b-401c-aa6b-d6d18f8d122f,New World New Lynn,New World,West Auckland,5102637-KGM-000,Beef Scotch Fillet Steak,,kg,56.99,Beef & Lamb
new_world_new_lynn_5103224-KGM-000,c8998066-d39b-401c-aa6b-d6d18f8d122f,New World New Lynn,New World,West Auckland,5103224-KGM-000,NZ Beef Schnitzel,,kg,23.99,Beef & Lamb
new_world_new_lynn_5123919-KGM-000,c8998066-d39b-401c-aa6b-d6d18f8d122f,New World New Lynn,New World,West Auckland,5123919-KGM-000,NZ Beef Sirloin Steak,,kg,49.99,Beef & Lamb
new_world_new_lynn_5263318-EA-000,c8998066-d39b-401c-aa6b-d6d18f8d122f,New World New Lynn,New World,West Auckland,5263318-EA-000,New Zealand Grass-Fed Beef Eye Fillet Steaks,Silver Fern Farms,300g,27.99,Beef & Lamb
new_world_new_lynn_5085463-EA-000,c8998066-d39b-401c-aa6b-d6d18f8d122f,New World New Lynn,New World,West Auckland,5085463-EA-000,Beef Thin Sliced Roast,Farmland,100g,5.89,Beef & Lamb
new_world_new_lynn_5118849-KGM-000,c8998066-d39b-401c-aa6b-d6d18f8d122f,New World New Lynn,New World,West Auckland,5118849-KGM-000,Beef Corned Silverside,,kg,19.99,Beef & Lamb
new_world_new_lynn_5102423-KGM-000,c8998066-d39b-401c-aa6b-d6d18f8d122f,New World New Lynn,New World,West Auckland,5102423-KGM-000,NZ Beef Bolar Roast,,kg,31.49,Beef & Lamb
new_world_new_lynn_5092271-EA-000,c8998066-d39b-401c-aa6b-d6d18f8d122f,New World New Lynn,New World,West Auckland,5092271-EA-000,Value Ready Meal Roast Beef Cold,,1pk,13.99,Beef & Lamb
new_world_new_lynn_5106653-KGM-000,c8998066-d39b-401c-aa6b-d6d18f8d122f,New World New Lynn,New World,West Auckland,5106653-KGM-000,NZ Beef Brisket,,kg,26.99,Beef & Lamb
new_world_new_lynn_5100697-KGM-000,c8998066-d39b-401c-aa6b-d6d18f8d122f,New World New Lynn,New World,West Auckland,5100697-KGM-000,NZ Pork Loin Chops,,kg,16.99,Beef & Lamb
new_world_new_lynn_5103018-KGM-000,c8998066-d39b-401c-aa6b-d6d18f8d122f,New World New Lynn,New World,West Auckland,5103018-KGM-000,NZ Pork Shoulder Chops,,kg,17.99,Beef & Lamb
new_world_new_lynn_5019426-EA-000,c8998066-d39b-401c-aa6b-d6d18f8d122f,New World New Lynn,New World,West Auckland,5019426-EA-000,Streaky Bacon,Pams,250g,6.99,Pork & Ham
new_world_new_lynn_5037815-EA-000,c8998066-d39b-401c-aa6b-d6d18f8d122f,New World New Lynn,New World,West Auckland,5037815-EA-000,Streaky Bacon,Pams,500g,11.49,Pork & Ham
new_world_new_lynn_5266366-EA-000,c8998066-d39b-401c-aa6b-d6d18f8d122f,New World New Lynn,New World,West Auckland,5266366-EA-000,Manuka Smoked Rasher Bacon,Hellers,800g,17.07,Pork & Ham
new_world_new_lynn_5084510-EA-000,c8998066-d39b-401c-aa6b-d6d18f8d122f,New World New Lynn,New World,West Auckland,5084510-EA-000,Streaky Bacon,Pams,1kg,20.99,Pork & Ham
new_world_new_lynn_5033086-EA-000,c8998066-d39b-401c-aa6b-d6d18f8d122f,New World New Lynn,New World,West Auckland,5033086-EA-000,Manuka Smoked Streaky Bacon,Grandpa's Meat & Bacon Co.,250g,8.29,Pork & Ham
new_world_new_lynn_5110088-KGM-000,c8998066-d39b-401c-aa6b-d6d18f8d122f,New World New Lynn,New World,West Auckland,5110088-KGM-000,Champagne Leg Ham,,kg,22.0,Pork & Ham
new_world_new_lynn_5019277-EA-000,c8998066-d39b-401c-aa6b-d6d18f8d122f,New World New Lynn,New World,West Auckland,5019277-EA-000,Shaved Leg Ham,Country Pride,200g,5.29,Pork & Ham
new_world_new_lynn_5241237-EA-000,c8998066-d39b-401c-aa6b-d6d18f8d122f,New World New Lynn,New World,West Auckland,5241237-EA-000,Shaved Champagne Leg Ham,Hellers,200g,7.0,Pork & Ham
new_world_new_lynn_5039342-EA-000,c8998066-d39b-401c-aa6b-d6d18f8d122f,New World New Lynn,New World,West Auckland,5039342-EA-000,Shaved Champagne Leg Ham,Hellers,100g,4.29,Pork & Ham
new_world_new_lynn_5327113-EA-000,c8998066-d39b-401c-aa6b-d6d18f8d122f,New World New Lynn,New World,West Auckland,5327113-EA-000,Shaved Champagne Ham,Pams,100g,3.29,Pork & Ham
new_world_new_lynn_5312237-EA-000,c8998066-d39b-401c-aa6b-d6d18f8d122f,New World New Lynn,New World,West Auckland,5312237-EA-000,Classic Beef Sausages,Pams,6 x 75g,9.49,Beef & Lamb
new_world_new_lynn_5028230-EA-000,c8998066-d39b-401c-aa6b-d6d18f8d122f,New World New Lynn,New World,West Auckland,5028230-EA-000,Trusty BBQ Pre-Cooked Sausages,Hellers,1kg,12.49,Pork & Ham
new_world_new_lynn_5252611-EA-000,c8998066-d39b-401c-aa6b-d6d18f8d122f,New World New Lynn,New World,West Auckland,5252611-EA-000,Beef Manuka Honey & Hickory Sausages,Harmony,450g,11.99,"Breakfast Cereals, Oats & Spreads"
new_world_new_lynn_5262773-EA-000,c8998066-d39b-401c-aa6b-d6d18f8d122f,New World New Lynn,New World,West Auckland,5262773-EA-000,Precooked Sausages,Pams,1kg,8.99,Pork & Ham
new_world_new_lynn_5082985-EA-000,c8998066-d39b-401c-aa6b-d6d18f8d122f,New World New Lynn,New World,West Auckland,5082985-EA-000,Craft Angus Beef Sausages,Hellers,6pk,12.99,Beef & Lamb
new_world_new_lynn_5220975-EA-000,c8998066-d39b-401c-aa6b-d6d18f8d122f,New World New Lynn,New World,West Auckland,5220975-EA-000,Sliced Smoked Salmon,Pams,100g,9.79,Fresh Seafood
new_world_new_lynn_5234369-KGM-000,c8998066-d39b-401c-aa6b-d6d18f8d122f,New World New Lynn,New World,West Auckland,5234369-KGM-000,Fresh Tasmanian Salmon Fillets Skin On Bone In,,kg,58.99,Fresh Seafood
new_world_new_lynn_5220977-EA-000,c8998066-d39b-401c-aa6b-d6d18f8d122f,New World New Lynn,New World,West Auckland,5220977-EA-000,Sliced Smoked Salmon,Pams,200g,14.79,Fresh Seafood
new_world_new_lynn_5313293-EA-000,c8998066-d39b-401c-aa6b-d6d18f8d122f,New World New Lynn,New World,West Auckland,5313293-EA-000,Double Manuka Hot Smoked Salmon Portion,Regal,100g,13.99,Fresh Seafood
new_world_new_lynn_5220978-EA-000,c8998066-d39b-401c-aa6b-d6d18f8d122f,New World New Lynn,New World,West Auckland,5220978-EA-000,Natural Hot Smoked Salmon,Pams,150g,14.39,Fresh Seafood
new_world_new_lynn_5333248-EA-000,c8998066-d39b-401c-aa6b-d6d18f8d122f,New World New Lynn,New World,West Auckland,5333248-EA-000,Tuna Fillet With Prawn In Broth Wet Cat Food,Applaws,70g,2.49,Fresh Seafood
new_world_new_lynn_5117267-KGM-000,c8998066-d39b-401c-aa6b-d6d18f8d122f,New World New Lynn,New World,West Auckland,5117267-KGM-000,Yellowfin Tuna Steaks,,kg,39.99,Beef & Lamb
new_world_new_lynn_5249296-EA-000,c8998066-d39b-401c-aa6b-d6d18f8d122f,New World New Lynn,New World,West Auckland,5249296-EA-000,Raw Prawn Cutlets,Shore Mariner,500g,11.99,Fresh Seafood
new_world_new_lynn_5029377-EA-000,c8998066-d39b-401c-aa6b-d6d18f8d122f,New World New Lynn,New World,West Auckland,5029377-EA-000,Cooked Prawn Cutlets,Shore Mariner,400g,11.79,Fresh Seafood
new_world_new_lynn_5220974-EA-000,c8998066-d39b-401c-aa6b-d6d18f8d122f,New World New Lynn,New World,West Auckland,5220974-EA-000,Raw Frozen Prawns Cutlet,Pams Finest,500g,17.79,Frozen Foods
new_world_new_lynn_5329072-EA-000,c8998066-d39b-401c-aa6b-d6d18f8d122f,New World New Lynn,New World,West Auckland,5329072-EA-000,Raw Prawn Meat Pieces,Pams Value,500g,9.59,Fresh Seafood
new_world_new_lynn_5092259-EA-000,c8998066-d39b-401c-aa6b-d6d18f8d122f,New World New Lynn,New World,West Auckland,5092259-EA-000,Premium Raw Stir Fry Prawns,Kingfisher Seafood,500g,15.99,Fresh Seafood
new_world_new_lynn_5294962-EA-000,c8998066-d39b-401c-aa6b-d6d18f8d122f,New World New Lynn,New World,West Auckland,5294962-EA-000,Natural White Fish Fillets,Pams,1kg,13.79,Fresh Seafood
new_world_new_lynn_5230508-EA-000,c8998066-d39b-401c-aa6b-d6d18f8d122f,New World New Lynn,New World,West Auckland,5230508-EA-000,Adult Broths Tuna Shrimp & Whitefish Wet Cat Food,Purina Fancy Feast,40g,2.39,Fresh Seafood
new_world_new_lynn_5254092-EA-000,c8998066-d39b-401c-aa6b-d6d18f8d122f,New World New Lynn,New World,West Auckland,5254092-EA-000,Perfect Portions Pate Entree With Delicate Whitefish And Tuna Wet Cat Food,Dine,75g,2.29,Fresh Seafood
new_world_new_lynn_5204775-EA-000,c8998066-d39b-401c-aa6b-d6d18f8d122f,New World New Lynn,New World,West Auckland,5204775-EA-000,Grainfree Salmon Whitefish & Olive Oil Premium Adult Cat Food,Fussy Cat,2.5kg,24.99,Fresh Seafood
new_world_new_lynn_5018684-EA-000,c8998066-d39b-401c-aa6b-d6d18f8d122f,New World New Lynn,New World,West Auckland,5018684-EA-000,Grainfree Salmon Whitefish & Olive Oil Premium Adult Cat Food,Fussy Cat,500g,8.99,Fresh Seafood
new_world_new_lynn_5201479-EA-000,c8998066-d39b-401c-aa6b-d6d18f8d122f,New World New Lynn,New World,West Auckland,5201479-EA-000,Standard Milk,Pams Value,2l,4.82,Fresh Milk & Plant Milk
new_world_new_lynn_5000527-EA-000,c8998066-d39b-401c-aa6b-d6d18f8d122f,New World New Lynn,New World,West Auckland,5000527-EA-000,Blue Milk,Anchor,2l,5.79,Fresh Milk & Plant Milk
new_world_new_lynn_5000518-EA-000,c8998066-d39b-401c-aa6b-d6d18f8d122f,New World New Lynn,New World,West Auckland,5000518-EA-000,Blue Milk,Anchor,1l,3.73,Fresh Milk & Plant Milk
new_world_new_lynn_5084457-EA-000,c8998066-d39b-401c-aa6b-d6d18f8d122f,New World New Lynn,New World,West Auckland,5084457-EA-000,Fresh A2 Protein Milk,Fresha Valley,2l,6.59,Fresh Milk & Plant Milk
new_world_new_lynn_5201490-EA-000,c8998066-d39b-401c-aa6b-d6d18f8d122f,New World New Lynn,New World,West Auckland,5201490-EA-000,Standard Milk,Pams Value,3l,7.19,Fresh Milk & Plant Milk
new_world_new_lynn_5201486-EA-000,c8998066-d39b-401c-aa6b-d6d18f8d122f,New World New Lynn,New World,West Auckland,5201486-EA-000,Trim Milk,Pams Value,2l,4.82,Fresh Milk & Plant Milk
new_world_new_lynn_5000520-EA-000,c8998066-d39b-401c-aa6b-d6d18f8d122f,New World New Lynn,New World,West Auckland,5000520-EA-000,Trim Milk,Anchor,1l,3.73,Fresh Milk & Plant Milk
new_world_new_lynn_5000521-EA-000,c8998066-d39b-401c-aa6b-d6d18f8d122f,New World New Lynn,New World,West Auckland,5000521-EA-000,Trim Milk,Anchor,2l,5.79,Fresh Milk & Plant Milk
new_world_new_lynn_5000519-EA-000,c8998066-d39b-401c-aa6b-d6d18f8d122f,New World New Lynn,New World,West Auckland,5000519-EA-000,Calci + Trim Milk,Anchor,2l,6.86,Fresh Milk & Plant Milk
new_world_new_lynn_5025424-EA-000,c8998066-d39b-401c-aa6b-d6d18f8d122f,New World New Lynn,New World,West Auckland,5025424-EA-000,Calci + Trim Milk,Anchor,1l,3.79,Fresh Milk & Plant Milk
new_world_new_lynn_5003852-EA-000,c8998066-d39b-401c-aa6b-d6d18f8d122f,New World New Lynn,New World,West Auckland,5003852-EA-000,Regular Soy Milk,Pams,1l,2.99,Fresh Milk & Plant Milk
new_world_new_lynn_5200391-EA-000,c8998066-d39b-401c-aa6b-d6d18f8d122f,New World New Lynn,New World,West Auckland,5200391-EA-000,Protein Plus Soy Milk,Vitasoy,1l,4.49,Fresh Milk & Plant Milk
new_world_new_lynn_5010269-EA-000,c8998066-d39b-401c-aa6b-d6d18f8d122f,New World New Lynn,New World,West Auckland,5010269-EA-000,Regular Soy Milk,Sanitarium So Good,1l,3.99,Fresh Milk & Plant Milk
new_world_new_lynn_5003420-EA-000,c8998066-d39b-401c-aa6b-d6d18f8d122f,New World New Lynn,New World,West Auckland,5003420-EA-000,Original Soy Milk,Vitasoy,1l,4.49,Fresh Milk & Plant Milk
new_world_new_lynn_5004887-EA-000,c8998066-d39b-401c-aa6b-d6d18f8d122f,New World New Lynn,New World,West Auckland,5004887-EA-000,Lite Soy Milk,Pams Plant Based,1l,2.99,Fresh Milk & Plant Milk
new_world_new_lynn_5014501-EA-000,c8998066-d39b-401c-aa6b-d6d18f8d122f,New World New Lynn,New World,West Auckland,5014501-EA-000,Unsweetened Oat Milk,Vitasoy,1l,3.59,Fresh Milk & Plant Milk
new_world_new_lynn_5294478-EA-000,c8998066-d39b-401c-aa6b-d6d18f8d122f,New World New Lynn,New World,West Auckland,5294478-EA-000,Oat Milk Barista Grade,Boring,1l,4.89,Fresh Milk & Plant Milk
new_world_new_lynn_5269316-EA-000,c8998066-d39b-401c-aa6b-d6d18f8d122f,New World New Lynn,New World,West Auckland,5269316-EA-000,The Barista One Milk,Otis Oat Milk,1l,4.69,Fresh Milk & Plant Milk
new_world_new_lynn_5273198-EA-000,c8998066-d39b-401c-aa6b-d6d18f8d122f,New World New Lynn,New World,West Auckland,5273198-EA-000,No Added Sugar Oat Milk,Sanitarium So Good,1l,4.09,Fresh Milk & Plant Milk
new_world_new_lynn_5269330-EA-000,c8998066-d39b-401c-aa6b-d6d18f8d122f,New World New Lynn,New World,West Auckland,5269330-EA-000,Barista Edition Oat Milk,Sanitarium So Good,1l,4.99,Fresh Milk & Plant Milk
new_world_new_lynn_5030647-EA-000,c8998066-d39b-401c-aa6b-d6d18f8d122f,New World New Lynn,New World,West Auckland,5030647-EA-000,Unsweetened Almond Milk UHT,Sanitarium So Good,1l,4.99,Fresh Milk & Plant Milk
new_world_new_lynn_5037993-EA-000,c8998066-d39b-401c-aa6b-d6d18f8d122f,New World New Lynn,New World,West Auckland,5037993-EA-000,Unsweetened Almond Milk,Vitasoy,1l,4.19,Fresh Milk & Plant Milk
new_world_new_lynn_5269328-EA-000,c8998066-d39b-401c-aa6b-d6d18f8d122f,New World New Lynn,New World,West Auckland,5269328-EA-000,Barista Edition Almond Milk,Sanitarium So Good,1l,4.59,Fresh Milk & Plant Milk
new_world_new_lynn_5289064-EA-000,c8998066-d39b-401c-aa6b-d6d18f8d122f,New World New Lynn,New World,West Auckland,5289064-EA-000,High Protein Almond Milk,Sanitarium So Good,1l,4.59,Fresh Milk & Plant Milk
new_world_new_lynn_5029021-EA-000,c8998066-d39b-401c-aa6b-d6d18f8d122f,New World New Lynn,New World,West Auckland,5029021-EA-000,Unsweetened Almond Milk,Pams Plant Based,1l,3.99,Fresh Milk & Plant Milk
new_world_new_lynn_5101827-EA-000,c8998066-d39b-401c-aa6b-d6d18f8d122f,New World New Lynn,New World,West Auckland,5101827-EA-000,Natural Free-Range Eggs,Natural Free-Range Co,12pk,11.79,Eggs
new_world_new_lynn_5006293-EA-000,c8998066-d39b-401c-aa6b-d6d18f8d122f,New World New Lynn,New World,West Auckland,5006293-EA-000,Free Range Mixed Grade Eggs,Pams Free Range,12pk,8.99,Eggs
new_world_new_lynn_5094568-EA-000,c8998066-d39b-401c-aa6b-d6d18f8d122f,New World New Lynn,New World,West Auckland,5094568-EA-000,Free Range Grade 7 Eggs,Woodland,6pk,6.79,Eggs
new_world_new_lynn_5322429-EA-000,c8998066-d39b-401c-aa6b-d6d18f8d122f,New World New Lynn,New World,West Auckland,5322429-EA-000,Free Range Size 7 Eggs,eg.,12pk,10.79,Eggs
new_world_new_lynn_5202411-EA-000,c8998066-d39b-401c-aa6b-d6d18f8d122f,New World New Lynn,New World,West Auckland,5202411-EA-000,Premium Free Range Size 7 Eggs,Otaika Valley,12pk,12.59,Eggs
new_world_new_lynn_5240876-EA-000,c8998066-d39b-401c-aa6b-d6d18f8d122f,New World New Lynn,New World,West Auckland,5240876-EA-000,Fresh Colony Caged Size 7 Eggs,Farmer Brown,12pk,8.69,Eggs
new_world_new_lynn_5309533-EA-000,c8998066-d39b-401c-aa6b-d6d18f8d122f,New World New Lynn,New World,West Auckland,5309533-EA-000,Fresh Colony Caged Size 8 Eggs,Farmer Brown,10pk,8.49,Eggs
new_world_new_lynn_5232073-EA-000,c8998066-d39b-401c-aa6b-d6d18f8d122f,New World New Lynn,New World,West Auckland,5232073-EA-000,American Style Cheddar Cheese Slices,Dairyworks,200g,5.6,"Cheese, Butter & Yoghurt"
new_world_new_lynn_5306817-EA-000,c8998066-d39b-401c-aa6b-d6d18f8d122f,New World New Lynn,New World,West Auckland,5306817-EA-000,Grated Cheddar Cheese,Rolling Meadow,500g,8.96,"Cheese, Butter & Yoghurt"
new_world_new_lynn_5268696-EA-000,c8998066-d39b-401c-aa6b-d6d18f8d122f,New World New Lynn,New World,West Auckland,5268696-EA-000,Tasty Cheddar Cheese,Pams,800g,13.53,"Cheese, Butter & Yoghurt"
new_world_new_lynn_5007358-EA-000,c8998066-d39b-401c-aa6b-d6d18f8d122f,New World New Lynn,New World,West Auckland,5007358-EA-000,Tasty Cheddar Cheese,Pams,500g,10.44,"Cheese, Butter & Yoghurt"
new_world_new_lynn_5003260-EA-000,c8998066-d39b-401c-aa6b-d6d18f8d122f,New World New Lynn,New World,West Auckland,5003260-EA-000,Sharp & Crumbly Vintage Cheddar Cheese,Mainland,250g,11.19,"Cheese, Butter & Yoghurt"
new_world_new_lynn_5017804-EA-000,c8998066-d39b-401c-aa6b-d6d18f8d122f,New World New Lynn,New World,West Auckland,5017804-EA-000,Mozzarella Grated Cheese,Rolling Meadow,500g,11.37,"Cheese, Butter & Yoghurt"
new_world_new_lynn_5007482-EA-000,c8998066-d39b-401c-aa6b-d6d18f8d122f,New World New Lynn,New World,West Auckland,5007482-EA-000,Mozzarella Grated Cheese,Pams,375g,9.41,"Cheese, Butter & Yoghurt"
new_world_new_lynn_5012908-EA-000,c8998066-d39b-401c-aa6b-d6d18f8d122f,New World New Lynn,New World,West Auckland,5012908-EA-000,Smooth&  Stretchy Mozzarella Grated Cheese,Mainland,375g,9.99,"Cheese, Butter & Yoghurt"
new_world_new_lynn_5319598-EA-000,c8998066-d39b-401c-aa6b-d6d18f8d122f,New World New Lynn,New World,West Auckland,5319598-EA-000,Mozzarella Grated Cheese,Dairyworks,100g,4.32,"Cheese, Butter & Yoghurt"
new_world_new_lynn_5022636-EA-000,c8998066-d39b-401c-aa6b-d6d18f8d122f,New World New Lynn,New World,West Auckland,5022636-EA-000,Mozzarella,Massimo's,125g,6.99,"Cheese, Butter & Yoghurt"
new_world_new_lynn_5232466-EA-000,c8998066-d39b-401c-aa6b-d6d18f8d122f,New World New Lynn,New World,West Auckland,5232466-EA-000,Grated Parmesan Cheese,Dairyworks,200g,8.0,"Cheese, Butter & Yoghurt"
new_world_new_lynn_5013767-EA-000,c8998066-d39b-401c-aa6b-d6d18f8d122f,New World New Lynn,New World,West Auckland,5013767-EA-000,Parmesan Cheese,Mainland,200g,9.59,"Cheese, Butter & Yoghurt"
new_world_new_lynn_5016706-EA-000,c8998066-d39b-401c-aa6b-d6d18f8d122f,New World New Lynn,New World,West Auckland,5016706-EA-000,Grated Parmesan Cheese,Mainland,200g,10.59,"Cheese, Butter & Yoghurt"
new_world_new_lynn_5347658-EA-000,c8998066-d39b-401c-aa6b-d6d18f8d122f,New World New Lynn,New World,West Auckland,5347658-EA-000,Parmesan Cheese,Perfect Italiano,200g,9.99,"Cheese, Butter & Yoghurt"
new_world_new_lynn_5022806-EA-000,c8998066-d39b-401c-aa6b-d6d18f8d122f,New World New Lynn,New World,West Auckland,5022806-EA-000,Parmesan Powder Cheese,Dairyworks,100g,6.6,"Cheese, Butter & Yoghurt"
new_world_new_lynn_5002842-EA-000,c8998066-d39b-401c-aa6b-d6d18f8d122f,New World New Lynn,New World,West Auckland,5002842-EA-000,Salted Butter,Mainland,500g,9.99,"Cheese, Butter & Yoghurt"
new_world_new_lynn_5013505-EA-000,c8998066-d39b-401c-aa6b-d6d18f8d122f,New World New Lynn,New World,West Auckland,5013505-EA-000,Salted Buttersoft Spreadable Butter,Mainland,375g,12.99,"Cheese, Butter & Yoghurt"
new_world_new_lynn_5003216-EA-000,c8998066-d39b-401c-aa6b-d6d18f8d122f,New World New Lynn,New World,West Auckland,5003216-EA-000,Salted Butter,Mainland,250g,7.49,"Cheese, Butter & Yoghurt"
new_world_new_lynn_5020175-EA-000,c8998066-d39b-401c-aa6b-d6d18f8d122f,New World New Lynn,New World,West Auckland,5020175-EA-000,Premium New Zealand Lightly Salted Butter,Lewis Road Creamery,250g,9.17,"Cheese, Butter & Yoghurt"
new_world_new_lynn_5021118-EA-000,c8998066-d39b-401c-aa6b-d6d18f8d122f,New World New Lynn,New World,West Auckland,5021118-EA-000,Organic Times Lightly Salted Butter,Biofarm,250g,10.89,"Cheese, Butter & Yoghurt"
new_world_new_lynn_5002843-EA-000,c8998066-d39b-401c-aa6b-d6d18f8d122f,New World New Lynn,New World,West Auckland,5002843-EA-000,Unsalted Butter,Mainland,500g,9.99,"Cheese, Butter & Yoghurt"
new_world_new_lynn_5205004-EA-000,c8998066-d39b-401c-aa6b-d6d18f8d122f,New World New Lynn,New World,West Auckland,5205004-EA-000,Unsalted Grass Fed New Zealand Butter,Westgold,400g,8.89,"Cheese, Butter & Yoghurt"
new_world_new_lynn_5020174-EA-000,c8998066-d39b-401c-aa6b-d6d18f8d122f,New World New Lynn,New World,West Auckland,5020174-EA-000,Premium New Zealand Unsalted Butter,Lewis Road Creamery,250g,9.17,"Cheese, Butter & Yoghurt"
new_world_new_lynn_5290084-EA-000,c8998066-d39b-401c-aa6b-d6d18f8d122f,New World New Lynn,New World,West Auckland,5290084-EA-000,Unsalted Butter,Organic Times,250g,10.89,"Cheese, Butter & Yoghurt"
new_world_new_lynn_5200783-EA-000,c8998066-d39b-401c-aa6b-d6d18f8d122f,New World New Lynn,New World,West Auckland,5200783-EA-000,Unsalted Butter,Petit Normand,200g,7.19,"Cheese, Butter & Yoghurt"
new_world_new_lynn_5223553-EA-000,c8998066-d39b-401c-aa6b-d6d18f8d122f,New World New Lynn,New World,West Auckland,5223553-EA-000,Kalo Natural Greek Yoghurt,Meadow Fresh,800g,9.29,"Cheese, Butter & Yoghurt"
new_world_new_lynn_5281810-EA-000,c8998066-d39b-401c-aa6b-d6d18f8d122f,New World New Lynn,New World,West Auckland,5281810-EA-000,Greek Natural Thick 'n Creamy Yoghurt,Fresh 'n Fruity,1kg,7.79,"Cheese, Butter & Yoghurt"
new_world_new_lynn_5241937-EA-000,c8998066-d39b-401c-aa6b-d6d18f8d122f,New World New Lynn,New World,West Auckland,5241937-EA-000,Kalo Vanilla Bean Authentic Greek Yoghurt,Meadow Fresh,800g,9.29,"Cheese, Butter & Yoghurt"
new_world_new_lynn_5007517-EA-000,c8998066-d39b-401c-aa6b-d6d18f8d122f,New World New Lynn,New World,West Auckland,5007517-EA-000,Natural Greek Style Yogurt,Yoplait,2 x 125g,3.79,"Cheese, Butter & Yoghurt"
new_world_new_lynn_5212777-EA-000,c8998066-d39b-401c-aa6b-d6d18f8d122f,New World New Lynn,New World,West Auckland,5212777-EA-000,Protein+ Natural Unsweetened Greek Style Yoghurt,Anchor,950g,9.89,"Cheese, Butter & Yoghurt"
new_world_new_lynn_5274474-EA-000,c8998066-d39b-401c-aa6b-d6d18f8d122f,New World New Lynn,New World,West Auckland,5274474-EA-000,All Natural Plain Unsweetened Yoghurt,De Winkel,4 x 125g,6.49,"Cheese, Butter & Yoghurt"
new_world_new_lynn_5005219-EA-000,c8998066-d39b-401c-aa6b-d6d18f8d122f,New World New Lynn,New World,West Auckland,5005219-EA-000,All Natural Plain Unsweetened Yoghurt,De Winkel,1kg,6.99,"Cheese, Butter & Yoghurt"
new_world_new_lynn_5289267-EA-000,c8998066-d39b-401c-aa6b-d6d18f8d122f,New World New Lynn,New World,West Auckland,5289267-EA-000,Max Protein Plain Greek Style Unsweetened Yoghurt,Yoplait,900g,9.69,"Cheese, Butter & Yoghurt"
new_world_new_lynn_5028852-EA-000,c8998066-d39b-401c-aa6b-d6d18f8d122f,New World New Lynn,New World,West Auckland,5028852-EA-000,Fresh Cream,Pams,300ml,3.19,"Cheese, Butter & Yoghurt"
new_world_new_lynn_5040641-EA-000,c8998066-d39b-401c-aa6b-d6d18f8d122f,New World New Lynn,New World,West Auckland,5040641-EA-000,Fresh Cream,Pams,500ml,4.79,"Cheese, Butter & Yoghurt"
new_world_new_lynn_5000526-EA-000,c8998066-d39b-401c-aa6b-d6d18f8d122f,New World New Lynn,New World,West Auckland,5000526-EA-000,Pure Cream,Anchor,300ml,3.45,"Cheese, Butter & Yoghurt"
new_world_new_lynn_5028855-EA-000,c8998066-d39b-401c-aa6b-d6d18f8d122f,New World New Lynn,New World,West Auckland,5028855-EA-000,Cream,Pams,1l,9.35,"Cheese, Butter & Yoghurt"
new_world_new_lynn_5026102-EA-000,c8998066-d39b-401c-aa6b-d6d18f8d122f,New World New Lynn,New World,West Auckland,5026102-EA-000,Pure Cream,Anchor,500ml,5.09,"Cheese, Butter & Yoghurt"
new_world_new_lynn_5027140-EA-000,c8998066-d39b-401c-aa6b-d6d18f8d122f,New World New Lynn,New World,West Auckland,5027140-EA-000,Traditional Sour Cream,Meadow Fresh,250g,4.69,"Cheese, Butter & Yoghurt"
new_world_new_lynn_5008633-EA-000,c8998066-d39b-401c-aa6b-d6d18f8d122f,New World New Lynn,New World,West Auckland,5008633-EA-000,Original Sour Cream,Anchor,250g,4.69,"Cheese, Butter & Yoghurt"
new_world_new_lynn_5027137-EA-000,c8998066-d39b-401c-aa6b-d6d18f8d122f,New World New Lynn,New World,West Auckland,5027137-EA-000,Traditional Sour Cream,Meadow Fresh,125g,2.39,"Cheese, Butter & Yoghurt"
new_world_new_lynn_5303622-EA-000,c8998066-d39b-401c-aa6b-d6d18f8d122f,New World New Lynn,New World,West Auckland,5303622-EA-000,Sour Cream Straight Up Squeezers,The Collective,250g,4.79,"Cheese, Butter & Yoghurt"
new_world_new_lynn_5027139-EA-000,c8998066-d39b-401c-aa6b-d6d18f8d122f,New World New Lynn,New World,West Auckland,5027139-EA-000,Lite Sour Cream,Meadow Fresh,250g,4.69,"Cheese, Butter & Yoghurt"
new_world_new_lynn_5004743-EA-000,c8998066-d39b-401c-aa6b-d6d18f8d122f,New World New Lynn,New World,West Auckland,5004743-EA-000,Jasmine Rice,Pams,1kg,3.49,"Rice, Pasta & Noodles"
new_world_new_lynn_5303222-EA-000,c8998066-d39b-401c-aa6b-d6d18f8d122f,New World New Lynn,New World,West Auckland,5303222-EA-000,Thai Jasmine Rice,Fortune,1kg,3.89,"Rice, Pasta & Noodles"
new_world_new_lynn_5002638-EA-000,c8998066-d39b-401c-aa6b-d6d18f8d122f,New World New Lynn,New World,West Auckland,5002638-EA-000,Fragrant Jasmine Aromatic Long Grain Rice,King's Choice,1kg,3.89,"Rice, Pasta & Noodles"
new_world_new_lynn_5303803-EA-000,c8998066-d39b-401c-aa6b-d6d18f8d122f,New World New Lynn,New World,West Auckland,5303803-EA-000,Thai Jasmine Rice,Fortune,5kg,15.99,"Rice, Pasta & Noodles"
new_world_new_lynn_5021496-EA-000,c8998066-d39b-401c-aa6b-d6d18f8d122f,New World New Lynn,New World,West Auckland,5021496-EA-000,Jasmine Rice,SunRice,1kg,4.04,"Rice, Pasta & Noodles"
new_world_new_lynn_5002637-EA-000,c8998066-d39b-401c-aa6b-d6d18f8d122f,New World New Lynn,New World,West Auckland,5002637-EA-000,Highland Basmati Aromatic Long Grain Rice,King's Choice,1kg,3.99,"Rice, Pasta & Noodles"
new_world_new_lynn_5005241-EA-000,c8998066-d39b-401c-aa6b-d6d18f8d122f,New World New Lynn,New World,West Auckland,5005241-EA-000,Basmati Rice,Pams,1kg,3.69,"Rice, Pasta & Noodles"
new_world_new_lynn_5315537-EA-000,c8998066-d39b-401c-aa6b-d6d18f8d122f,New World New Lynn,New World,West Auckland,5315537-EA-000,Basmati Steamed Rice,Pams,250g,2.79,"Rice, Pasta & Noodles"
new_world_new_lynn_5298259-EA-000,c8998066-d39b-401c-aa6b-d6d18f8d122f,New World New Lynn,New World,West Auckland,5298259-EA-000,Original Basmati Rice Microwave Pouch,Ben's,250g,3.29,"Rice, Pasta & Noodles"
new_world_new_lynn_5314554-EA-000,c8998066-d39b-401c-aa6b-d6d18f8d122f,New World New Lynn,New World,West Auckland,5314554-EA-000,Basmati Rice,Pams,2 x 125g,2.89,"Rice, Pasta & Noodles"
new_world_new_lynn_5025406-EA-000,c8998066-d39b-401c-aa6b-d6d18f8d122f,New World New Lynn,New World,West Auckland,5025406-EA-000,Spaghetti In Tomato Sauce,Wattie's,3 x 420g,6.79,"Rice, Pasta & Noodles"
new_world_new_lynn_5323416-EA-000,c8998066-d39b-401c-aa6b-d6d18f8d122f,New World New Lynn,New World,West Auckland,5323416-EA-000,Spaghetti Pasta,Pams,500g,1.79,"Rice, Pasta & Noodles"
new_world_new_lynn_5002634-EA-000,c8998066-d39b-401c-aa6b-d6d18f8d122f,New World New Lynn,New World,West Auckland,5002634-EA-000,Spaghetti Pasta,Diamond,500g,2.99,"Rice, Pasta & Noodles"
new_world_new_lynn_5002082-EA-000,c8998066-d39b-401c-aa6b-d6d18f8d122f,New World New Lynn,New World,West Auckland,5002082-EA-000,Spaghetti In Tomato Sauce,Wattie's,420g,2.89,"Rice, Pasta & Noodles"
new_world_new_lynn_5002077-EA-000,c8998066-d39b-401c-aa6b-d6d18f8d122f,New World New Lynn,New World,West Auckland,5002077-EA-000,Spaghetti In Tomato Sauce,Oak,420g,1.89,"Rice, Pasta & Noodles"
new_world_new_lynn_5323415-EA-000,c8998066-d39b-401c-aa6b-d6d18f8d122f,New World New Lynn,New World,West Auckland,5323415-EA-000,Penne Pasta,Pams,500g,1.79,"Rice, Pasta & Noodles"
new_world_new_lynn_5002515-EA-000,c8998066-d39b-401c-aa6b-d6d18f8d122f,New World New Lynn,New World,West Auckland,5002515-EA-000,Penne Pasta,Diamond,500g,2.99,"Rice, Pasta & Noodles"
new_world_new_lynn_5013996-EA-000,c8998066-d39b-401c-aa6b-d6d18f8d122f,New World New Lynn,New World,West Auckland,5013996-EA-000,Penne Rigate Pasta,Barilla,500g,4.29,"Rice, Pasta & Noodles"
new_world_new_lynn_5002631-EA-000,c8998066-d39b-401c-aa6b-d6d18f8d122f,New World New Lynn,New World,West Auckland,5002631-EA-000,Penne No 18 Pasta,San Remo,500g,3.29,"Rice, Pasta & Noodles"
new_world_new_lynn_5204819-EA-000,c8998066-d39b-401c-aa6b-d6d18f8d122f,New World New Lynn,New World,West Auckland,5204819-EA-000,Penne Rigate Pasta,Ghiotti,500g,5.29,"Rice, Pasta & Noodles"
new_world_new_lynn_5012937-EA-000,c8998066-d39b-401c-aa6b-d6d18f8d122f,New World New Lynn,New World,West Auckland,5012937-EA-000,Round Cut Egg Noodles,High Mark,280g,3.09,"Rice, Pasta & Noodles"
new_world_new_lynn_5010232-EA-000,c8998066-d39b-401c-aa6b-d6d18f8d122f,New World New Lynn,New World,West Auckland,5010232-EA-000,Ribbon Cut Egg Noodles,High Mark,280g,3.09,"Rice, Pasta & Noodles"
new_world_new_lynn_5221893-EA-000,c8998066-d39b-401c-aa6b-d6d18f8d122f,New World New Lynn,New World,West Auckland,5221893-EA-000,Fresh Noodles,Lian Huat,500g,6.59,"Rice, Pasta & Noodles"
new_world_new_lynn_5011508-EA-000,c8998066-d39b-401c-aa6b-d6d18f8d122f,New World New Lynn,New World,West Auckland,5011508-EA-000,Fine Cut Egg Noodles,High Mark,280g,3.09,"Rice, Pasta & Noodles"
new_world_new_lynn_5019201-EA-000,c8998066-d39b-401c-aa6b-d6d18f8d122f,New World New Lynn,New World,West Auckland,5019201-EA-000,Hokkien Noodles Twin Pack,Pams,2 x 200g,3.09,"Rice, Pasta & Noodles"
new_world_new_lynn_5280130-EA-000,c8998066-d39b-401c-aa6b-d6d18f8d122f,New World New Lynn,New World,West Auckland,5280130-EA-000,Buldak Carbonara Hot Chicken Ramen Noodles,Samyang,5 x 130g,12.79,"Rice, Pasta & Noodles"
new_world_new_lynn_5094361-EA-000,c8998066-d39b-401c-aa6b-d6d18f8d122f,New World New Lynn,New World,West Auckland,5094361-EA-000,Jin Ramen Mild Noodle Soup,Otoki,65g,2.19,"Rice, Pasta & Noodles"
new_world_new_lynn_5253589-EA-000,c8998066-d39b-401c-aa6b-d6d18f8d122f,New World New Lynn,New World,West Auckland,5253589-EA-000,Mild Multi Jin Ramen Noodles,Otoki,5 x 120g,8.59,"Rice, Pasta & Noodles"
new_world_new_lynn_5023884-EA-000,c8998066-d39b-401c-aa6b-d6d18f8d122f,New World New Lynn,New World,West Auckland,5023884-EA-000,Snack Ramen Noodles Cup,Ottogi,62g,2.19,"Rice, Pasta & Noodles"
new_world_new_lynn_5253593-EA-000,c8998066-d39b-401c-aa6b-d6d18f8d122f,New World New Lynn,New World,West Auckland,5253593-EA-000,Spicy Multi Jin Ramen Noodles,Otoki,5 x 120g,8.59,"Rice, Pasta & Noodles"
new_world_new_lynn_5343765-EA-000,c8998066-d39b-401c-aa6b-d6d18f8d122f,New World New Lynn,New World,West Auckland,5343765-EA-000,Rolled Oats,Pams,1.5kg,4.89,"Breakfast Cereals, Oats & Spreads"
new_world_new_lynn_5343766-EA-000,c8998066-d39b-401c-aa6b-d6d18f8d122f,New World New Lynn,New World,West Auckland,5343766-EA-000,Rolled Oats,Pams,750g,2.49,"Breakfast Cereals, Oats & Spreads"
new_world_new_lynn_5011855-EA-000,c8998066-d39b-401c-aa6b-d6d18f8d122f,New World New Lynn,New World,West Auckland,5011855-EA-000,Rolled Oats,Harraways,1.5kg,7.79,"Breakfast Cereals, Oats & Spreads"
new_world_new_lynn_5011507-EA-000,c8998066-d39b-401c-aa6b-d6d18f8d122f,New World New Lynn,New World,West Auckland,5011507-EA-000,Rolled Oats,Harraways,800g,5.49,"Breakfast Cereals, Oats & Spreads"
new_world_new_lynn_5016454-EA-000,c8998066-d39b-401c-aa6b-d6d18f8d122f,New World New Lynn,New World,West Auckland,5016454-EA-000,Wholegrain Oats,Pams,1kg,3.89,"Bread, Wraps & Bakery"
new_world_new_lynn_5302626-EA-000,c8998066-d39b-401c-aa6b-d6d18f8d122f,New World New Lynn,New World,West Auckland,5302626-EA-000,Cocoa Puffs Breakfast Cereal,Pams,500g,3.99,"Breakfast Cereals, Oats & Spreads"
new_world_new_lynn_5291355-EA-000,c8998066-d39b-401c-aa6b-d6d18f8d122f,New World New Lynn,New World,West Auckland,5291355-EA-000,Light & Right Peach Breakfast Cereal,Hubbards,450g,8.49,"Breakfast Cereals, Oats & Spreads"
new_world_new_lynn_5003838-EA-000,c8998066-d39b-401c-aa6b-d6d18f8d122f,New World New Lynn,New World,West Auckland,5003838-EA-000,Rice Snaps,Pams,460g,3.19,"Rice, Pasta & Noodles"
new_world_new_lynn_5007312-EA-000,c8998066-d39b-401c-aa6b-d6d18f8d122f,New World New Lynn,New World,West Auckland,5007312-EA-000,Sultana Bran Breakfast Cereal,Kellogg's,420g,8.79,"Breakfast Cereals, Oats & Spreads"
new_world_new_lynn_5032849-EA-000,c8998066-d39b-401c-aa6b-d6d18f8d122f,New World New Lynn,New World,West Auckland,5032849-EA-000,Nesquik Chocolate Breakfast Cereal,Nestle,600g,9.79,"Breakfast Cereals, Oats & Spreads"
new_world_new_lynn_5002800-EA-000,c8998066-d39b-401c-aa6b-d6d18f8d122f,New World New Lynn,New World,West Auckland,5002800-EA-000,Breakfast Cereal,Sanitarium Weet-Bix,750g,6.99,"Breakfast Cereals, Oats & Spreads"
new_world_new_lynn_5035008-EA-000,c8998066-d39b-401c-aa6b-d6d18f8d122f,New World New Lynn,New World,West Auckland,5035008-EA-000,Breakfast Cereal,Sanitarium Weet-Bix,1.2kg,9.49,"Breakfast Cereals, Oats & Spreads"
new_world_new_lynn_5002799-EA-000,c8998066-d39b-401c-aa6b-d6d18f8d122f,New World New Lynn,New World,West Auckland,5002799-EA-000,Breakfast Cereal,Sanitarium Weet-Bix,375g,4.99,"Breakfast Cereals, Oats & Spreads"
new_world_new_lynn_5032006-EA-000,c8998066-d39b-401c-aa6b-d6d18f8d122f,New World New Lynn,New World,West Auckland,5032006-EA-000,Gluten Free Breakfast Cereal,Sanitarium Weet-Bix,375g,7.79,"Breakfast Cereals, Oats & Spreads"
new_world_new_lynn_5014712-EA-000,c8998066-d39b-401c-aa6b-d6d18f8d122f,New World New Lynn,New World,West Auckland,5014712-EA-000,Wild Berry Bites Breakfast Cereal,Sanitarium Weet-Bix,500g,8.49,"Breakfast Cereals, Oats & Spreads"
new_world_new_lynn_5009506-EA-000,c8998066-d39b-401c-aa6b-d6d18f8d122f,New World New Lynn,New World,West Auckland,5009506-EA-000,Supersoft White Toast Bread,Tip Top,700g,4.29,"Bread, Wraps & Bakery"
new_world_new_lynn_5013058-EA-000,c8998066-d39b-401c-aa6b-d6d18f8d122f,New World New Lynn,New World,West Auckland,5013058-EA-000,White Toast Bread,Sunny Crust,600g,2.82,"Bread, Wraps & Bakery"
new_world_new_lynn_5026067-EA-000,c8998066-d39b-401c-aa6b-d6d18f8d122f,New World New Lynn,New World,West Auckland,5026067-EA-000,White Toast Bread,Nature's Fresh,700g,4.21,"Bread, Wraps & Bakery"
new_world_new_lynn_5092911-EA-000,c8998066-d39b-401c-aa6b-d6d18f8d122f,New World New Lynn,New World,West Auckland,5092911-EA-000,White Toast Fresh Sliced Bread,Pams Value,600g,2.12,"Bread, Wraps & Bakery"
new_world_new_lynn_5026013-EA-000,c8998066-d39b-401c-aa6b-d6d18f8d122f,New World New Lynn,New World,West Auckland,5026013-EA-000,White Super Thick Toast Bread,Nature's Fresh,700g,4.21,"Bread, Wraps & Bakery"
new_world_new_lynn_5338629-EA-000,c8998066-d39b-401c-aa6b-d6d18f8d122f,New World New Lynn,New World,West Auckland,5338629-EA-000,Glorious Grains Original Wholegrain Bread,Ploughmans Bakery,700g,4.39,"Bread, Wraps & Bakery"
new_world_new_lynn_5341016-EA-000,c8998066-d39b-401c-aa6b-d6d18f8d122f,New World New Lynn,New World,West Auckland,5341016-EA-000,Wholegrain Soft Wraps,Rebel Bakehouse,6 x 63g,5.99,"Bread, Wraps & Bakery"
new_world_new_lynn_5018055-EA-000,c8998066-d39b-401c-aa6b-d6d18f8d122f,New World New Lynn,New World,West Auckland,5018055-EA-000,Wholegrain Tortillas,Pams,6pk,3.59,"Bread, Wraps & Bakery"
new_world_new_lynn_5238867-EA-000,c8998066-d39b-401c-aa6b-d6d18f8d122f,New World New Lynn,New World,West Auckland,5238867-EA-000,Whole Grain Rye Bread,Haverland,500g,5.69,"Bread, Wraps & Bakery"
new_world_new_lynn_5025259-EA-000,c8998066-d39b-401c-aa6b-d6d18f8d122f,New World New Lynn,New World,West Auckland,5025259-EA-000,Flour Super Soft & Flexible Mini Tortillas,Old El Paso,10pk,5.89,"Bread, Wraps & Bakery"
new_world_new_lynn_5016678-EA-000,c8998066-d39b-401c-aa6b-d6d18f8d122f,New World New Lynn,New World,West Auckland,5016678-EA-000,Wraps Premium White,Farrah's,6pk,6.99,"Bread, Wraps & Bakery"
new_world_new_lynn_5200051-EA-000,c8998066-d39b-401c-aa6b-d6d18f8d122f,New World New Lynn,New World,West Auckland,5200051-EA-000,Flame Baked Taco Tortillas,Farrah's,12pk,6.99,"Bread, Wraps & Bakery"
new_world_new_lynn_5200052-EA-000,c8998066-d39b-401c-aa6b-d6d18f8d122f,New World New Lynn,New World,West Auckland,5200052-EA-000,Flame Baked Tortillas,Farrah's,10pk,6.99,"Bread, Wraps & Bakery"
new_world_new_lynn_5016680-EA-000,c8998066-d39b-401c-aa6b-d6d18f8d122f,New World New Lynn,New World,West Auckland,5016680-EA-000,Multigrain Wraps,Farrah's,6pk,6.99,"Bread, Wraps & Bakery"
new_world_new_lynn_5006275-EA-000,c8998066-d39b-401c-aa6b-d6d18f8d122f,New World New Lynn,New World,West Auckland,5006275-EA-000,White Round Pita Bread,Pams,8 x 43.8g,3.79,"Bread, Wraps & Bakery"
new_world_new_lynn_5029901-EA-000,c8998066-d39b-401c-aa6b-d6d18f8d122f,New World New Lynn,New World,West Auckland,5029901-EA-000,Garlic Flavour Pita Breads,Giannis,8pk,4.49,"Bread, Wraps & Bakery"
new_world_new_lynn_5008178-EA-000,c8998066-d39b-401c-aa6b-d6d18f8d122f,New World New Lynn,New World,West Auckland,5008178-EA-000,Original Pita Bread,Danny's,5pk,6.09,"Bread, Wraps & Bakery"
new_world_new_lynn_5229326-EA-000,c8998066-d39b-401c-aa6b-d6d18f8d122f,New World New Lynn,New World,West Auckland,5229326-EA-000,Round Wholemeal Pita,Pams,8pk,3.79,"Bread, Wraps & Bakery"
new_world_new_lynn_5028784-EA-000,c8998066-d39b-401c-aa6b-d6d18f8d122f,New World New Lynn,New World,West Auckland,5028784-EA-000,Wholemeal Pita Breads,Giannis,8pk,4.49,"Bread, Wraps & Bakery"
new_world_new_lynn_5009507-EA-000,c8998066-d39b-401c-aa6b-d6d18f8d122f,New World New Lynn,New World,West Auckland,5009507-EA-000,Supersoft Burger Buns,Tip Top,6pk,4.89,"Bread, Wraps & Bakery"
new_world_new_lynn_5110825-EA-000,c8998066-d39b-401c-aa6b-d6d18f8d122f,New World New Lynn,New World,West Auckland,5110825-EA-000,Dinner Rolls,,12pk,4.29,"Bread, Wraps & Bakery"
new_world_new_lynn_5121946-EA-000,c8998066-d39b-401c-aa6b-d6d18f8d122f,New World New Lynn,New World,West Auckland,5121946-EA-000,Plain White Rolls,,6pk,3.89,"Bread, Wraps & Bakery"
new_world_new_lynn_5323568-EA-000,c8998066-d39b-401c-aa6b-d6d18f8d122f,New World New Lynn,New World,West Auckland,5323568-EA-000,King Size Burger Buns,Pams,8pk,5.24,"Bread, Wraps & Bakery"
new_world_new_lynn_5118178-EA-000,c8998066-d39b-401c-aa6b-d6d18f8d122f,New World New Lynn,New World,West Auckland,5118178-EA-000,Ciabatta Buns,,6pk,6.49,"Bread, Wraps & Bakery"
new_world_new_lynn_5003829-EA-000,c8998066-d39b-401c-aa6b-d6d18f8d122f,New World New Lynn,New World,West Auckland,5003829-EA-000,Pure Plain Flour,Pams,1.5kg,2.0,"Flour, Sugar & Baking"
new_world_new_lynn_5003830-EA-000,c8998066-d39b-401c-aa6b-d6d18f8d122f,New World New Lynn,New World,West Auckland,5003830-EA-000,Pure Plain Flour,Pams,5kg,6.79,"Flour, Sugar & Baking"
new_world_new_lynn_5027521-EA-000,c8998066-d39b-401c-aa6b-d6d18f8d122f,New World New Lynn,New World,West Auckland,5027521-EA-000,Gluten Free Plain Flour,Edmonds,750g,6.59,"Flour, Sugar & Baking"
new_world_new_lynn_5327096-EA-000,c8998066-d39b-401c-aa6b-d6d18f8d122f,New World New Lynn,New World,West Auckland,5327096-EA-000,Gluten Free Plain Flour,Pams,750g,5.49,"Flour, Sugar & Baking"
new_world_new_lynn_5003844-EA-000,c8998066-d39b-401c-aa6b-d6d18f8d122f,New World New Lynn,New World,West Auckland,5003844-EA-000,Self Raising Flour,Pams,1.5kg,2.4,"Flour, Sugar & Baking"
new_world_new_lynn_5286792-EA-000,c8998066-d39b-401c-aa6b-d6d18f8d122f,New World New Lynn,New World,West Auckland,5286792-EA-000,Self Raising Flour,Edmonds,1.5kg,4.29,"Flour, Sugar & Baking"
new_world_new_lynn_5027519-EA-000,c8998066-d39b-401c-aa6b-d6d18f8d122f,New World New Lynn,New World,West Auckland,5027519-EA-000,Gluten Free Self Raising Flour,Edmonds,750g,6.59,"Flour, Sugar & Baking"
new_world_new_lynn_5327097-EA-000,c8998066-d39b-401c-aa6b-d6d18f8d122f,New World New Lynn,New World,West Auckland,5327097-EA-000,Gluten Free Self Raising Flour,Pams,750g,5.49,"Flour, Sugar & Baking"
new_world_new_lynn_5003885-EA-000,c8998066-d39b-401c-aa6b-d6d18f8d122f,New World New Lynn,New World,West Auckland,5003885-EA-000,White Sugar,Pams,1.5kg,3.44,"Flour, Sugar & Baking"
new_world_new_lynn_5002752-EA-000,c8998066-d39b-401c-aa6b-d6d18f8d122f,New World New Lynn,New World,West Auckland,5002752-EA-000,White Sugar,Chelsea,500g,2.49,"Flour, Sugar & Baking"
new_world_new_lynn_5002760-EA-000,c8998066-d39b-401c-aa6b-d6d18f8d122f,New World New Lynn,New World,West Auckland,5002760-EA-000,White Sugar,Chelsea,1.5kg,4.69,"Flour, Sugar & Baking"
new_world_new_lynn_5020337-EA-000,c8998066-d39b-401c-aa6b-d6d18f8d122f,New World New Lynn,New World,West Auckland,5020337-EA-000,White Sugar,Pams,500g,2.49,"Flour, Sugar & Baking"
new_world_new_lynn_5004782-EA-000,c8998066-d39b-401c-aa6b-d6d18f8d122f,New World New Lynn,New World,West Auckland,5004782-EA-000,White Sugar,Pams,3kg,6.99,"Flour, Sugar & Baking"
new_world_remuera_5045856-KGM-000,91e4dddd-aed7-4ccc-ad0b-dfe25805a495,New World Remuera,New World,East Auckland,5045856-KGM-000,Brown Onions,,kg,2.79,Fresh Vegetables
new_world_remuera_5264187-EA-000,91e4dddd-aed7-4ccc-ad0b-dfe25805a495,New World Remuera,New World,East Auckland,5264187-EA-000,Brown Onions,Pams,1.5kg,4.49,Fresh Vegetables
new_world_remuera_5223140-KGM-000,91e4dddd-aed7-4ccc-ad0b-dfe25805a495,New World Remuera,New World,East Auckland,5223140-KGM-000,Peeled Red Onions,,kg,5.49,Fresh Vegetables
new_world_remuera_5040009-EA-000,91e4dddd-aed7-4ccc-ad0b-dfe25805a495,New World Remuera,New World,East Auckland,5040009-EA-000,Spring Onions,,ea,2.79,Fresh Vegetables
new_world_remuera_5009708-EA-000,91e4dddd-aed7-4ccc-ad0b-dfe25805a495,New World Remuera,New World,East Auckland,5009708-EA-000,Onion Soup Mix Sachet,Maggi,32g,1.59,Fresh Vegetables
new_world_remuera_5045849-KGM-000,91e4dddd-aed7-4ccc-ad0b-dfe25805a495,New World Remuera,New World,East Auckland,5045849-KGM-000,White Washed Potatoes,,kg,3.49,Fresh Vegetables
new_world_remuera_5045841-KGM-000,91e4dddd-aed7-4ccc-ad0b-dfe25805a495,New World Remuera,New World,East Auckland,5045841-KGM-000,Yellow Agria Potatoes,,kg,4.29,Fresh Vegetables
new_world_remuera_5264181-EA-000,91e4dddd-aed7-4ccc-ad0b-dfe25805a495,New World Remuera,New World,East Auckland,5264181-EA-000,Washed Agria Potatoes,Pams,2kg,8.99,Fresh Vegetables
new_world_remuera_5264180-EA-000,91e4dddd-aed7-4ccc-ad0b-dfe25805a495,New World Remuera,New World,East Auckland,5264180-EA-000,Brushed Agria Potatoes,Pams,3kg,9.49,Fresh Vegetables
new_world_remuera_5088803-EA-000,91e4dddd-aed7-4ccc-ad0b-dfe25805a495,New World Remuera,New World,East Auckland,5088803-EA-000,Golden Baby Gourmet Potatoes,,1.5kg,6.99,Fresh Vegetables
new_world_remuera_5046565-KGM-000,91e4dddd-aed7-4ccc-ad0b-dfe25805a495,New World Remuera,New World,East Auckland,5046565-KGM-000,Loose Garlic,,kg,39.99,Fresh Vegetables
new_world_remuera_5008899-EA-000,91e4dddd-aed7-4ccc-ad0b-dfe25805a495,New World Remuera,New World,East Auckland,5008899-EA-000,Crushed Garlic,Pams,230g,2.49,Fresh Vegetables
new_world_remuera_5046145-EA-000,91e4dddd-aed7-4ccc-ad0b-dfe25805a495,New World Remuera,New World,East Auckland,5046145-EA-000,Garlic,,7pk,2.99,Fresh Vegetables
new_world_remuera_5241730-EA-000,91e4dddd-aed7-4ccc-ad0b-dfe25805a495,New World Remuera,New World,East Auckland,5241730-EA-000,Naturals Eco Garlic Powder,Mrs Rogers,40g,2.49,Fresh Vegetables
new_world_remuera_5046212-EA-000,91e4dddd-aed7-4ccc-ad0b-dfe25805a495,New World Remuera,New World,East Auckland,5046212-EA-000,Crushed Garlic,Healthy n Fresh,380g,4.49,Fresh Vegetables
new_world_remuera_5039965-KGM-000,91e4dddd-aed7-4ccc-ad0b-dfe25805a495,New World Remuera,New World,East Auckland,5039965-KGM-000,Carrots,,kg,1.99,Fresh Vegetables
new_world_remuera_5264186-EA-000,91e4dddd-aed7-4ccc-ad0b-dfe25805a495,New World Remuera,New World,East Auckland,5264186-EA-000,Washed Carrots,Pams,1.5kg,4.99,Fresh Vegetables
new_world_remuera_5245226-EA-000,91e4dddd-aed7-4ccc-ad0b-dfe25805a495,New World Remuera,New World,East Auckland,5245226-EA-000,Beta Bites Snacking Carrots,Wilcox,250g,3.99,Fresh Vegetables
new_world_remuera_5241265-EA-000,91e4dddd-aed7-4ccc-ad0b-dfe25805a495,New World Remuera,New World,East Auckland,5241265-EA-000,Carrot Batons,Pams,300g,4.29,Fresh Vegetables
new_world_remuera_5241267-EA-000,91e4dddd-aed7-4ccc-ad0b-dfe25805a495,New World Remuera,New World,East Auckland,5241267-EA-000,Shredded Carrots,Pams,300g,3.99,Fresh Vegetables
new_world_remuera_5039956-EA-000,91e4dddd-aed7-4ccc-ad0b-dfe25805a495,New World Remuera,New World,East Auckland,5039956-EA-000,Broccoli,,ea,1.79,Fresh Vegetables
new_world_remuera_5026158-EA-000,91e4dddd-aed7-4ccc-ad0b-dfe25805a495,New World Remuera,New World,East Auckland,5026158-EA-000,Broccoli,McCain,500g,3.99,Fresh Vegetables
new_world_remuera_5040608-EA-000,91e4dddd-aed7-4ccc-ad0b-dfe25805a495,New World Remuera,New World,East Auckland,5040608-EA-000,Bellaverde Sweet Stem Broccoli,,250g,4.99,Fresh Vegetables
new_world_remuera_5046507-EA-000,91e4dddd-aed7-4ccc-ad0b-dfe25805a495,New World Remuera,New World,East Auckland,5046507-EA-000,Cauliflower Half,,ea,2.49,Fresh Vegetables
new_world_remuera_5039966-EA-000,91e4dddd-aed7-4ccc-ad0b-dfe25805a495,New World Remuera,New World,East Auckland,5039966-EA-000,Cauliflower,,ea,4.99,Fresh Vegetables
new_world_remuera_5040098-KGM-000,91e4dddd-aed7-4ccc-ad0b-dfe25805a495,New World Remuera,New World,East Auckland,5040098-KGM-000,Loose Red Tomatoes,,kg,13.99,Fresh Vegetables
new_world_remuera_5040099-KGM-000,91e4dddd-aed7-4ccc-ad0b-dfe25805a495,New World Remuera,New World,East Auckland,5040099-KGM-000,Red Truss Tomatoes,,kg,13.99,Fresh Vegetables
new_world_remuera_5040543-EA-000,91e4dddd-aed7-4ccc-ad0b-dfe25805a495,New World Remuera,New World,East Auckland,5040543-EA-000,Angel Naturally Sweet Tomatoes,Beekist,200g,6.99,Fresh Vegetables
new_world_remuera_5028889-EA-000,91e4dddd-aed7-4ccc-ad0b-dfe25805a495,New World Remuera,New World,East Auckland,5028889-EA-000,Telegraph Cucumber,,ea,3.49,Fresh Vegetables
new_world_remuera_5092718-EA-000,91e4dddd-aed7-4ccc-ad0b-dfe25805a495,New World Remuera,New World,East Auckland,5092718-EA-000,Chopped Tomatoes in Juice,Pams Value,400g,0.99,Canned Goods
new_world_remuera_5040724-EA-000,91e4dddd-aed7-4ccc-ad0b-dfe25805a495,New World Remuera,New World,East Auckland,5040724-EA-000,Baby Spinach,LeaderBrand,120g,4.49,Fresh Vegetables
new_world_remuera_5040743-EA-000,91e4dddd-aed7-4ccc-ad0b-dfe25805a495,New World Remuera,New World,East Auckland,5040743-EA-000,Spinach,Pams,ea,4.99,Fresh Vegetables
new_world_remuera_5299185-EA-000,91e4dddd-aed7-4ccc-ad0b-dfe25805a495,New World Remuera,New World,East Auckland,5299185-EA-000,Chopped Leaf Spinach,Pams,500g,3.49,Fresh Vegetables
new_world_remuera_5046727-EA-000,91e4dddd-aed7-4ccc-ad0b-dfe25805a495,New World Remuera,New World,East Auckland,5046727-EA-000,Baby Spinach,,300g,4.99,Fresh Vegetables
new_world_remuera_5046509-EA-000,91e4dddd-aed7-4ccc-ad0b-dfe25805a495,New World Remuera,New World,East Auckland,5046509-EA-000,Celery Half,,ea,1.99,Fresh Vegetables
new_world_remuera_5039990-EA-000,91e4dddd-aed7-4ccc-ad0b-dfe25805a495,New World Remuera,New World,East Auckland,5039990-EA-000,Bagged Iceberg Lettuce,,ea,4.49,Fresh Vegetables
new_world_remuera_5303544-EA-000,91e4dddd-aed7-4ccc-ad0b-dfe25805a495,New World Remuera,New World,East Auckland,5303544-EA-000,Baby Cos Lettuce,Pams,2pk,3.49,Fresh Vegetables
new_world_remuera_5040462-EA-000,91e4dddd-aed7-4ccc-ad0b-dfe25805a495,New World Remuera,New World,East Auckland,5040462-EA-000,Baby Leaf Lettuce,Pams,100g,3.99,Fresh Vegetables
new_world_remuera_5040461-EA-000,91e4dddd-aed7-4ccc-ad0b-dfe25805a495,New World Remuera,New World,East Auckland,5040461-EA-000,Baby Cos Lettuce,Pams Fresh,120g,4.49,Fresh Vegetables
new_world_remuera_5040673-EA-000,91e4dddd-aed7-4ccc-ad0b-dfe25805a495,New World Remuera,New World,East Auckland,5040673-EA-000,Green & Red Cos Mix,Pams Fresh,120g,4.29,Fresh Vegetables
new_world_remuera_5046503-EA-000,91e4dddd-aed7-4ccc-ad0b-dfe25805a495,New World Remuera,New World,East Auckland,5046503-EA-000,Red Capsicum,,ea,3.89,Fresh Vegetables
new_world_remuera_5046504-EA-000,91e4dddd-aed7-4ccc-ad0b-dfe25805a495,New World Remuera,New World,East Auckland,5046504-EA-000,Yellow Capsicum,,ea,3.89,Fresh Vegetables
new_world_remuera_5046533-KGM-000,91e4dddd-aed7-4ccc-ad0b-dfe25805a495,New World Remuera,New World,East Auckland,5046533-KGM-000,White Button Mushrooms,,kg,11.99,Fresh Vegetables
new_world_remuera_5326590-EA-000,91e4dddd-aed7-4ccc-ad0b-dfe25805a495,New World Remuera,New World,East Auckland,5326590-EA-000,White Button Mushrooms,Pams,400g,4.99,Fresh Vegetables
new_world_remuera_5294812-EA-000,91e4dddd-aed7-4ccc-ad0b-dfe25805a495,New World Remuera,New World,East Auckland,5294812-EA-000,White Button Mushrooms,Meadow Mushrooms,200g,4.99,Fresh Vegetables
new_world_remuera_5040006-KGM-000,91e4dddd-aed7-4ccc-ad0b-dfe25805a495,New World Remuera,New World,East Auckland,5040006-KGM-000,Portabello Flat Mushrooms,,kg,13.99,Fresh Vegetables
new_world_remuera_5047091-EA-000,91e4dddd-aed7-4ccc-ad0b-dfe25805a495,New World Remuera,New World,East Auckland,5047091-EA-000,Swiss Brown Mushrooms,,200g,5.49,Fresh Vegetables
new_world_remuera_5046505-EA-000,91e4dddd-aed7-4ccc-ad0b-dfe25805a495,New World Remuera,New World,East Auckland,5046505-EA-000,Green Capsicum,,ea,3.89,Fresh Vegetables
new_world_remuera_5298394-EA-000,91e4dddd-aed7-4ccc-ad0b-dfe25805a495,New World Remuera,New World,East Auckland,5298394-EA-000,Capsicum,Value,500g,6.99,Fresh Vegetables
new_world_remuera_5046525-KGM-000,91e4dddd-aed7-4ccc-ad0b-dfe25805a495,New World Remuera,New World,East Auckland,5046525-KGM-000,Royal Gala Apples,,kg,4.49,Fresh Fruit
new_world_remuera_5045864-KGM-000,91e4dddd-aed7-4ccc-ad0b-dfe25805a495,New World Remuera,New World,East Auckland,5045864-KGM-000,Rose Apples,,kg,4.99,Fresh Fruit
new_world_remuera_5039945-KGM-000,91e4dddd-aed7-4ccc-ad0b-dfe25805a495,New World Remuera,New World,East Auckland,5039945-KGM-000,Granny Smith Apples,,kg,4.99,Fresh Fruit
new_world_remuera_5040702-EA-000,91e4dddd-aed7-4ccc-ad0b-dfe25805a495,New World Remuera,New World,East Auckland,5040702-EA-000,Royal Gala Apples,Yummy Fruit,1.5kg,6.99,Fresh Fruit
new_world_remuera_5040539-EA-000,91e4dddd-aed7-4ccc-ad0b-dfe25805a495,New World Remuera,New World,East Auckland,5040539-EA-000,Jazz Apples,,1.5kg,6.99,Fresh Fruit
new_world_remuera_5046542-KGM-000,91e4dddd-aed7-4ccc-ad0b-dfe25805a495,New World Remuera,New World,East Auckland,5046542-KGM-000,Bananas,,kg,3.69,Fresh Fruit
new_world_remuera_5007770-EA-000,91e4dddd-aed7-4ccc-ad0b-dfe25805a495,New World Remuera,New World,East Auckland,5007770-EA-000,Bobby Bananas Bunch,Dole,ea,4.49,Fresh Fruit
new_world_remuera_5087710-EA-000,91e4dddd-aed7-4ccc-ad0b-dfe25805a495,New World Remuera,New World,East Auckland,5087710-EA-000,Organic Fairtrade Bananas,,ea,5.49,Fresh Fruit
new_world_remuera_5332311-EA-000,91e4dddd-aed7-4ccc-ad0b-dfe25805a495,New World Remuera,New World,East Auckland,5332311-EA-000,Snacking Bananas,Monkey Bunch,1pk,3.79,Fresh Fruit
new_world_remuera_5205142-EA-000,91e4dddd-aed7-4ccc-ad0b-dfe25805a495,New World Remuera,New World,East Auckland,5205142-EA-000,Spinach Apple Blueberry & Banana Vege Fruit Sticks,Mother Earth,152g,3.89,Fresh Fruit
new_world_remuera_5046549-KGM-000,91e4dddd-aed7-4ccc-ad0b-dfe25805a495,New World Remuera,New World,East Auckland,5046549-KGM-000,Navel Oranges NZ,,kg,4.49,Fresh Fruit
new_world_remuera_5040012-EA-000,91e4dddd-aed7-4ccc-ad0b-dfe25805a495,New World Remuera,New World,East Auckland,5040012-EA-000,Navel Oranges,Pams,1.5kg,5.99,Fresh Fruit
new_world_remuera_5046611-KGM-000,91e4dddd-aed7-4ccc-ad0b-dfe25805a495,New World Remuera,New World,East Auckland,5046611-KGM-000,Navel Oranges Imported,,kg,4.49,Fresh Fruit
new_world_remuera_5040011-KGM-000,91e4dddd-aed7-4ccc-ad0b-dfe25805a495,New World Remuera,New World,East Auckland,5040011-KGM-000,Orange Kumara,,kg,5.49,Fresh Fruit
new_world_remuera_5046917-KGM-000,91e4dddd-aed7-4ccc-ad0b-dfe25805a495,New World Remuera,New World,East Auckland,5046917-KGM-000,Imported Mandarins,,kg,5.49,Fresh Fruit
new_world_remuera_5203150-EA-000,91e4dddd-aed7-4ccc-ad0b-dfe25805a495,New World Remuera,New World,East Auckland,5203150-EA-000,Lemon Baking Juice,Pams,250ml,2.39,Fresh Fruit
new_world_remuera_5286628-KGM-000,91e4dddd-aed7-4ccc-ad0b-dfe25805a495,New World Remuera,New World,East Auckland,5286628-KGM-000,Lemons,,kg,8.99,Fresh Fruit
new_world_remuera_5031941-EA-000,91e4dddd-aed7-4ccc-ad0b-dfe25805a495,New World Remuera,New World,East Auckland,5031941-EA-000,Lemon Honey Ginger Fruit Juice,The Homegrown Juice Company,1l,5.39,"Breakfast Cereals, Oats & Spreads"
new_world_remuera_5345885-EA-000,91e4dddd-aed7-4ccc-ad0b-dfe25805a495,New World Remuera,New World,East Auckland,5345885-EA-000,Rocketslaw Salad with Creamy Lemon Mayonnaise,Salad,350g,5.99,Fresh Fruit
new_world_remuera_5016196-EA-000,91e4dddd-aed7-4ccc-ad0b-dfe25805a495,New World Remuera,New World,East Auckland,5016196-EA-000,Lemon Delicious Yoghurt,Puhoi Valley,450g,6.59,"Cheese, Butter & Yoghurt"
new_world_remuera_5312786-EA-000,91e4dddd-aed7-4ccc-ad0b-dfe25805a495,New World Remuera,New World,East Auckland,5312786-EA-000,Mixed Berry,Fruzio,750g,11.49,Fresh Fruit
new_world_remuera_5310065-EA-000,91e4dddd-aed7-4ccc-ad0b-dfe25805a495,New World Remuera,New World,East Auckland,5310065-EA-000,Five Berry Medley,Fruzio,750g,12.49,Fresh Fruit
new_world_remuera_5004944-EA-000,91e4dddd-aed7-4ccc-ad0b-dfe25805a495,New World Remuera,New World,East Auckland,5004944-EA-000,Mixed Berries,Pams,500g,7.39,Fresh Fruit
new_world_remuera_5020153-EA-000,91e4dddd-aed7-4ccc-ad0b-dfe25805a495,New World Remuera,New World,East Auckland,5020153-EA-000,Mixed Berries,Oob Organic,450g,10.39,Fresh Fruit
new_world_remuera_5295357-EA-000,91e4dddd-aed7-4ccc-ad0b-dfe25805a495,New World Remuera,New World,East Auckland,5295357-EA-000,Mixed Berries,Serious Organic,400g,8.99,Fresh Fruit
new_world_remuera_5105651-KGM-000,91e4dddd-aed7-4ccc-ad0b-dfe25805a495,New World Remuera,New World,East Auckland,5105651-KGM-000,Skinless Chicken Breast,,kg,12.99,Chicken & Poultry
new_world_remuera_5221711-EA-000,91e4dddd-aed7-4ccc-ad0b-dfe25805a495,New World Remuera,New World,East Auckland,5221711-EA-000,Boneless Skinless Chicken Breast,Pams Free Range,400g,9.99,Chicken & Poultry
new_world_remuera_5226616-KGM-000,91e4dddd-aed7-4ccc-ad0b-dfe25805a495,New World Remuera,New World,East Auckland,5226616-KGM-000,Free Range Skinless Chicken Breast,Waitoa,kg,25.49,Chicken & Poultry
new_world_remuera_5139623-EA-000,91e4dddd-aed7-4ccc-ad0b-dfe25805a495,New World Remuera,New World,East Auckland,5139623-EA-000,Diced Chicken Breast,Pams Free Range,450g,8.99,Chicken & Poultry
new_world_remuera_5113040-KGM-000,91e4dddd-aed7-4ccc-ad0b-dfe25805a495,New World Remuera,New World,East Auckland,5113040-KGM-000,NZ Chicken Tenderloins,,kg,23.49,Chicken & Poultry
new_world_remuera_5115633-KGM-000,91e4dddd-aed7-4ccc-ad0b-dfe25805a495,New World Remuera,New World,East Auckland,5115633-KGM-000,NZ Skinless Chicken Thigh Fillet,,kg,27.49,Chicken & Poultry
new_world_remuera_5118844-KGM-000,91e4dddd-aed7-4ccc-ad0b-dfe25805a495,New World Remuera,New World,East Auckland,5118844-KGM-000,NZ Chicken Thighs Bone In,,kg,7.99,Chicken & Poultry
new_world_remuera_5226622-KGM-000,91e4dddd-aed7-4ccc-ad0b-dfe25805a495,New World Remuera,New World,East Auckland,5226622-KGM-000,Free Range Skinless Chicken Thigh Fillet,Waitoa,kg,30.49,Chicken & Poultry
new_world_remuera_5108515-KGM-000,91e4dddd-aed7-4ccc-ad0b-dfe25805a495,New World Remuera,New World,East Auckland,5108515-KGM-000,NZ Chicken Thigh Bone in Cutlets,,kg,17.69,Chicken & Poultry
new_world_remuera_5105213-KGM-000,91e4dddd-aed7-4ccc-ad0b-dfe25805a495,New World Remuera,New World,East Auckland,5105213-KGM-000,NZ Chicken Drumsticks,,kg,8.49,Chicken & Poultry
new_world_remuera_5269885-EA-000,91e4dddd-aed7-4ccc-ad0b-dfe25805a495,New World Remuera,New World,East Auckland,5269885-EA-000,100% Certified Organic Free Range Chicken Drumsticks,Bostock Brothers,900g,13.67,Chicken & Poultry
new_world_remuera_5100208-KGM-000,91e4dddd-aed7-4ccc-ad0b-dfe25805a495,New World Remuera,New World,East Auckland,5100208-KGM-000,Chicken Nibbles,,kg,13.69,Chicken & Poultry
new_world_remuera_5269886-EA-000,91e4dddd-aed7-4ccc-ad0b-dfe25805a495,New World Remuera,New World,East Auckland,5269886-EA-000,100% Certified Organic Free Range Chicken Nibbles,Bostock Brothers,900g,13.67,Chicken & Poultry
new_world_remuera_5102903-KGM-000,91e4dddd-aed7-4ccc-ad0b-dfe25805a495,New World Remuera,New World,East Auckland,5102903-KGM-000,NZ Chicken Legs,,kg,12.79,Chicken & Poultry
new_world_remuera_5041957-EA-000,91e4dddd-aed7-4ccc-ad0b-dfe25805a495,New World Remuera,New World,East Auckland,5041957-EA-000,Free Range Whole Chicken,Waitoa,1.5kg,17.75,Chicken & Poultry
new_world_remuera_5028347-EA-000,91e4dddd-aed7-4ccc-ad0b-dfe25805a495,New World Remuera,New World,East Auckland,5028347-EA-000,Whole Chicken with Garden Herbs Stuffing,Waitoa,1.5kg,17.75,Chicken & Poultry
new_world_remuera_5004502-EA-000,91e4dddd-aed7-4ccc-ad0b-dfe25805a495,New World Remuera,New World,East Auckland,5004502-EA-000,Frozen Whole Chicken,Ingham's,850g,8.19,Frozen Foods
new_world_remuera_5322808-EA-000,91e4dddd-aed7-4ccc-ad0b-dfe25805a495,New World Remuera,New World,East Auckland,5322808-EA-000,Free Range Oven Ready Sage & Onion Roast Fresh Chicken,Tegel,1.5kg,18.99,Chicken & Poultry
new_world_remuera_5340737-EA-000,91e4dddd-aed7-4ccc-ad0b-dfe25805a495,New World Remuera,New World,East Auckland,5340737-EA-000,Garlic Lemon & Herb Butterflied Chicken,Pams,1.35kg,13.99,Chicken & Poultry
new_world_remuera_5101189-KGM-000,91e4dddd-aed7-4ccc-ad0b-dfe25805a495,New World Remuera,New World,East Auckland,5101189-KGM-000,NZ Premium Beef Mince,,kg,23.99,Beef & Lamb
new_world_remuera_5125914-KGM-000,91e4dddd-aed7-4ccc-ad0b-dfe25805a495,New World Remuera,New World,East Auckland,5125914-KGM-000,NZ Beef Prime Mince,,kg,26.99,Beef & Lamb
new_world_remuera_5203717-EA-000,91e4dddd-aed7-4ccc-ad0b-dfe25805a495,New World Remuera,New World,East Auckland,5203717-EA-000,Wagyu Beef Mince,First Light,400g,13.99,Beef & Lamb
new_world_remuera_5242835-EA-000,91e4dddd-aed7-4ccc-ad0b-dfe25805a495,New World Remuera,New World,East Auckland,5242835-EA-000,Premium Beef Mince,Harmony Organic,400g,16.49,Beef & Lamb
new_world_remuera_5104061-KGM-000,91e4dddd-aed7-4ccc-ad0b-dfe25805a495,New World Remuera,New World,East Auckland,5104061-KGM-000,NZ Diced Beef,,kg,31.99,Beef & Lamb
new_world_remuera_5103401-KGM-000,91e4dddd-aed7-4ccc-ad0b-dfe25805a495,New World Remuera,New World,East Auckland,5103401-KGM-000,Beef Rump Steak,,kg,36.99,Beef & Lamb
new_world_remuera_5102637-KGM-000,91e4dddd-aed7-4ccc-ad0b-dfe25805a495,New World Remuera,New World,East Auckland,5102637-KGM-000,Beef Scotch Fillet Steak,,kg,56.99,Beef & Lamb
new_world_remuera_5103224-KGM-000,91e4dddd-aed7-4ccc-ad0b-dfe25805a495,New World Remuera,New World,East Auckland,5103224-KGM-000,NZ Beef Schnitzel,,kg,23.99,Beef & Lamb
new_world_remuera_5123919-KGM-000,91e4dddd-aed7-4ccc-ad0b-dfe25805a495,New World Remuera,New World,East Auckland,5123919-KGM-000,NZ Beef Sirloin Steak,,kg,49.99,Beef & Lamb
new_world_remuera_5289492-EA-000,91e4dddd-aed7-4ccc-ad0b-dfe25805a495,New World Remuera,New World,East Auckland,5289492-EA-000,Flat Iron Wagyu Beef Steak,First Light,250g,13.99,Beef & Lamb
new_world_remuera_5085463-EA-000,91e4dddd-aed7-4ccc-ad0b-dfe25805a495,New World Remuera,New World,East Auckland,5085463-EA-000,Beef Thin Sliced Roast,Farmland,100g,5.89,Beef & Lamb
new_world_remuera_5118849-KGM-000,91e4dddd-aed7-4ccc-ad0b-dfe25805a495,New World Remuera,New World,East Auckland,5118849-KGM-000,Beef Corned Silverside,,kg,19.99,Beef & Lamb
new_world_remuera_5013655-EA-000,91e4dddd-aed7-4ccc-ad0b-dfe25805a495,New World Remuera,New World,East Auckland,5013655-EA-000,Roast Beef Rice Risotto Rice & Flavour Mix Family Pack,Diamond,350g,5.59,"Rice, Pasta & Noodles"
new_world_remuera_5106653-KGM-000,91e4dddd-aed7-4ccc-ad0b-dfe25805a495,New World Remuera,New World,East Auckland,5106653-KGM-000,NZ Beef Brisket,,kg,26.99,Beef & Lamb
new_world_remuera_5100747-KGM-000,91e4dddd-aed7-4ccc-ad0b-dfe25805a495,New World Remuera,New World,East Auckland,5100747-KGM-000,Beef Shin On Bone,,kg,16.99,Beef & Lamb
new_world_remuera_5100697-KGM-000,91e4dddd-aed7-4ccc-ad0b-dfe25805a495,New World Remuera,New World,East Auckland,5100697-KGM-000,NZ Pork Loin Chops,,kg,16.99,Beef & Lamb
new_world_remuera_5019426-EA-000,91e4dddd-aed7-4ccc-ad0b-dfe25805a495,New World Remuera,New World,East Auckland,5019426-EA-000,Streaky Bacon,Pams,250g,6.99,Pork & Ham
new_world_remuera_5037815-EA-000,91e4dddd-aed7-4ccc-ad0b-dfe25805a495,New World Remuera,New World,East Auckland,5037815-EA-000,Streaky Bacon,Pams,500g,11.49,Pork & Ham
new_world_remuera_5266366-EA-000,91e4dddd-aed7-4ccc-ad0b-dfe25805a495,New World Remuera,New World,East Auckland,5266366-EA-000,Manuka Smoked Rasher Bacon,Hellers,800g,17.07,Pork & Ham
new_world_remuera_5084510-EA-000,91e4dddd-aed7-4ccc-ad0b-dfe25805a495,New World Remuera,New World,East Auckland,5084510-EA-000,Streaky Bacon,Pams,1kg,20.99,Pork & Ham
new_world_remuera_5033086-EA-000,91e4dddd-aed7-4ccc-ad0b-dfe25805a495,New World Remuera,New World,East Auckland,5033086-EA-000,Manuka Smoked Streaky Bacon,Grandpa's Meat & Bacon Co.,250g,8.29,Pork & Ham
new_world_remuera_5110088-KGM-000,91e4dddd-aed7-4ccc-ad0b-dfe25805a495,New World Remuera,New World,East Auckland,5110088-KGM-000,Champagne Leg Ham,,kg,22.0,Pork & Ham
new_world_remuera_5023557-EA-000,91e4dddd-aed7-4ccc-ad0b-dfe25805a495,New World Remuera,New World,East Auckland,5023557-EA-000,Shaved Champagne Ham,Beehive,200g,7.69,Pork & Ham
new_world_remuera_5241237-EA-000,91e4dddd-aed7-4ccc-ad0b-dfe25805a495,New World Remuera,New World,East Auckland,5241237-EA-000,Shaved Champagne Leg Ham,Hellers,200g,7.0,Pork & Ham
new_world_remuera_5039342-EA-000,91e4dddd-aed7-4ccc-ad0b-dfe25805a495,New World Remuera,New World,East Auckland,5039342-EA-000,Shaved Champagne Leg Ham,Hellers,100g,4.29,Pork & Ham
new_world_remuera_5327113-EA-000,91e4dddd-aed7-4ccc-ad0b-dfe25805a495,New World Remuera,New World,East Auckland,5327113-EA-000,Shaved Champagne Ham,Pams,100g,3.29,Pork & Ham
new_world_remuera_5312237-EA-000,91e4dddd-aed7-4ccc-ad0b-dfe25805a495,New World Remuera,New World,East Auckland,5312237-EA-000,Classic Beef Sausages,Pams,6 x 75g,9.49,Beef & Lamb
new_world_remuera_5028230-EA-000,91e4dddd-aed7-4ccc-ad0b-dfe25805a495,New World Remuera,New World,East Auckland,5028230-EA-000,Trusty BBQ Pre-Cooked Sausages,Hellers,1kg,12.49,Pork & Ham
new_world_remuera_5252611-EA-000,91e4dddd-aed7-4ccc-ad0b-dfe25805a495,New World Remuera,New World,East Auckland,5252611-EA-000,Beef Manuka Honey & Hickory Sausages,Harmony,450g,11.99,"Breakfast Cereals, Oats & Spreads"
new_world_remuera_5082985-EA-000,91e4dddd-aed7-4ccc-ad0b-dfe25805a495,New World Remuera,New World,East Auckland,5082985-EA-000,Craft Angus Beef Sausages,Hellers,6pk,12.99,Beef & Lamb
new_world_remuera_5005864-EA-000,91e4dddd-aed7-4ccc-ad0b-dfe25805a495,New World Remuera,New World,East Auckland,5005864-EA-000,Chunky Cheese Sausages,Hellers,1kg,13.49,"Cheese, Butter & Yoghurt"
new_world_remuera_5220975-EA-000,91e4dddd-aed7-4ccc-ad0b-dfe25805a495,New World Remuera,New World,East Auckland,5220975-EA-000,Sliced Smoked Salmon,Pams,100g,9.79,Fresh Seafood
new_world_remuera_5234369-KGM-000,91e4dddd-aed7-4ccc-ad0b-dfe25805a495,New World Remuera,New World,East Auckland,5234369-KGM-000,Fresh Tasmanian Salmon Fillets Skin On Bone In,,kg,58.99,Fresh Seafood
new_world_remuera_5220977-EA-000,91e4dddd-aed7-4ccc-ad0b-dfe25805a495,New World Remuera,New World,East Auckland,5220977-EA-000,Sliced Smoked Salmon,Pams,200g,14.79,Fresh Seafood
new_world_remuera_5313293-EA-000,91e4dddd-aed7-4ccc-ad0b-dfe25805a495,New World Remuera,New World,East Auckland,5313293-EA-000,Double Manuka Hot Smoked Salmon Portion,Regal,100g,13.99,Fresh Seafood
new_world_remuera_5220978-EA-000,91e4dddd-aed7-4ccc-ad0b-dfe25805a495,New World Remuera,New World,East Auckland,5220978-EA-000,Natural Hot Smoked Salmon,Pams,150g,14.39,Fresh Seafood
new_world_remuera_5333249-EA-000,91e4dddd-aed7-4ccc-ad0b-dfe25805a495,New World Remuera,New World,East Auckland,5333249-EA-000,Tuna Fillet In Broth Wet Cat Food,Applaws,70g,2.49,Fresh Seafood
new_world_remuera_5333248-EA-000,91e4dddd-aed7-4ccc-ad0b-dfe25805a495,New World Remuera,New World,East Auckland,5333248-EA-000,Tuna Fillet With Prawn In Broth Wet Cat Food,Applaws,70g,2.49,Fresh Seafood
new_world_remuera_5117267-KGM-000,91e4dddd-aed7-4ccc-ad0b-dfe25805a495,New World Remuera,New World,East Auckland,5117267-KGM-000,Yellowfin Tuna Steaks,,kg,39.99,Beef & Lamb
new_world_remuera_5122860-KGM-000,91e4dddd-aed7-4ccc-ad0b-dfe25805a495,New World Remuera,New World,East Auckland,5122860-KGM-000,NZ Yellowfin Tuna Steaks,,kg,37.99,Beef & Lamb
new_world_remuera_5352116-KGM-000,91e4dddd-aed7-4ccc-ad0b-dfe25805a495,New World Remuera,New World,East Auckland,5352116-KGM-000,(t/p) Tuna Steaks,NZ,kg,14.99,Beef & Lamb
new_world_remuera_5029377-EA-000,91e4dddd-aed7-4ccc-ad0b-dfe25805a495,New World Remuera,New World,East Auckland,5029377-EA-000,Cooked Prawn Cutlets,Shore Mariner,400g,11.79,Fresh Seafood
new_world_remuera_5220974-EA-000,91e4dddd-aed7-4ccc-ad0b-dfe25805a495,New World Remuera,New World,East Auckland,5220974-EA-000,Raw Frozen Prawns Cutlet,Pams Finest,500g,17.79,Frozen Foods
new_world_remuera_5092259-EA-000,91e4dddd-aed7-4ccc-ad0b-dfe25805a495,New World Remuera,New World,East Auckland,5092259-EA-000,Premium Raw Stir Fry Prawns,Kingfisher Seafood,500g,15.99,Fresh Seafood
new_world_remuera_5220973-EA-000,91e4dddd-aed7-4ccc-ad0b-dfe25805a495,New World Remuera,New World,East Auckland,5220973-EA-000,Premium Cooked Jumbo Prawn Cutlets,Pams Finest,500g,16.99,Fresh Seafood
new_world_remuera_5033009-EA-000,91e4dddd-aed7-4ccc-ad0b-dfe25805a495,New World Remuera,New World,East Auckland,5033009-EA-000,All Purpose Shrimps,Kingfisher Seafood,300g,9.69,Fresh Seafood
new_world_remuera_5230508-EA-000,91e4dddd-aed7-4ccc-ad0b-dfe25805a495,New World Remuera,New World,East Auckland,5230508-EA-000,Adult Broths Tuna Shrimp & Whitefish Wet Cat Food,Purina Fancy Feast,40g,2.39,Fresh Seafood
new_world_remuera_5230507-EA-000,91e4dddd-aed7-4ccc-ad0b-dfe25805a495,New World Remuera,New World,East Auckland,5230507-EA-000,Adult Broths Tuna Anchovies & Whitefish Wet Cat Food,Purina Fancy Feast,40g,2.39,Fresh Seafood
new_world_remuera_5254092-EA-000,91e4dddd-aed7-4ccc-ad0b-dfe25805a495,New World Remuera,New World,East Auckland,5254092-EA-000,Perfect Portions Pate Entree With Delicate Whitefish And Tuna Wet Cat Food,Dine,75g,2.29,Fresh Seafood
new_world_remuera_5204775-EA-000,91e4dddd-aed7-4ccc-ad0b-dfe25805a495,New World Remuera,New World,East Auckland,5204775-EA-000,Grainfree Salmon Whitefish & Olive Oil Premium Adult Cat Food,Fussy Cat,2.5kg,24.99,Fresh Seafood
new_world_remuera_5018684-EA-000,91e4dddd-aed7-4ccc-ad0b-dfe25805a495,New World Remuera,New World,East Auckland,5018684-EA-000,Grainfree Salmon Whitefish & Olive Oil Premium Adult Cat Food,Fussy Cat,500g,8.99,Fresh Seafood
new_world_remuera_5201479-EA-000,91e4dddd-aed7-4ccc-ad0b-dfe25805a495,New World Remuera,New World,East Auckland,5201479-EA-000,Standard Milk,Pams Value,2l,4.82,Fresh Milk & Plant Milk
new_world_remuera_5000527-EA-000,91e4dddd-aed7-4ccc-ad0b-dfe25805a495,New World Remuera,New World,East Auckland,5000527-EA-000,Blue Milk,Anchor,2l,5.79,Fresh Milk & Plant Milk
new_world_remuera_5000518-EA-000,91e4dddd-aed7-4ccc-ad0b-dfe25805a495,New World Remuera,New World,East Auckland,5000518-EA-000,Blue Milk,Anchor,1l,3.73,Fresh Milk & Plant Milk
new_world_remuera_5084457-EA-000,91e4dddd-aed7-4ccc-ad0b-dfe25805a495,New World Remuera,New World,East Auckland,5084457-EA-000,Fresh A2 Protein Milk,Fresha Valley,2l,6.59,Fresh Milk & Plant Milk
new_world_remuera_5201490-EA-000,91e4dddd-aed7-4ccc-ad0b-dfe25805a495,New World Remuera,New World,East Auckland,5201490-EA-000,Standard Milk,Pams Value,3l,7.19,Fresh Milk & Plant Milk
new_world_remuera_5201486-EA-000,91e4dddd-aed7-4ccc-ad0b-dfe25805a495,New World Remuera,New World,East Auckland,5201486-EA-000,Trim Milk,Pams Value,2l,4.82,Fresh Milk & Plant Milk
new_world_remuera_5000520-EA-000,91e4dddd-aed7-4ccc-ad0b-dfe25805a495,New World Remuera,New World,East Auckland,5000520-EA-000,Trim Milk,Anchor,1l,3.73,Fresh Milk & Plant Milk
new_world_remuera_5000521-EA-000,91e4dddd-aed7-4ccc-ad0b-dfe25805a495,New World Remuera,New World,East Auckland,5000521-EA-000,Trim Milk,Anchor,2l,5.79,Fresh Milk & Plant Milk
new_world_remuera_5000519-EA-000,91e4dddd-aed7-4ccc-ad0b-dfe25805a495,New World Remuera,New World,East Auckland,5000519-EA-000,Calci + Trim Milk,Anchor,2l,6.86,Fresh Milk & Plant Milk
new_world_remuera_5025424-EA-000,91e4dddd-aed7-4ccc-ad0b-dfe25805a495,New World Remuera,New World,East Auckland,5025424-EA-000,Calci + Trim Milk,Anchor,1l,3.79,Fresh Milk & Plant Milk
new_world_remuera_5003852-EA-000,91e4dddd-aed7-4ccc-ad0b-dfe25805a495,New World Remuera,New World,East Auckland,5003852-EA-000,Regular Soy Milk,Pams,1l,2.99,Fresh Milk & Plant Milk
new_world_remuera_5200391-EA-000,91e4dddd-aed7-4ccc-ad0b-dfe25805a495,New World Remuera,New World,East Auckland,5200391-EA-000,Protein Plus Soy Milk,Vitasoy,1l,4.49,Fresh Milk & Plant Milk
new_world_remuera_5010269-EA-000,91e4dddd-aed7-4ccc-ad0b-dfe25805a495,New World Remuera,New World,East Auckland,5010269-EA-000,Regular Soy Milk,Sanitarium So Good,1l,3.99,Fresh Milk & Plant Milk
new_world_remuera_5003420-EA-000,91e4dddd-aed7-4ccc-ad0b-dfe25805a495,New World Remuera,New World,East Auckland,5003420-EA-000,Original Soy Milk,Vitasoy,1l,4.49,Fresh Milk & Plant Milk
new_world_remuera_5004887-EA-000,91e4dddd-aed7-4ccc-ad0b-dfe25805a495,New World Remuera,New World,East Auckland,5004887-EA-000,Lite Soy Milk,Pams Plant Based,1l,2.99,Fresh Milk & Plant Milk
new_world_remuera_5014501-EA-000,91e4dddd-aed7-4ccc-ad0b-dfe25805a495,New World Remuera,New World,East Auckland,5014501-EA-000,Unsweetened Oat Milk,Vitasoy,1l,3.59,Fresh Milk & Plant Milk
new_world_remuera_5294478-EA-000,91e4dddd-aed7-4ccc-ad0b-dfe25805a495,New World Remuera,New World,East Auckland,5294478-EA-000,Oat Milk Barista Grade,Boring,1l,4.89,Fresh Milk & Plant Milk
new_world_remuera_5269316-EA-000,91e4dddd-aed7-4ccc-ad0b-dfe25805a495,New World Remuera,New World,East Auckland,5269316-EA-000,The Barista One Milk,Otis Oat Milk,1l,4.69,Fresh Milk & Plant Milk
new_world_remuera_5273198-EA-000,91e4dddd-aed7-4ccc-ad0b-dfe25805a495,New World Remuera,New World,East Auckland,5273198-EA-000,No Added Sugar Oat Milk,Sanitarium So Good,1l,4.09,Fresh Milk & Plant Milk
new_world_remuera_5269330-EA-000,91e4dddd-aed7-4ccc-ad0b-dfe25805a495,New World Remuera,New World,East Auckland,5269330-EA-000,Barista Edition Oat Milk,Sanitarium So Good,1l,4.99,Fresh Milk & Plant Milk
new_world_remuera_5030647-EA-000,91e4dddd-aed7-4ccc-ad0b-dfe25805a495,New World Remuera,New World,East Auckland,5030647-EA-000,Unsweetened Almond Milk UHT,Sanitarium So Good,1l,4.99,Fresh Milk & Plant Milk
new_world_remuera_5037993-EA-000,91e4dddd-aed7-4ccc-ad0b-dfe25805a495,New World Remuera,New World,East Auckland,5037993-EA-000,Unsweetened Almond Milk,Vitasoy,1l,4.19,Fresh Milk & Plant Milk
new_world_remuera_5269328-EA-000,91e4dddd-aed7-4ccc-ad0b-dfe25805a495,New World Remuera,New World,East Auckland,5269328-EA-000,Barista Edition Almond Milk,Sanitarium So Good,1l,4.59,Fresh Milk & Plant Milk
new_world_remuera_5289064-EA-000,91e4dddd-aed7-4ccc-ad0b-dfe25805a495,New World Remuera,New World,East Auckland,5289064-EA-000,High Protein Almond Milk,Sanitarium So Good,1l,4.59,Fresh Milk & Plant Milk
new_world_remuera_5029021-EA-000,91e4dddd-aed7-4ccc-ad0b-dfe25805a495,New World Remuera,New World,East Auckland,5029021-EA-000,Unsweetened Almond Milk,Pams Plant Based,1l,3.99,Fresh Milk & Plant Milk
new_world_remuera_5101827-EA-000,91e4dddd-aed7-4ccc-ad0b-dfe25805a495,New World Remuera,New World,East Auckland,5101827-EA-000,Natural Free-Range Eggs,Natural Free-Range Co,12pk,11.79,Eggs
new_world_remuera_5006293-EA-000,91e4dddd-aed7-4ccc-ad0b-dfe25805a495,New World Remuera,New World,East Auckland,5006293-EA-000,Free Range Mixed Grade Eggs,Pams Free Range,12pk,8.99,Eggs
new_world_remuera_5094568-EA-000,91e4dddd-aed7-4ccc-ad0b-dfe25805a495,New World Remuera,New World,East Auckland,5094568-EA-000,Free Range Grade 7 Eggs,Woodland,6pk,6.79,Eggs
new_world_remuera_5322429-EA-000,91e4dddd-aed7-4ccc-ad0b-dfe25805a495,New World Remuera,New World,East Auckland,5322429-EA-000,Free Range Size 7 Eggs,eg.,12pk,10.79,Eggs
new_world_remuera_5202411-EA-000,91e4dddd-aed7-4ccc-ad0b-dfe25805a495,New World Remuera,New World,East Auckland,5202411-EA-000,Premium Free Range Size 7 Eggs,Otaika Valley,12pk,12.59,Eggs
new_world_remuera_5026304-EA-000,91e4dddd-aed7-4ccc-ad0b-dfe25805a495,New World Remuera,New World,East Auckland,5026304-EA-000,SPCA Size 7 Barn Eggs,Henergy,12pk,9.89,Eggs
new_world_remuera_5026673-EA-000,91e4dddd-aed7-4ccc-ad0b-dfe25805a495,New World Remuera,New World,East Auckland,5026673-EA-000,Cage Free Size 8 Eggs,Henergy,10pk,8.99,Eggs
new_world_remuera_5034298-EA-000,91e4dddd-aed7-4ccc-ad0b-dfe25805a495,New World Remuera,New World,East Auckland,5034298-EA-000,Premium Free Range Size 8 Eggs,Otaika Valley,6pk,7.49,Eggs
new_world_remuera_5306817-EA-000,91e4dddd-aed7-4ccc-ad0b-dfe25805a495,New World Remuera,New World,East Auckland,5306817-EA-000,Grated Cheddar Cheese,Rolling Meadow,500g,8.96,"Cheese, Butter & Yoghurt"
new_world_remuera_5268696-EA-000,91e4dddd-aed7-4ccc-ad0b-dfe25805a495,New World Remuera,New World,East Auckland,5268696-EA-000,Tasty Cheddar Cheese,Pams,800g,13.53,"Cheese, Butter & Yoghurt"
new_world_remuera_5007358-EA-000,91e4dddd-aed7-4ccc-ad0b-dfe25805a495,New World Remuera,New World,East Auckland,5007358-EA-000,Tasty Cheddar Cheese,Pams,500g,10.44,"Cheese, Butter & Yoghurt"
new_world_remuera_5003260-EA-000,91e4dddd-aed7-4ccc-ad0b-dfe25805a495,New World Remuera,New World,East Auckland,5003260-EA-000,Sharp & Crumbly Vintage Cheddar Cheese,Mainland,250g,11.19,"Cheese, Butter & Yoghurt"
new_world_remuera_5010411-EA-000,91e4dddd-aed7-4ccc-ad0b-dfe25805a495,New World Remuera,New World,East Auckland,5010411-EA-000,Cheddar Cheese Slices,Chesdale,250g,4.99,"Cheese, Butter & Yoghurt"
new_world_remuera_5017804-EA-000,91e4dddd-aed7-4ccc-ad0b-dfe25805a495,New World Remuera,New World,East Auckland,5017804-EA-000,Mozzarella Grated Cheese,Rolling Meadow,500g,11.37,"Cheese, Butter & Yoghurt"
new_world_remuera_5007482-EA-000,91e4dddd-aed7-4ccc-ad0b-dfe25805a495,New World Remuera,New World,East Auckland,5007482-EA-000,Mozzarella Grated Cheese,Pams,375g,9.41,"Cheese, Butter & Yoghurt"
new_world_remuera_5012908-EA-000,91e4dddd-aed7-4ccc-ad0b-dfe25805a495,New World Remuera,New World,East Auckland,5012908-EA-000,Smooth&  Stretchy Mozzarella Grated Cheese,Mainland,375g,9.99,"Cheese, Butter & Yoghurt"
new_world_remuera_5319598-EA-000,91e4dddd-aed7-4ccc-ad0b-dfe25805a495,New World Remuera,New World,East Auckland,5319598-EA-000,Mozzarella Grated Cheese,Dairyworks,100g,4.32,"Cheese, Butter & Yoghurt"
new_world_remuera_5022636-EA-000,91e4dddd-aed7-4ccc-ad0b-dfe25805a495,New World Remuera,New World,East Auckland,5022636-EA-000,Mozzarella,Massimo's,125g,6.99,"Cheese, Butter & Yoghurt"
new_world_remuera_5232466-EA-000,91e4dddd-aed7-4ccc-ad0b-dfe25805a495,New World Remuera,New World,East Auckland,5232466-EA-000,Grated Parmesan Cheese,Dairyworks,200g,8.0,"Cheese, Butter & Yoghurt"
new_world_remuera_5013767-EA-000,91e4dddd-aed7-4ccc-ad0b-dfe25805a495,New World Remuera,New World,East Auckland,5013767-EA-000,Parmesan Cheese,Mainland,200g,9.59,"Cheese, Butter & Yoghurt"
new_world_remuera_5016706-EA-000,91e4dddd-aed7-4ccc-ad0b-dfe25805a495,New World Remuera,New World,East Auckland,5016706-EA-000,Grated Parmesan Cheese,Mainland,200g,10.59,"Cheese, Butter & Yoghurt"
new_world_remuera_5347658-EA-000,91e4dddd-aed7-4ccc-ad0b-dfe25805a495,New World Remuera,New World,East Auckland,5347658-EA-000,Parmesan Cheese,Perfect Italiano,200g,9.99,"Cheese, Butter & Yoghurt"
new_world_remuera_5022806-EA-000,91e4dddd-aed7-4ccc-ad0b-dfe25805a495,New World Remuera,New World,East Auckland,5022806-EA-000,Parmesan Powder Cheese,Dairyworks,100g,6.6,"Cheese, Butter & Yoghurt"
new_world_remuera_5002842-EA-000,91e4dddd-aed7-4ccc-ad0b-dfe25805a495,New World Remuera,New World,East Auckland,5002842-EA-000,Salted Butter,Mainland,500g,9.99,"Cheese, Butter & Yoghurt"
new_world_remuera_5013505-EA-000,91e4dddd-aed7-4ccc-ad0b-dfe25805a495,New World Remuera,New World,East Auckland,5013505-EA-000,Salted Buttersoft Spreadable Butter,Mainland,375g,12.99,"Cheese, Butter & Yoghurt"
new_world_remuera_5205003-EA-000,91e4dddd-aed7-4ccc-ad0b-dfe25805a495,New World Remuera,New World,East Auckland,5205003-EA-000,Salted Grass Fed New Zealand Butter,Westgold,400g,8.89,"Cheese, Butter & Yoghurt"
new_world_remuera_5003216-EA-000,91e4dddd-aed7-4ccc-ad0b-dfe25805a495,New World Remuera,New World,East Auckland,5003216-EA-000,Salted Butter,Mainland,250g,7.49,"Cheese, Butter & Yoghurt"
new_world_remuera_5020175-EA-000,91e4dddd-aed7-4ccc-ad0b-dfe25805a495,New World Remuera,New World,East Auckland,5020175-EA-000,Premium New Zealand Lightly Salted Butter,Lewis Road Creamery,250g,9.17,"Cheese, Butter & Yoghurt"
new_world_remuera_5002843-EA-000,91e4dddd-aed7-4ccc-ad0b-dfe25805a495,New World Remuera,New World,East Auckland,5002843-EA-000,Unsalted Butter,Mainland,500g,9.99,"Cheese, Butter & Yoghurt"
new_world_remuera_5205004-EA-000,91e4dddd-aed7-4ccc-ad0b-dfe25805a495,New World Remuera,New World,East Auckland,5205004-EA-000,Unsalted Grass Fed New Zealand Butter,Westgold,400g,8.89,"Cheese, Butter & Yoghurt"
new_world_remuera_5020174-EA-000,91e4dddd-aed7-4ccc-ad0b-dfe25805a495,New World Remuera,New World,East Auckland,5020174-EA-000,Premium New Zealand Unsalted Butter,Lewis Road Creamery,250g,9.17,"Cheese, Butter & Yoghurt"
new_world_remuera_5290084-EA-000,91e4dddd-aed7-4ccc-ad0b-dfe25805a495,New World Remuera,New World,East Auckland,5290084-EA-000,Unsalted Butter,Organic Times,250g,10.89,"Cheese, Butter & Yoghurt"
new_world_remuera_5200783-EA-000,91e4dddd-aed7-4ccc-ad0b-dfe25805a495,New World Remuera,New World,East Auckland,5200783-EA-000,Unsalted Butter,Petit Normand,200g,7.19,"Cheese, Butter & Yoghurt"
new_world_remuera_5223553-EA-000,91e4dddd-aed7-4ccc-ad0b-dfe25805a495,New World Remuera,New World,East Auckland,5223553-EA-000,Kalo Natural Greek Yoghurt,Meadow Fresh,800g,9.29,"Cheese, Butter & Yoghurt"
new_world_remuera_5094108-EA-000,91e4dddd-aed7-4ccc-ad0b-dfe25805a495,New World Remuera,New World,East Auckland,5094108-EA-000,Authentic Natural Greek Yoghurt,Cyclops,750g,6.99,"Cheese, Butter & Yoghurt"
new_world_remuera_5281810-EA-000,91e4dddd-aed7-4ccc-ad0b-dfe25805a495,New World Remuera,New World,East Auckland,5281810-EA-000,Greek Natural Thick 'n Creamy Yoghurt,Fresh 'n Fruity,1kg,7.79,"Cheese, Butter & Yoghurt"
new_world_remuera_5241937-EA-000,91e4dddd-aed7-4ccc-ad0b-dfe25805a495,New World Remuera,New World,East Auckland,5241937-EA-000,Kalo Vanilla Bean Authentic Greek Yoghurt,Meadow Fresh,800g,9.29,"Cheese, Butter & Yoghurt"
new_world_remuera_5007517-EA-000,91e4dddd-aed7-4ccc-ad0b-dfe25805a495,New World Remuera,New World,East Auckland,5007517-EA-000,Natural Greek Style Yogurt,Yoplait,2 x 125g,3.79,"Cheese, Butter & Yoghurt"
new_world_remuera_5003563-EA-000,91e4dddd-aed7-4ccc-ad0b-dfe25805a495,New World Remuera,New World,East Auckland,5003563-EA-000,Plain Unsweetened Acidophilus Yoghurt,Naturalea,1kg,6.99,"Cheese, Butter & Yoghurt"
new_world_remuera_5274474-EA-000,91e4dddd-aed7-4ccc-ad0b-dfe25805a495,New World Remuera,New World,East Auckland,5274474-EA-000,All Natural Plain Unsweetened Yoghurt,De Winkel,4 x 125g,6.49,"Cheese, Butter & Yoghurt"
new_world_remuera_5005219-EA-000,91e4dddd-aed7-4ccc-ad0b-dfe25805a495,New World Remuera,New World,East Auckland,5005219-EA-000,All Natural Plain Unsweetened Yoghurt,De Winkel,1kg,6.99,"Cheese, Butter & Yoghurt"
new_world_remuera_5289267-EA-000,91e4dddd-aed7-4ccc-ad0b-dfe25805a495,New World Remuera,New World,East Auckland,5289267-EA-000,Max Protein Plain Greek Style Unsweetened Yoghurt,Yoplait,900g,9.69,"Cheese, Butter & Yoghurt"
new_world_remuera_5231459-EA-000,91e4dddd-aed7-4ccc-ad0b-dfe25805a495,New World Remuera,New World,East Auckland,5231459-EA-000,Natural Plain Yogurt,Viavio,200g,4.39,"Cheese, Butter & Yoghurt"
new_world_remuera_5028852-EA-000,91e4dddd-aed7-4ccc-ad0b-dfe25805a495,New World Remuera,New World,East Auckland,5028852-EA-000,Fresh Cream,Pams,300ml,3.19,"Cheese, Butter & Yoghurt"
new_world_remuera_5040641-EA-000,91e4dddd-aed7-4ccc-ad0b-dfe25805a495,New World Remuera,New World,East Auckland,5040641-EA-000,Fresh Cream,Pams,500ml,4.79,"Cheese, Butter & Yoghurt"
new_world_remuera_5000526-EA-000,91e4dddd-aed7-4ccc-ad0b-dfe25805a495,New World Remuera,New World,East Auckland,5000526-EA-000,Pure Cream,Anchor,300ml,3.45,"Cheese, Butter & Yoghurt"
new_world_remuera_5028855-EA-000,91e4dddd-aed7-4ccc-ad0b-dfe25805a495,New World Remuera,New World,East Auckland,5028855-EA-000,Cream,Pams,1l,9.35,"Cheese, Butter & Yoghurt"
new_world_remuera_5026102-EA-000,91e4dddd-aed7-4ccc-ad0b-dfe25805a495,New World Remuera,New World,East Auckland,5026102-EA-000,Pure Cream,Anchor,500ml,5.09,"Cheese, Butter & Yoghurt"
new_world_remuera_5027140-EA-000,91e4dddd-aed7-4ccc-ad0b-dfe25805a495,New World Remuera,New World,East Auckland,5027140-EA-000,Traditional Sour Cream,Meadow Fresh,250g,4.69,"Cheese, Butter & Yoghurt"
new_world_remuera_5008633-EA-000,91e4dddd-aed7-4ccc-ad0b-dfe25805a495,New World Remuera,New World,East Auckland,5008633-EA-000,Original Sour Cream,Anchor,250g,4.69,"Cheese, Butter & Yoghurt"
new_world_remuera_5027137-EA-000,91e4dddd-aed7-4ccc-ad0b-dfe25805a495,New World Remuera,New World,East Auckland,5027137-EA-000,Traditional Sour Cream,Meadow Fresh,125g,2.39,"Cheese, Butter & Yoghurt"
new_world_remuera_5303622-EA-000,91e4dddd-aed7-4ccc-ad0b-dfe25805a495,New World Remuera,New World,East Auckland,5303622-EA-000,Sour Cream Straight Up Squeezers,The Collective,250g,4.79,"Cheese, Butter & Yoghurt"
new_world_remuera_5027139-EA-000,91e4dddd-aed7-4ccc-ad0b-dfe25805a495,New World Remuera,New World,East Auckland,5027139-EA-000,Lite Sour Cream,Meadow Fresh,250g,4.69,"Cheese, Butter & Yoghurt"
new_world_remuera_5004743-EA-000,91e4dddd-aed7-4ccc-ad0b-dfe25805a495,New World Remuera,New World,East Auckland,5004743-EA-000,Jasmine Rice,Pams,1kg,3.49,"Rice, Pasta & Noodles"
new_world_remuera_5303222-EA-000,91e4dddd-aed7-4ccc-ad0b-dfe25805a495,New World Remuera,New World,East Auckland,5303222-EA-000,Thai Jasmine Rice,Fortune,1kg,3.89,"Rice, Pasta & Noodles"
new_world_remuera_5002638-EA-000,91e4dddd-aed7-4ccc-ad0b-dfe25805a495,New World Remuera,New World,East Auckland,5002638-EA-000,Fragrant Jasmine Aromatic Long Grain Rice,King's Choice,1kg,3.89,"Rice, Pasta & Noodles"
new_world_remuera_5303803-EA-000,91e4dddd-aed7-4ccc-ad0b-dfe25805a495,New World Remuera,New World,East Auckland,5303803-EA-000,Thai Jasmine Rice,Fortune,5kg,15.99,"Rice, Pasta & Noodles"
new_world_remuera_5021496-EA-000,91e4dddd-aed7-4ccc-ad0b-dfe25805a495,New World Remuera,New World,East Auckland,5021496-EA-000,Jasmine Rice,SunRice,1kg,4.04,"Rice, Pasta & Noodles"
new_world_remuera_5002637-EA-000,91e4dddd-aed7-4ccc-ad0b-dfe25805a495,New World Remuera,New World,East Auckland,5002637-EA-000,Highland Basmati Aromatic Long Grain Rice,King's Choice,1kg,3.99,"Rice, Pasta & Noodles"
new_world_remuera_5005241-EA-000,91e4dddd-aed7-4ccc-ad0b-dfe25805a495,New World Remuera,New World,East Auckland,5005241-EA-000,Basmati Rice,Pams,1kg,3.69,"Rice, Pasta & Noodles"
new_world_remuera_5315537-EA-000,91e4dddd-aed7-4ccc-ad0b-dfe25805a495,New World Remuera,New World,East Auckland,5315537-EA-000,Basmati Steamed Rice,Pams,250g,2.79,"Rice, Pasta & Noodles"
new_world_remuera_5298259-EA-000,91e4dddd-aed7-4ccc-ad0b-dfe25805a495,New World Remuera,New World,East Auckland,5298259-EA-000,Original Basmati Rice Microwave Pouch,Ben's,250g,3.29,"Rice, Pasta & Noodles"
new_world_remuera_5314554-EA-000,91e4dddd-aed7-4ccc-ad0b-dfe25805a495,New World Remuera,New World,East Auckland,5314554-EA-000,Basmati Rice,Pams,2 x 125g,2.89,"Rice, Pasta & Noodles"
new_world_remuera_5025406-EA-000,91e4dddd-aed7-4ccc-ad0b-dfe25805a495,New World Remuera,New World,East Auckland,5025406-EA-000,Spaghetti In Tomato Sauce,Wattie's,3 x 420g,6.79,"Rice, Pasta & Noodles"
new_world_remuera_5323416-EA-000,91e4dddd-aed7-4ccc-ad0b-dfe25805a495,New World Remuera,New World,East Auckland,5323416-EA-000,Spaghetti Pasta,Pams,500g,1.79,"Rice, Pasta & Noodles"
new_world_remuera_5002634-EA-000,91e4dddd-aed7-4ccc-ad0b-dfe25805a495,New World Remuera,New World,East Auckland,5002634-EA-000,Spaghetti Pasta,Diamond,500g,2.99,"Rice, Pasta & Noodles"
new_world_remuera_5002082-EA-000,91e4dddd-aed7-4ccc-ad0b-dfe25805a495,New World Remuera,New World,East Auckland,5002082-EA-000,Spaghetti In Tomato Sauce,Wattie's,420g,2.89,"Rice, Pasta & Noodles"
new_world_remuera_5002077-EA-000,91e4dddd-aed7-4ccc-ad0b-dfe25805a495,New World Remuera,New World,East Auckland,5002077-EA-000,Spaghetti In Tomato Sauce,Oak,420g,1.89,"Rice, Pasta & Noodles"
new_world_remuera_5323415-EA-000,91e4dddd-aed7-4ccc-ad0b-dfe25805a495,New World Remuera,New World,East Auckland,5323415-EA-000,Penne Pasta,Pams,500g,1.79,"Rice, Pasta & Noodles"
new_world_remuera_5002515-EA-000,91e4dddd-aed7-4ccc-ad0b-dfe25805a495,New World Remuera,New World,East Auckland,5002515-EA-000,Penne Pasta,Diamond,500g,2.99,"Rice, Pasta & Noodles"
new_world_remuera_5013996-EA-000,91e4dddd-aed7-4ccc-ad0b-dfe25805a495,New World Remuera,New World,East Auckland,5013996-EA-000,Penne Rigate Pasta,Barilla,500g,4.29,"Rice, Pasta & Noodles"
new_world_remuera_5002631-EA-000,91e4dddd-aed7-4ccc-ad0b-dfe25805a495,New World Remuera,New World,East Auckland,5002631-EA-000,Penne No 18 Pasta,San Remo,500g,3.29,"Rice, Pasta & Noodles"
new_world_remuera_5204819-EA-000,91e4dddd-aed7-4ccc-ad0b-dfe25805a495,New World Remuera,New World,East Auckland,5204819-EA-000,Penne Rigate Pasta,Ghiotti,500g,5.29,"Rice, Pasta & Noodles"
new_world_remuera_5012937-EA-000,91e4dddd-aed7-4ccc-ad0b-dfe25805a495,New World Remuera,New World,East Auckland,5012937-EA-000,Round Cut Egg Noodles,High Mark,280g,3.09,"Rice, Pasta & Noodles"
new_world_remuera_5010232-EA-000,91e4dddd-aed7-4ccc-ad0b-dfe25805a495,New World Remuera,New World,East Auckland,5010232-EA-000,Ribbon Cut Egg Noodles,High Mark,280g,3.09,"Rice, Pasta & Noodles"
new_world_remuera_5027775-EA-000,91e4dddd-aed7-4ccc-ad0b-dfe25805a495,New World Remuera,New World,East Auckland,5027775-EA-000,Thin Egg Style Noodles,Trident,2 x 200g,3.99,"Rice, Pasta & Noodles"
new_world_remuera_5221893-EA-000,91e4dddd-aed7-4ccc-ad0b-dfe25805a495,New World Remuera,New World,East Auckland,5221893-EA-000,Fresh Noodles,Lian Huat,500g,6.59,"Rice, Pasta & Noodles"
new_world_remuera_5011508-EA-000,91e4dddd-aed7-4ccc-ad0b-dfe25805a495,New World Remuera,New World,East Auckland,5011508-EA-000,Fine Cut Egg Noodles,High Mark,280g,3.09,"Rice, Pasta & Noodles"
new_world_remuera_5280130-EA-000,91e4dddd-aed7-4ccc-ad0b-dfe25805a495,New World Remuera,New World,East Auckland,5280130-EA-000,Buldak Carbonara Hot Chicken Ramen Noodles,Samyang,5 x 130g,12.79,"Rice, Pasta & Noodles"
new_world_remuera_5094361-EA-000,91e4dddd-aed7-4ccc-ad0b-dfe25805a495,New World Remuera,New World,East Auckland,5094361-EA-000,Jin Ramen Mild Noodle Soup,Otoki,65g,2.19,"Rice, Pasta & Noodles"
new_world_remuera_5253589-EA-000,91e4dddd-aed7-4ccc-ad0b-dfe25805a495,New World Remuera,New World,East Auckland,5253589-EA-000,Mild Multi Jin Ramen Noodles,Otoki,5 x 120g,8.59,"Rice, Pasta & Noodles"
new_world_remuera_5023884-EA-000,91e4dddd-aed7-4ccc-ad0b-dfe25805a495,New World Remuera,New World,East Auckland,5023884-EA-000,Snack Ramen Noodles Cup,Ottogi,62g,2.19,"Rice, Pasta & Noodles"
new_world_remuera_5211225-EA-000,91e4dddd-aed7-4ccc-ad0b-dfe25805a495,New World Remuera,New World,East Auckland,5211225-EA-000,Black Ramen Kyushu,Nissin,5 x 106g,9.49,"Rice, Pasta & Noodles"
new_world_remuera_5343765-EA-000,91e4dddd-aed7-4ccc-ad0b-dfe25805a495,New World Remuera,New World,East Auckland,5343765-EA-000,Rolled Oats,Pams,1.5kg,4.89,"Breakfast Cereals, Oats & Spreads"
new_world_remuera_5343766-EA-000,91e4dddd-aed7-4ccc-ad0b-dfe25805a495,New World Remuera,New World,East Auckland,5343766-EA-000,Rolled Oats,Pams,750g,2.49,"Breakfast Cereals, Oats & Spreads"
new_world_remuera_5011855-EA-000,91e4dddd-aed7-4ccc-ad0b-dfe25805a495,New World Remuera,New World,East Auckland,5011855-EA-000,Rolled Oats,Harraways,1.5kg,7.79,"Breakfast Cereals, Oats & Spreads"
new_world_remuera_5011507-EA-000,91e4dddd-aed7-4ccc-ad0b-dfe25805a495,New World Remuera,New World,East Auckland,5011507-EA-000,Rolled Oats,Harraways,800g,5.49,"Breakfast Cereals, Oats & Spreads"
new_world_remuera_5016454-EA-000,91e4dddd-aed7-4ccc-ad0b-dfe25805a495,New World Remuera,New World,East Auckland,5016454-EA-000,Wholegrain Oats,Pams,1kg,3.89,"Bread, Wraps & Bakery"
new_world_remuera_5302626-EA-000,91e4dddd-aed7-4ccc-ad0b-dfe25805a495,New World Remuera,New World,East Auckland,5302626-EA-000,Cocoa Puffs Breakfast Cereal,Pams,500g,3.99,"Breakfast Cereals, Oats & Spreads"
new_world_remuera_5291355-EA-000,91e4dddd-aed7-4ccc-ad0b-dfe25805a495,New World Remuera,New World,East Auckland,5291355-EA-000,Light & Right Peach Breakfast Cereal,Hubbards,450g,8.49,"Breakfast Cereals, Oats & Spreads"
new_world_remuera_5003838-EA-000,91e4dddd-aed7-4ccc-ad0b-dfe25805a495,New World Remuera,New World,East Auckland,5003838-EA-000,Rice Snaps,Pams,460g,3.19,"Rice, Pasta & Noodles"
new_world_remuera_5007312-EA-000,91e4dddd-aed7-4ccc-ad0b-dfe25805a495,New World Remuera,New World,East Auckland,5007312-EA-000,Sultana Bran Breakfast Cereal,Kellogg's,420g,8.79,"Breakfast Cereals, Oats & Spreads"
new_world_remuera_5032849-EA-000,91e4dddd-aed7-4ccc-ad0b-dfe25805a495,New World Remuera,New World,East Auckland,5032849-EA-000,Nesquik Chocolate Breakfast Cereal,Nestle,600g,9.79,"Breakfast Cereals, Oats & Spreads"
new_world_remuera_5002800-EA-000,91e4dddd-aed7-4ccc-ad0b-dfe25805a495,New World Remuera,New World,East Auckland,5002800-EA-000,Breakfast Cereal,Sanitarium Weet-Bix,750g,6.99,"Breakfast Cereals, Oats & Spreads"
new_world_remuera_5035008-EA-000,91e4dddd-aed7-4ccc-ad0b-dfe25805a495,New World Remuera,New World,East Auckland,5035008-EA-000,Breakfast Cereal,Sanitarium Weet-Bix,1.2kg,9.49,"Breakfast Cereals, Oats & Spreads"
new_world_remuera_5002799-EA-000,91e4dddd-aed7-4ccc-ad0b-dfe25805a495,New World Remuera,New World,East Auckland,5002799-EA-000,Breakfast Cereal,Sanitarium Weet-Bix,375g,4.99,"Breakfast Cereals, Oats & Spreads"
new_world_remuera_5032006-EA-000,91e4dddd-aed7-4ccc-ad0b-dfe25805a495,New World Remuera,New World,East Auckland,5032006-EA-000,Gluten Free Breakfast Cereal,Sanitarium Weet-Bix,375g,7.79,"Breakfast Cereals, Oats & Spreads"
new_world_remuera_5014712-EA-000,91e4dddd-aed7-4ccc-ad0b-dfe25805a495,New World Remuera,New World,East Auckland,5014712-EA-000,Wild Berry Bites Breakfast Cereal,Sanitarium Weet-Bix,500g,8.49,"Breakfast Cereals, Oats & Spreads"
new_world_remuera_5009506-EA-000,91e4dddd-aed7-4ccc-ad0b-dfe25805a495,New World Remuera,New World,East Auckland,5009506-EA-000,Supersoft White Toast Bread,Tip Top,700g,4.29,"Bread, Wraps & Bakery"
new_world_remuera_5013058-EA-000,91e4dddd-aed7-4ccc-ad0b-dfe25805a495,New World Remuera,New World,East Auckland,5013058-EA-000,White Toast Bread,Sunny Crust,600g,2.82,"Bread, Wraps & Bakery"
new_world_remuera_5026067-EA-000,91e4dddd-aed7-4ccc-ad0b-dfe25805a495,New World Remuera,New World,East Auckland,5026067-EA-000,White Toast Bread,Nature's Fresh,700g,4.21,"Bread, Wraps & Bakery"
new_world_remuera_5092911-EA-000,91e4dddd-aed7-4ccc-ad0b-dfe25805a495,New World Remuera,New World,East Auckland,5092911-EA-000,White Toast Fresh Sliced Bread,Pams Value,600g,2.12,"Bread, Wraps & Bakery"
new_world_remuera_5026013-EA-000,91e4dddd-aed7-4ccc-ad0b-dfe25805a495,New World Remuera,New World,East Auckland,5026013-EA-000,White Super Thick Toast Bread,Nature's Fresh,700g,4.21,"Bread, Wraps & Bakery"
new_world_remuera_5338629-EA-000,91e4dddd-aed7-4ccc-ad0b-dfe25805a495,New World Remuera,New World,East Auckland,5338629-EA-000,Glorious Grains Original Wholegrain Bread,Ploughmans Bakery,700g,4.39,"Bread, Wraps & Bakery"
new_world_remuera_5341016-EA-000,91e4dddd-aed7-4ccc-ad0b-dfe25805a495,New World Remuera,New World,East Auckland,5341016-EA-000,Wholegrain Soft Wraps,Rebel Bakehouse,6 x 63g,5.99,"Bread, Wraps & Bakery"
new_world_remuera_5018055-EA-000,91e4dddd-aed7-4ccc-ad0b-dfe25805a495,New World Remuera,New World,East Auckland,5018055-EA-000,Wholegrain Tortillas,Pams,6pk,3.59,"Bread, Wraps & Bakery"
new_world_remuera_5025259-EA-000,91e4dddd-aed7-4ccc-ad0b-dfe25805a495,New World Remuera,New World,East Auckland,5025259-EA-000,Flour Super Soft & Flexible Mini Tortillas,Old El Paso,10pk,5.89,"Bread, Wraps & Bakery"
new_world_remuera_5016678-EA-000,91e4dddd-aed7-4ccc-ad0b-dfe25805a495,New World Remuera,New World,East Auckland,5016678-EA-000,Wraps Premium White,Farrah's,6pk,6.99,"Bread, Wraps & Bakery"
new_world_remuera_5200051-EA-000,91e4dddd-aed7-4ccc-ad0b-dfe25805a495,New World Remuera,New World,East Auckland,5200051-EA-000,Flame Baked Taco Tortillas,Farrah's,12pk,6.99,"Bread, Wraps & Bakery"
new_world_remuera_5200052-EA-000,91e4dddd-aed7-4ccc-ad0b-dfe25805a495,New World Remuera,New World,East Auckland,5200052-EA-000,Flame Baked Tortillas,Farrah's,10pk,6.99,"Bread, Wraps & Bakery"
new_world_remuera_5016680-EA-000,91e4dddd-aed7-4ccc-ad0b-dfe25805a495,New World Remuera,New World,East Auckland,5016680-EA-000,Multigrain Wraps,Farrah's,6pk,6.99,"Bread, Wraps & Bakery"
new_world_remuera_5006275-EA-000,91e4dddd-aed7-4ccc-ad0b-dfe25805a495,New World Remuera,New World,East Auckland,5006275-EA-000,White Round Pita Bread,Pams,8 x 43.8g,3.79,"Bread, Wraps & Bakery"
new_world_remuera_5029901-EA-000,91e4dddd-aed7-4ccc-ad0b-dfe25805a495,New World Remuera,New World,East Auckland,5029901-EA-000,Garlic Flavour Pita Breads,Giannis,8pk,4.49,"Bread, Wraps & Bakery"
new_world_remuera_5008178-EA-000,91e4dddd-aed7-4ccc-ad0b-dfe25805a495,New World Remuera,New World,East Auckland,5008178-EA-000,Original Pita Bread,Danny's,5pk,6.09,"Bread, Wraps & Bakery"
new_world_remuera_5229326-EA-000,91e4dddd-aed7-4ccc-ad0b-dfe25805a495,New World Remuera,New World,East Auckland,5229326-EA-000,Round Wholemeal Pita,Pams,8pk,3.79,"Bread, Wraps & Bakery"
new_world_remuera_5028784-EA-000,91e4dddd-aed7-4ccc-ad0b-dfe25805a495,New World Remuera,New World,East Auckland,5028784-EA-000,Wholemeal Pita Breads,Giannis,8pk,4.49,"Bread, Wraps & Bakery"
new_world_remuera_5009507-EA-000,91e4dddd-aed7-4ccc-ad0b-dfe25805a495,New World Remuera,New World,East Auckland,5009507-EA-000,Supersoft Burger Buns,Tip Top,6pk,4.89,"Bread, Wraps & Bakery"
new_world_remuera_5110825-EA-000,91e4dddd-aed7-4ccc-ad0b-dfe25805a495,New World Remuera,New World,East Auckland,5110825-EA-000,Dinner Rolls,,12pk,4.29,"Bread, Wraps & Bakery"
new_world_remuera_5323568-EA-000,91e4dddd-aed7-4ccc-ad0b-dfe25805a495,New World Remuera,New World,East Auckland,5323568-EA-000,King Size Burger Buns,Pams,8pk,5.24,"Bread, Wraps & Bakery"
new_world_remuera_5118178-EA-000,91e4dddd-aed7-4ccc-ad0b-dfe25805a495,New World Remuera,New World,East Auckland,5118178-EA-000,Ciabatta Buns,,6pk,6.49,"Bread, Wraps & Bakery"
new_world_remuera_5323567-EA-000,91e4dddd-aed7-4ccc-ad0b-dfe25805a495,New World Remuera,New World,East Auckland,5323567-EA-000,Brioche Style Burger Buns,Pams,6pk,5.62,"Bread, Wraps & Bakery"
new_world_remuera_5003829-EA-000,91e4dddd-aed7-4ccc-ad0b-dfe25805a495,New World Remuera,New World,East Auckland,5003829-EA-000,Pure Plain Flour,Pams,1.5kg,2.0,"Flour, Sugar & Baking"
new_world_remuera_5003830-EA-000,91e4dddd-aed7-4ccc-ad0b-dfe25805a495,New World Remuera,New World,East Auckland,5003830-EA-000,Pure Plain Flour,Pams,5kg,6.79,"Flour, Sugar & Baking"
new_world_remuera_5027521-EA-000,91e4dddd-aed7-4ccc-ad0b-dfe25805a495,New World Remuera,New World,East Auckland,5027521-EA-000,Gluten Free Plain Flour,Edmonds,750g,6.59,"Flour, Sugar & Baking"
new_world_remuera_5327096-EA-000,91e4dddd-aed7-4ccc-ad0b-dfe25805a495,New World Remuera,New World,East Auckland,5327096-EA-000,Gluten Free Plain Flour,Pams,750g,5.49,"Flour, Sugar & Baking"
new_world_remuera_5003844-EA-000,91e4dddd-aed7-4ccc-ad0b-dfe25805a495,New World Remuera,New World,East Auckland,5003844-EA-000,Self Raising Flour,Pams,1.5kg,2.4,"Flour, Sugar & Baking"
new_world_remuera_5286792-EA-000,91e4dddd-aed7-4ccc-ad0b-dfe25805a495,New World Remuera,New World,East Auckland,5286792-EA-000,Self Raising Flour,Edmonds,1.5kg,4.29,"Flour, Sugar & Baking"
new_world_remuera_5027519-EA-000,91e4dddd-aed7-4ccc-ad0b-dfe25805a495,New World Remuera,New World,East Auckland,5027519-EA-000,Gluten Free Self Raising Flour,Edmonds,750g,6.59,"Flour, Sugar & Baking"
new_world_remuera_5003885-EA-000,91e4dddd-aed7-4ccc-ad0b-dfe25805a495,New World Remuera,New World,East Auckland,5003885-EA-000,White Sugar,Pams,1.5kg,3.44,"Flour, Sugar & Baking"
new_world_remuera_5002752-EA-000,91e4dddd-aed7-4ccc-ad0b-dfe25805a495,New World Remuera,New World,East Auckland,5002752-EA-000,White Sugar,Chelsea,500g,2.49,"Flour, Sugar & Baking"
new_world_remuera_5002760-EA-000,91e4dddd-aed7-4ccc-ad0b-dfe25805a495,New World Remuera,New World,East Auckland,5002760-EA-000,White Sugar,Chelsea,1.5kg,4.69,"Flour, Sugar & Baking"
new_world_papakura_5045856-KGM-000,ef977d89-f3d8-4e8b-8a48-b895ded38646,New World Papakura,New World,South Auckland,5045856-KGM-000,Brown Onions,,kg,2.79,Fresh Vegetables
new_world_papakura_5264187-EA-000,ef977d89-f3d8-4e8b-8a48-b895ded38646,New World Papakura,New World,South Auckland,5264187-EA-000,Brown Onions,Pams,1.5kg,4.59,Fresh Vegetables
new_world_papakura_5223140-KGM-000,ef977d89-f3d8-4e8b-8a48-b895ded38646,New World Papakura,New World,South Auckland,5223140-KGM-000,Peeled Red Onions,,kg,6.99,Fresh Vegetables
new_world_papakura_5040009-EA-000,ef977d89-f3d8-4e8b-8a48-b895ded38646,New World Papakura,New World,South Auckland,5040009-EA-000,Spring Onions,,ea,2.49,Fresh Vegetables
new_world_papakura_5009708-EA-000,ef977d89-f3d8-4e8b-8a48-b895ded38646,New World Papakura,New World,South Auckland,5009708-EA-000,Onion Soup Mix Sachet,Maggi,32g,1.59,Fresh Vegetables
new_world_papakura_5045849-KGM-000,ef977d89-f3d8-4e8b-8a48-b895ded38646,New World Papakura,New World,South Auckland,5045849-KGM-000,White Washed Potatoes,,kg,3.79,Fresh Vegetables
new_world_papakura_5045841-KGM-000,ef977d89-f3d8-4e8b-8a48-b895ded38646,New World Papakura,New World,South Auckland,5045841-KGM-000,Yellow Agria Potatoes,,kg,4.49,Fresh Vegetables
new_world_papakura_5264181-EA-000,ef977d89-f3d8-4e8b-8a48-b895ded38646,New World Papakura,New World,South Auckland,5264181-EA-000,Washed Agria Potatoes,Pams,2kg,9.99,Fresh Vegetables
new_world_papakura_5264173-EA-000,ef977d89-f3d8-4e8b-8a48-b895ded38646,New World Papakura,New World,South Auckland,5264173-EA-000,Washed Roasting & Mashing Potatoes,Pams,2.5kg,9.99,Fresh Vegetables
new_world_papakura_5264180-EA-000,ef977d89-f3d8-4e8b-8a48-b895ded38646,New World Papakura,New World,South Auckland,5264180-EA-000,Brushed Agria Potatoes,Pams,3kg,11.99,Fresh Vegetables
new_world_papakura_5046565-KGM-000,ef977d89-f3d8-4e8b-8a48-b895ded38646,New World Papakura,New World,South Auckland,5046565-KGM-000,Loose Garlic,,kg,49.99,Fresh Vegetables
new_world_papakura_5008899-EA-000,ef977d89-f3d8-4e8b-8a48-b895ded38646,New World Papakura,New World,South Auckland,5008899-EA-000,Crushed Garlic,Pams,230g,2.49,Fresh Vegetables
new_world_papakura_5046145-EA-000,ef977d89-f3d8-4e8b-8a48-b895ded38646,New World Papakura,New World,South Auckland,5046145-EA-000,Garlic,,7pk,2.99,Fresh Vegetables
new_world_papakura_5241730-EA-000,ef977d89-f3d8-4e8b-8a48-b895ded38646,New World Papakura,New World,South Auckland,5241730-EA-000,Naturals Eco Garlic Powder,Mrs Rogers,40g,2.49,Fresh Vegetables
new_world_papakura_5046212-EA-000,ef977d89-f3d8-4e8b-8a48-b895ded38646,New World Papakura,New World,South Auckland,5046212-EA-000,Crushed Garlic,Healthy n Fresh,380g,4.99,Fresh Vegetables
new_world_papakura_5039965-KGM-000,ef977d89-f3d8-4e8b-8a48-b895ded38646,New World Papakura,New World,South Auckland,5039965-KGM-000,Carrots,,kg,2.29,Fresh Vegetables
new_world_papakura_5264186-EA-000,ef977d89-f3d8-4e8b-8a48-b895ded38646,New World Papakura,New World,South Auckland,5264186-EA-000,Washed Carrots,Pams,1.5kg,4.69,Fresh Vegetables
new_world_papakura_5245226-EA-000,ef977d89-f3d8-4e8b-8a48-b895ded38646,New World Papakura,New World,South Auckland,5245226-EA-000,Beta Bites Snacking Carrots,Wilcox,250g,3.99,Fresh Vegetables
new_world_papakura_5241265-EA-000,ef977d89-f3d8-4e8b-8a48-b895ded38646,New World Papakura,New World,South Auckland,5241265-EA-000,Carrot Batons,Pams,300g,4.29,Fresh Vegetables
new_world_papakura_5241267-EA-000,ef977d89-f3d8-4e8b-8a48-b895ded38646,New World Papakura,New World,South Auckland,5241267-EA-000,Shredded Carrots,Pams,300g,3.99,Fresh Vegetables
new_world_papakura_5039956-EA-000,ef977d89-f3d8-4e8b-8a48-b895ded38646,New World Papakura,New World,South Auckland,5039956-EA-000,Broccoli,,ea,1.79,Fresh Vegetables
new_world_papakura_5026158-EA-000,ef977d89-f3d8-4e8b-8a48-b895ded38646,New World Papakura,New World,South Auckland,5026158-EA-000,Broccoli,McCain,500g,3.99,Fresh Vegetables
new_world_papakura_5040608-EA-000,ef977d89-f3d8-4e8b-8a48-b895ded38646,New World Papakura,New World,South Auckland,5040608-EA-000,Bellaverde Sweet Stem Broccoli,,250g,4.99,Fresh Vegetables
new_world_papakura_5046507-EA-000,ef977d89-f3d8-4e8b-8a48-b895ded38646,New World Papakura,New World,South Auckland,5046507-EA-000,Cauliflower Half,,ea,2.99,Fresh Vegetables
new_world_papakura_5039966-EA-000,ef977d89-f3d8-4e8b-8a48-b895ded38646,New World Papakura,New World,South Auckland,5039966-EA-000,Cauliflower,,ea,4.99,Fresh Vegetables
new_world_papakura_5040098-KGM-000,ef977d89-f3d8-4e8b-8a48-b895ded38646,New World Papakura,New World,South Auckland,5040098-KGM-000,Loose Red Tomatoes,,kg,13.99,Fresh Vegetables
new_world_papakura_5040543-EA-000,ef977d89-f3d8-4e8b-8a48-b895ded38646,New World Papakura,New World,South Auckland,5040543-EA-000,Angel Naturally Sweet Tomatoes,Beekist,200g,6.99,Fresh Vegetables
new_world_papakura_5259530-EA-000,ef977d89-f3d8-4e8b-8a48-b895ded38646,New World Papakura,New World,South Auckland,5259530-EA-000,Classic Tomatoes.,Sunburst,200g,6.99,Fresh Vegetables
new_world_papakura_5046412-EA-000,ef977d89-f3d8-4e8b-8a48-b895ded38646,New World Papakura,New World,South Auckland,5046412-EA-000,Vine Tomatoes,Campari,300g,8.99,Fresh Vegetables
new_world_papakura_5028889-EA-000,ef977d89-f3d8-4e8b-8a48-b895ded38646,New World Papakura,New World,South Auckland,5028889-EA-000,Telegraph Cucumber,,ea,3.49,Fresh Vegetables
new_world_papakura_5040464-EA-000,ef977d89-f3d8-4e8b-8a48-b895ded38646,New World Papakura,New World,South Auckland,5040464-EA-000,Baby Spinach,Pams,120g,4.19,Fresh Vegetables
new_world_papakura_5040724-EA-000,ef977d89-f3d8-4e8b-8a48-b895ded38646,New World Papakura,New World,South Auckland,5040724-EA-000,Baby Spinach,LeaderBrand,120g,4.49,Fresh Vegetables
new_world_papakura_5040743-EA-000,ef977d89-f3d8-4e8b-8a48-b895ded38646,New World Papakura,New World,South Auckland,5040743-EA-000,Spinach,Pams,ea,5.99,Fresh Vegetables
new_world_papakura_5299185-EA-000,ef977d89-f3d8-4e8b-8a48-b895ded38646,New World Papakura,New World,South Auckland,5299185-EA-000,Chopped Leaf Spinach,Pams,500g,3.49,Fresh Vegetables
new_world_papakura_5046509-EA-000,ef977d89-f3d8-4e8b-8a48-b895ded38646,New World Papakura,New World,South Auckland,5046509-EA-000,Celery Half,,ea,2.29,Fresh Vegetables
new_world_papakura_5303543-EA-000,ef977d89-f3d8-4e8b-8a48-b895ded38646,New World Papakura,New World,South Auckland,5303543-EA-000,Iceberg Lettuce,Pams,1pk,4.99,Fresh Vegetables
new_world_papakura_5046440-EA-000,ef977d89-f3d8-4e8b-8a48-b895ded38646,New World Papakura,New World,South Auckland,5046440-EA-000,Fresh Cut Lettuce,,ea,2.99,Fresh Vegetables
new_world_papakura_5303544-EA-000,ef977d89-f3d8-4e8b-8a48-b895ded38646,New World Papakura,New World,South Auckland,5303544-EA-000,Baby Cos Lettuce,Pams,2pk,3.49,Fresh Vegetables
new_world_papakura_5040462-EA-000,ef977d89-f3d8-4e8b-8a48-b895ded38646,New World Papakura,New World,South Auckland,5040462-EA-000,Baby Leaf Lettuce,Pams,100g,4.19,Fresh Vegetables
new_world_papakura_5040461-EA-000,ef977d89-f3d8-4e8b-8a48-b895ded38646,New World Papakura,New World,South Auckland,5040461-EA-000,Baby Cos Lettuce,Pams Fresh,120g,4.49,Fresh Vegetables
new_world_papakura_5345926-EA-000,ef977d89-f3d8-4e8b-8a48-b895ded38646,New World Papakura,New World,South Auckland,5345926-EA-000,Cherry Tomatoes,Pams,180g,6.99,Fresh Vegetables
new_world_papakura_5046533-KGM-000,ef977d89-f3d8-4e8b-8a48-b895ded38646,New World Papakura,New World,South Auckland,5046533-KGM-000,White Button Mushrooms,,kg,12.99,Fresh Vegetables
new_world_papakura_5326590-EA-000,ef977d89-f3d8-4e8b-8a48-b895ded38646,New World Papakura,New World,South Auckland,5326590-EA-000,White Button Mushrooms,Pams,400g,4.99,Fresh Vegetables
new_world_papakura_5294812-EA-000,ef977d89-f3d8-4e8b-8a48-b895ded38646,New World Papakura,New World,South Auckland,5294812-EA-000,White Button Mushrooms,Meadow Mushrooms,200g,4.89,Fresh Vegetables
new_world_papakura_5040006-KGM-000,ef977d89-f3d8-4e8b-8a48-b895ded38646,New World Papakura,New World,South Auckland,5040006-KGM-000,Portabello Flat Mushrooms,,kg,16.99,Fresh Vegetables
new_world_papakura_5047091-EA-000,ef977d89-f3d8-4e8b-8a48-b895ded38646,New World Papakura,New World,South Auckland,5047091-EA-000,Swiss Brown Mushrooms,,200g,4.99,Fresh Vegetables
new_world_papakura_5046505-EA-000,ef977d89-f3d8-4e8b-8a48-b895ded38646,New World Papakura,New World,South Auckland,5046505-EA-000,Green Capsicum,,ea,4.49,Fresh Vegetables
new_world_papakura_5005954-EA-000,ef977d89-f3d8-4e8b-8a48-b895ded38646,New World Papakura,New World,South Auckland,5005954-EA-000,Diced Tomatoes With Capsicum And Onion,Pams,400g,1.39,Canned Goods
new_world_papakura_5046525-KGM-000,ef977d89-f3d8-4e8b-8a48-b895ded38646,New World Papakura,New World,South Auckland,5046525-KGM-000,Royal Gala Apples,,kg,4.99,Fresh Fruit
new_world_papakura_5045864-KGM-000,ef977d89-f3d8-4e8b-8a48-b895ded38646,New World Papakura,New World,South Auckland,5045864-KGM-000,Rose Apples,,kg,5.49,Fresh Fruit
new_world_papakura_5039945-KGM-000,ef977d89-f3d8-4e8b-8a48-b895ded38646,New World Papakura,New World,South Auckland,5039945-KGM-000,Granny Smith Apples,,kg,4.89,Fresh Fruit
new_world_papakura_5040702-EA-000,ef977d89-f3d8-4e8b-8a48-b895ded38646,New World Papakura,New World,South Auckland,5040702-EA-000,Royal Gala Apples,Yummy Fruit,1.5kg,7.79,Fresh Fruit
new_world_papakura_5040539-EA-000,ef977d89-f3d8-4e8b-8a48-b895ded38646,New World Papakura,New World,South Auckland,5040539-EA-000,Jazz Apples,,1.5kg,7.99,Fresh Fruit
new_world_papakura_5046542-KGM-000,ef977d89-f3d8-4e8b-8a48-b895ded38646,New World Papakura,New World,South Auckland,5046542-KGM-000,Bananas,,kg,3.79,Fresh Fruit
new_world_papakura_5007770-EA-000,ef977d89-f3d8-4e8b-8a48-b895ded38646,New World Papakura,New World,South Auckland,5007770-EA-000,Bobby Bananas Bunch,Dole,ea,4.49,Fresh Fruit
new_world_papakura_5040730-EA-000,ef977d89-f3d8-4e8b-8a48-b895ded38646,New World Papakura,New World,South Auckland,5040730-EA-000,Fairtrade Bananas,,1pk,4.99,Fresh Fruit
new_world_papakura_5205142-EA-000,ef977d89-f3d8-4e8b-8a48-b895ded38646,New World Papakura,New World,South Auckland,5205142-EA-000,Spinach Apple Blueberry & Banana Vege Fruit Sticks,Mother Earth,152g,3.89,Fresh Fruit
new_world_papakura_5041475-EA-000,ef977d89-f3d8-4e8b-8a48-b895ded38646,New World Papakura,New World,South Auckland,5041475-EA-000,Banana Bread,,ea,7.09,"Bread, Wraps & Bakery"
new_world_papakura_5040012-EA-000,ef977d89-f3d8-4e8b-8a48-b895ded38646,New World Papakura,New World,South Auckland,5040012-EA-000,Navel Oranges,Pams,1.5kg,6.99,Fresh Fruit
new_world_papakura_5040011-KGM-000,ef977d89-f3d8-4e8b-8a48-b895ded38646,New World Papakura,New World,South Auckland,5040011-KGM-000,Orange Kumara,,kg,5.49,Fresh Fruit
new_world_papakura_5046917-KGM-000,ef977d89-f3d8-4e8b-8a48-b895ded38646,New World Papakura,New World,South Auckland,5046917-KGM-000,Imported Mandarins,,kg,5.49,Fresh Fruit
new_world_papakura_5046477-KGM-000,ef977d89-f3d8-4e8b-8a48-b895ded38646,New World Papakura,New World,South Auckland,5046477-KGM-000,Lemons,,kg,4.99,Fresh Fruit
new_world_papakura_5040591-EA-000,ef977d89-f3d8-4e8b-8a48-b895ded38646,New World Papakura,New World,South Auckland,5040591-EA-000,Mandarins,,750g,6.99,Fresh Fruit
new_world_papakura_5039989-EA-000,ef977d89-f3d8-4e8b-8a48-b895ded38646,New World Papakura,New World,South Auckland,5039989-EA-000,Lemons,Pams Fresh,1kg,4.49,Fresh Fruit
new_world_papakura_5203150-EA-000,ef977d89-f3d8-4e8b-8a48-b895ded38646,New World Papakura,New World,South Auckland,5203150-EA-000,Lemon Baking Juice,Pams,250ml,2.39,Fresh Fruit
new_world_papakura_5031941-EA-000,ef977d89-f3d8-4e8b-8a48-b895ded38646,New World Papakura,New World,South Auckland,5031941-EA-000,Lemon Honey Ginger Fruit Juice,The Homegrown Juice Company,1l,5.39,"Breakfast Cereals, Oats & Spreads"
new_world_papakura_5345885-EA-000,ef977d89-f3d8-4e8b-8a48-b895ded38646,New World Papakura,New World,South Auckland,5345885-EA-000,Rocketslaw Salad with Creamy Lemon Mayonnaise,Salad,350g,6.19,Fresh Fruit
new_world_papakura_5312786-EA-000,ef977d89-f3d8-4e8b-8a48-b895ded38646,New World Papakura,New World,South Auckland,5312786-EA-000,Mixed Berry,Fruzio,750g,11.49,Fresh Fruit
new_world_papakura_5310065-EA-000,ef977d89-f3d8-4e8b-8a48-b895ded38646,New World Papakura,New World,South Auckland,5310065-EA-000,Five Berry Medley,Fruzio,750g,12.49,Fresh Fruit
new_world_papakura_5020153-EA-000,ef977d89-f3d8-4e8b-8a48-b895ded38646,New World Papakura,New World,South Auckland,5020153-EA-000,Mixed Berries,Oob Organic,450g,10.39,Fresh Fruit
new_world_papakura_5295357-EA-000,ef977d89-f3d8-4e8b-8a48-b895ded38646,New World Papakura,New World,South Auckland,5295357-EA-000,Mixed Berries,Serious Organic,400g,8.99,Fresh Fruit
new_world_papakura_5086541-EA-000,ef977d89-f3d8-4e8b-8a48-b895ded38646,New World Papakura,New World,South Auckland,5086541-EA-000,Imported Strawberries,,250g,7.99,Fresh Fruit
new_world_papakura_5105651-KGM-000,ef977d89-f3d8-4e8b-8a48-b895ded38646,New World Papakura,New World,South Auckland,5105651-KGM-000,Skinless Chicken Breast,,kg,12.99,Chicken & Poultry
new_world_papakura_5221711-EA-000,ef977d89-f3d8-4e8b-8a48-b895ded38646,New World Papakura,New World,South Auckland,5221711-EA-000,Boneless Skinless Chicken Breast,Pams Free Range,400g,9.99,Chicken & Poultry
new_world_papakura_5139623-EA-000,ef977d89-f3d8-4e8b-8a48-b895ded38646,New World Papakura,New World,South Auckland,5139623-EA-000,Diced Chicken Breast,Pams Free Range,450g,8.99,Chicken & Poultry
new_world_papakura_5275873-KGM-000,ef977d89-f3d8-4e8b-8a48-b895ded38646,New World Papakura,New World,South Auckland,5275873-KGM-000,Fresh Free Range Skinless Chicken Breast Tray Pack,Bird & Barrow,kg,25.49,Chicken & Poultry
new_world_papakura_5113040-KGM-000,ef977d89-f3d8-4e8b-8a48-b895ded38646,New World Papakura,New World,South Auckland,5113040-KGM-000,NZ Chicken Tenderloins,,kg,23.49,Chicken & Poultry
new_world_papakura_5221708-EA-000,ef977d89-f3d8-4e8b-8a48-b895ded38646,New World Papakura,New World,South Auckland,5221708-EA-000,Boneless Skinless Chicken Thighs,Pams Free Range,400g,10.99,Chicken & Poultry
new_world_papakura_5115633-KGM-000,ef977d89-f3d8-4e8b-8a48-b895ded38646,New World Papakura,New World,South Auckland,5115633-KGM-000,NZ Skinless Chicken Thigh Fillet,,kg,27.49,Chicken & Poultry
new_world_papakura_5118844-KGM-000,ef977d89-f3d8-4e8b-8a48-b895ded38646,New World Papakura,New World,South Auckland,5118844-KGM-000,NZ Chicken Thighs Bone In,,kg,7.99,Chicken & Poultry
new_world_papakura_5108515-KGM-000,ef977d89-f3d8-4e8b-8a48-b895ded38646,New World Papakura,New World,South Auckland,5108515-KGM-000,NZ Chicken Thigh Bone in Cutlets,,kg,17.69,Chicken & Poultry
new_world_papakura_5105213-KGM-000,ef977d89-f3d8-4e8b-8a48-b895ded38646,New World Papakura,New World,South Auckland,5105213-KGM-000,NZ Chicken Drumsticks,,kg,8.49,Chicken & Poultry
new_world_papakura_5269885-EA-000,ef977d89-f3d8-4e8b-8a48-b895ded38646,New World Papakura,New World,South Auckland,5269885-EA-000,100% Certified Organic Free Range Chicken Drumsticks,Bostock Brothers,900g,13.67,Chicken & Poultry
new_world_papakura_5100208-KGM-000,ef977d89-f3d8-4e8b-8a48-b895ded38646,New World Papakura,New World,South Auckland,5100208-KGM-000,Chicken Nibbles,,kg,13.69,Chicken & Poultry
new_world_papakura_5269886-EA-000,ef977d89-f3d8-4e8b-8a48-b895ded38646,New World Papakura,New World,South Auckland,5269886-EA-000,100% Certified Organic Free Range Chicken Nibbles,Bostock Brothers,900g,13.67,Chicken & Poultry
new_world_papakura_5102903-KGM-000,ef977d89-f3d8-4e8b-8a48-b895ded38646,New World Papakura,New World,South Auckland,5102903-KGM-000,NZ Chicken Legs,,kg,12.79,Chicken & Poultry
new_world_papakura_5041957-EA-000,ef977d89-f3d8-4e8b-8a48-b895ded38646,New World Papakura,New World,South Auckland,5041957-EA-000,Free Range Whole Chicken,Waitoa,1.5kg,17.75,Chicken & Poultry
new_world_papakura_5028347-EA-000,ef977d89-f3d8-4e8b-8a48-b895ded38646,New World Papakura,New World,South Auckland,5028347-EA-000,Whole Chicken with Garden Herbs Stuffing,Waitoa,1.5kg,17.75,Chicken & Poultry
new_world_papakura_5004502-EA-000,ef977d89-f3d8-4e8b-8a48-b895ded38646,New World Papakura,New World,South Auckland,5004502-EA-000,Frozen Whole Chicken,Ingham's,850g,8.19,Frozen Foods
new_world_papakura_5322808-EA-000,ef977d89-f3d8-4e8b-8a48-b895ded38646,New World Papakura,New World,South Auckland,5322808-EA-000,Free Range Oven Ready Sage & Onion Roast Fresh Chicken,Tegel,1.5kg,18.99,Chicken & Poultry
new_world_papakura_5340737-EA-000,ef977d89-f3d8-4e8b-8a48-b895ded38646,New World Papakura,New World,South Auckland,5340737-EA-000,Garlic Lemon & Herb Butterflied Chicken,Pams,1.35kg,13.99,Chicken & Poultry
new_world_papakura_5101189-KGM-000,ef977d89-f3d8-4e8b-8a48-b895ded38646,New World Papakura,New World,South Auckland,5101189-KGM-000,NZ Premium Beef Mince,,kg,23.99,Beef & Lamb
new_world_papakura_5125914-KGM-000,ef977d89-f3d8-4e8b-8a48-b895ded38646,New World Papakura,New World,South Auckland,5125914-KGM-000,NZ Beef Prime Mince,,kg,26.99,Beef & Lamb
new_world_papakura_5203717-EA-000,ef977d89-f3d8-4e8b-8a48-b895ded38646,New World Papakura,New World,South Auckland,5203717-EA-000,Wagyu Beef Mince,First Light,400g,13.99,Beef & Lamb
new_world_papakura_5104061-KGM-000,ef977d89-f3d8-4e8b-8a48-b895ded38646,New World Papakura,New World,South Auckland,5104061-KGM-000,NZ Diced Beef,,kg,31.99,Beef & Lamb
new_world_papakura_5344231-EA-000,ef977d89-f3d8-4e8b-8a48-b895ded38646,New World Papakura,New World,South Auckland,5344231-EA-000,Pork & Beef Mince,Hellers,380g,9.99,Beef & Lamb
new_world_papakura_5103401-KGM-000,ef977d89-f3d8-4e8b-8a48-b895ded38646,New World Papakura,New World,South Auckland,5103401-KGM-000,Beef Rump Steak,,kg,36.99,Beef & Lamb
new_world_papakura_5102637-KGM-000,ef977d89-f3d8-4e8b-8a48-b895ded38646,New World Papakura,New World,South Auckland,5102637-KGM-000,Beef Scotch Fillet Steak,,kg,56.99,Beef & Lamb
new_world_papakura_5103224-KGM-000,ef977d89-f3d8-4e8b-8a48-b895ded38646,New World Papakura,New World,South Auckland,5103224-KGM-000,NZ Beef Schnitzel,,kg,23.99,Beef & Lamb
new_world_papakura_5236311-KGM-000,ef977d89-f3d8-4e8b-8a48-b895ded38646,New World Papakura,New World,South Auckland,5236311-KGM-000,NZ Beef Casserole Steak,,kg,32.49,Beef & Lamb
new_world_papakura_5123919-KGM-000,ef977d89-f3d8-4e8b-8a48-b895ded38646,New World Papakura,New World,South Auckland,5123919-KGM-000,NZ Beef Sirloin Steak,,kg,49.99,Beef & Lamb
new_world_papakura_5085463-EA-000,ef977d89-f3d8-4e8b-8a48-b895ded38646,New World Papakura,New World,South Auckland,5085463-EA-000,Beef Thin Sliced Roast,Farmland,100g,5.89,Beef & Lamb
new_world_papakura_5101925-KGM-000,ef977d89-f3d8-4e8b-8a48-b895ded38646,New World Papakura,New World,South Auckland,5101925-KGM-000,NZ Beef Topside Roast,,kg,31.49,Beef & Lamb
new_world_papakura_5211781-KGM-000,ef977d89-f3d8-4e8b-8a48-b895ded38646,New World Papakura,New World,South Auckland,5211781-KGM-000,Cooked Roast Beef,Farmland,kg,44.5,Beef & Lamb
new_world_papakura_5115766-KGM-000,ef977d89-f3d8-4e8b-8a48-b895ded38646,New World Papakura,New World,South Auckland,5115766-KGM-000,Roast Beef,Farmland,kg,42.99,Beef & Lamb
new_world_papakura_5103340-KGM-000,ef977d89-f3d8-4e8b-8a48-b895ded38646,New World Papakura,New World,South Auckland,5103340-KGM-000,Beef Rolled Rib Roast Plain,,kg,23.99,Beef & Lamb
new_world_papakura_5100697-KGM-000,ef977d89-f3d8-4e8b-8a48-b895ded38646,New World Papakura,New World,South Auckland,5100697-KGM-000,NZ Pork Loin Chops,,kg,16.99,Beef & Lamb
new_world_papakura_5103018-KGM-000,ef977d89-f3d8-4e8b-8a48-b895ded38646,New World Papakura,New World,South Auckland,5103018-KGM-000,NZ Pork Shoulder Chops,,kg,17.99,Beef & Lamb
new_world_papakura_5019426-EA-000,ef977d89-f3d8-4e8b-8a48-b895ded38646,New World Papakura,New World,South Auckland,5019426-EA-000,Streaky Bacon,Pams,250g,6.99,Pork & Ham
new_world_papakura_5037815-EA-000,ef977d89-f3d8-4e8b-8a48-b895ded38646,New World Papakura,New World,South Auckland,5037815-EA-000,Streaky Bacon,Pams,500g,11.49,Pork & Ham
new_world_papakura_5084510-EA-000,ef977d89-f3d8-4e8b-8a48-b895ded38646,New World Papakura,New World,South Auckland,5084510-EA-000,Streaky Bacon,Pams,1kg,20.99,Pork & Ham
new_world_papakura_5033086-EA-000,ef977d89-f3d8-4e8b-8a48-b895ded38646,New World Papakura,New World,South Auckland,5033086-EA-000,Manuka Smoked Streaky Bacon,Grandpa's Meat & Bacon Co.,250g,8.29,Pork & Ham
new_world_papakura_5309836-EA-000,ef977d89-f3d8-4e8b-8a48-b895ded38646,New World Papakura,New World,South Auckland,5309836-EA-000,Streaky Bacon,Beehive,800g,21.79,Pork & Ham
new_world_papakura_5110088-KGM-000,ef977d89-f3d8-4e8b-8a48-b895ded38646,New World Papakura,New World,South Auckland,5110088-KGM-000,Champagne Leg Ham,,kg,22.0,Pork & Ham
new_world_papakura_5023557-EA-000,ef977d89-f3d8-4e8b-8a48-b895ded38646,New World Papakura,New World,South Auckland,5023557-EA-000,Shaved Champagne Ham,Beehive,200g,7.69,Pork & Ham
new_world_papakura_5019277-EA-000,ef977d89-f3d8-4e8b-8a48-b895ded38646,New World Papakura,New World,South Auckland,5019277-EA-000,Shaved Leg Ham,Country Pride,200g,5.29,Pork & Ham
new_world_papakura_5241237-EA-000,ef977d89-f3d8-4e8b-8a48-b895ded38646,New World Papakura,New World,South Auckland,5241237-EA-000,Shaved Champagne Leg Ham,Hellers,200g,7.0,Pork & Ham
new_world_papakura_5039342-EA-000,ef977d89-f3d8-4e8b-8a48-b895ded38646,New World Papakura,New World,South Auckland,5039342-EA-000,Shaved Champagne Leg Ham,Hellers,100g,4.29,Pork & Ham
new_world_papakura_5312237-EA-000,ef977d89-f3d8-4e8b-8a48-b895ded38646,New World Papakura,New World,South Auckland,5312237-EA-000,Classic Beef Sausages,Pams,6 x 75g,9.49,Beef & Lamb
new_world_papakura_5028230-EA-000,ef977d89-f3d8-4e8b-8a48-b895ded38646,New World Papakura,New World,South Auckland,5028230-EA-000,Trusty BBQ Pre-Cooked Sausages,Hellers,1kg,12.49,Pork & Ham
new_world_papakura_5252611-EA-000,ef977d89-f3d8-4e8b-8a48-b895ded38646,New World Papakura,New World,South Auckland,5252611-EA-000,Beef Manuka Honey & Hickory Sausages,Harmony,450g,11.99,"Breakfast Cereals, Oats & Spreads"
new_world_papakura_5262773-EA-000,ef977d89-f3d8-4e8b-8a48-b895ded38646,New World Papakura,New World,South Auckland,5262773-EA-000,Precooked Sausages,Pams,1kg,8.99,Pork & Ham
new_world_papakura_5082985-EA-000,ef977d89-f3d8-4e8b-8a48-b895ded38646,New World Papakura,New World,South Auckland,5082985-EA-000,Craft Angus Beef Sausages,Hellers,6pk,12.99,Beef & Lamb
new_world_papakura_5220975-EA-000,ef977d89-f3d8-4e8b-8a48-b895ded38646,New World Papakura,New World,South Auckland,5220975-EA-000,Sliced Smoked Salmon,Pams,100g,9.79,Fresh Seafood
new_world_papakura_5234369-KGM-000,ef977d89-f3d8-4e8b-8a48-b895ded38646,New World Papakura,New World,South Auckland,5234369-KGM-000,Fresh Tasmanian Salmon Fillets Skin On Bone In,,kg,58.99,Fresh Seafood
new_world_papakura_5220977-EA-000,ef977d89-f3d8-4e8b-8a48-b895ded38646,New World Papakura,New World,South Auckland,5220977-EA-000,Sliced Smoked Salmon,Pams,200g,14.79,Fresh Seafood
new_world_papakura_5313293-EA-000,ef977d89-f3d8-4e8b-8a48-b895ded38646,New World Papakura,New World,South Auckland,5313293-EA-000,Double Manuka Hot Smoked Salmon Portion,Regal,100g,13.99,Fresh Seafood
new_world_papakura_5220978-EA-000,ef977d89-f3d8-4e8b-8a48-b895ded38646,New World Papakura,New World,South Auckland,5220978-EA-000,Natural Hot Smoked Salmon,Pams,150g,14.39,Fresh Seafood
new_world_papakura_5333249-EA-000,ef977d89-f3d8-4e8b-8a48-b895ded38646,New World Papakura,New World,South Auckland,5333249-EA-000,Tuna Fillet In Broth Wet Cat Food,Applaws,70g,2.49,Fresh Seafood
new_world_papakura_5333248-EA-000,ef977d89-f3d8-4e8b-8a48-b895ded38646,New World Papakura,New World,South Auckland,5333248-EA-000,Tuna Fillet With Prawn In Broth Wet Cat Food,Applaws,70g,2.49,Fresh Seafood
new_world_papakura_5249296-EA-000,ef977d89-f3d8-4e8b-8a48-b895ded38646,New World Papakura,New World,South Auckland,5249296-EA-000,Raw Prawn Cutlets,Shore Mariner,500g,11.99,Fresh Seafood
new_world_papakura_5029377-EA-000,ef977d89-f3d8-4e8b-8a48-b895ded38646,New World Papakura,New World,South Auckland,5029377-EA-000,Cooked Prawn Cutlets,Shore Mariner,400g,11.79,Fresh Seafood
new_world_papakura_5220974-EA-000,ef977d89-f3d8-4e8b-8a48-b895ded38646,New World Papakura,New World,South Auckland,5220974-EA-000,Raw Frozen Prawns Cutlet,Pams Finest,500g,17.79,Frozen Foods
new_world_papakura_5329072-EA-000,ef977d89-f3d8-4e8b-8a48-b895ded38646,New World Papakura,New World,South Auckland,5329072-EA-000,Raw Prawn Meat Pieces,Pams Value,500g,9.59,Fresh Seafood
new_world_papakura_5092259-EA-000,ef977d89-f3d8-4e8b-8a48-b895ded38646,New World Papakura,New World,South Auckland,5092259-EA-000,Premium Raw Stir Fry Prawns,Kingfisher Seafood,500g,15.99,Fresh Seafood
new_world_papakura_5230508-EA-000,ef977d89-f3d8-4e8b-8a48-b895ded38646,New World Papakura,New World,South Auckland,5230508-EA-000,Adult Broths Tuna Shrimp & Whitefish Wet Cat Food,Purina Fancy Feast,40g,2.39,Fresh Seafood
new_world_papakura_5230507-EA-000,ef977d89-f3d8-4e8b-8a48-b895ded38646,New World Papakura,New World,South Auckland,5230507-EA-000,Adult Broths Tuna Anchovies & Whitefish Wet Cat Food,Purina Fancy Feast,40g,2.39,Fresh Seafood
new_world_papakura_5254092-EA-000,ef977d89-f3d8-4e8b-8a48-b895ded38646,New World Papakura,New World,South Auckland,5254092-EA-000,Perfect Portions Pate Entree With Delicate Whitefish And Tuna Wet Cat Food,Dine,75g,2.29,Fresh Seafood
new_world_papakura_5204775-EA-000,ef977d89-f3d8-4e8b-8a48-b895ded38646,New World Papakura,New World,South Auckland,5204775-EA-000,Grainfree Salmon Whitefish & Olive Oil Premium Adult Cat Food,Fussy Cat,2.5kg,24.99,Fresh Seafood
new_world_papakura_5018684-EA-000,ef977d89-f3d8-4e8b-8a48-b895ded38646,New World Papakura,New World,South Auckland,5018684-EA-000,Grainfree Salmon Whitefish & Olive Oil Premium Adult Cat Food,Fussy Cat,500g,8.99,Fresh Seafood
new_world_papakura_5201479-EA-000,ef977d89-f3d8-4e8b-8a48-b895ded38646,New World Papakura,New World,South Auckland,5201479-EA-000,Standard Milk,Pams Value,2l,4.82,Fresh Milk & Plant Milk
new_world_papakura_5000527-EA-000,ef977d89-f3d8-4e8b-8a48-b895ded38646,New World Papakura,New World,South Auckland,5000527-EA-000,Blue Milk,Anchor,2l,5.79,Fresh Milk & Plant Milk
new_world_papakura_5000518-EA-000,ef977d89-f3d8-4e8b-8a48-b895ded38646,New World Papakura,New World,South Auckland,5000518-EA-000,Blue Milk,Anchor,1l,3.73,Fresh Milk & Plant Milk
new_world_papakura_5201490-EA-000,ef977d89-f3d8-4e8b-8a48-b895ded38646,New World Papakura,New World,South Auckland,5201490-EA-000,Standard Milk,Pams Value,3l,7.19,Fresh Milk & Plant Milk
new_world_papakura_5201487-EA-000,ef977d89-f3d8-4e8b-8a48-b895ded38646,New World Papakura,New World,South Auckland,5201487-EA-000,Lite Milk,Pams Value,2l,4.82,Fresh Milk & Plant Milk
new_world_papakura_5201486-EA-000,ef977d89-f3d8-4e8b-8a48-b895ded38646,New World Papakura,New World,South Auckland,5201486-EA-000,Trim Milk,Pams Value,2l,4.82,Fresh Milk & Plant Milk
new_world_papakura_5000520-EA-000,ef977d89-f3d8-4e8b-8a48-b895ded38646,New World Papakura,New World,South Auckland,5000520-EA-000,Trim Milk,Anchor,1l,3.73,Fresh Milk & Plant Milk
new_world_papakura_5000521-EA-000,ef977d89-f3d8-4e8b-8a48-b895ded38646,New World Papakura,New World,South Auckland,5000521-EA-000,Trim Milk,Anchor,2l,5.79,Fresh Milk & Plant Milk
new_world_papakura_5000519-EA-000,ef977d89-f3d8-4e8b-8a48-b895ded38646,New World Papakura,New World,South Auckland,5000519-EA-000,Calci + Trim Milk,Anchor,2l,6.86,Fresh Milk & Plant Milk
new_world_papakura_5025424-EA-000,ef977d89-f3d8-4e8b-8a48-b895ded38646,New World Papakura,New World,South Auckland,5025424-EA-000,Calci + Trim Milk,Anchor,1l,3.79,Fresh Milk & Plant Milk
new_world_papakura_5003852-EA-000,ef977d89-f3d8-4e8b-8a48-b895ded38646,New World Papakura,New World,South Auckland,5003852-EA-000,Regular Soy Milk,Pams,1l,2.99,Fresh Milk & Plant Milk
new_world_papakura_5200391-EA-000,ef977d89-f3d8-4e8b-8a48-b895ded38646,New World Papakura,New World,South Auckland,5200391-EA-000,Protein Plus Soy Milk,Vitasoy,1l,4.49,Fresh Milk & Plant Milk
new_world_papakura_5010269-EA-000,ef977d89-f3d8-4e8b-8a48-b895ded38646,New World Papakura,New World,South Auckland,5010269-EA-000,Regular Soy Milk,Sanitarium So Good,1l,3.99,Fresh Milk & Plant Milk
new_world_papakura_5003420-EA-000,ef977d89-f3d8-4e8b-8a48-b895ded38646,New World Papakura,New World,South Auckland,5003420-EA-000,Original Soy Milk,Vitasoy,1l,4.49,Fresh Milk & Plant Milk
new_world_papakura_5004887-EA-000,ef977d89-f3d8-4e8b-8a48-b895ded38646,New World Papakura,New World,South Auckland,5004887-EA-000,Lite Soy Milk,Pams Plant Based,1l,2.99,Fresh Milk & Plant Milk
new_world_papakura_5014501-EA-000,ef977d89-f3d8-4e8b-8a48-b895ded38646,New World Papakura,New World,South Auckland,5014501-EA-000,Unsweetened Oat Milk,Vitasoy,1l,3.59,Fresh Milk & Plant Milk
new_world_papakura_5294478-EA-000,ef977d89-f3d8-4e8b-8a48-b895ded38646,New World Papakura,New World,South Auckland,5294478-EA-000,Oat Milk Barista Grade,Boring,1l,4.89,Fresh Milk & Plant Milk
new_world_papakura_5269316-EA-000,ef977d89-f3d8-4e8b-8a48-b895ded38646,New World Papakura,New World,South Auckland,5269316-EA-000,The Barista One Milk,Otis Oat Milk,1l,4.69,Fresh Milk & Plant Milk
new_world_papakura_5273198-EA-000,ef977d89-f3d8-4e8b-8a48-b895ded38646,New World Papakura,New World,South Auckland,5273198-EA-000,No Added Sugar Oat Milk,Sanitarium So Good,1l,4.09,Fresh Milk & Plant Milk
new_world_papakura_5269330-EA-000,ef977d89-f3d8-4e8b-8a48-b895ded38646,New World Papakura,New World,South Auckland,5269330-EA-000,Barista Edition Oat Milk,Sanitarium So Good,1l,4.99,Fresh Milk & Plant Milk
new_world_papakura_5030647-EA-000,ef977d89-f3d8-4e8b-8a48-b895ded38646,New World Papakura,New World,South Auckland,5030647-EA-000,Unsweetened Almond Milk UHT,Sanitarium So Good,1l,4.99,Fresh Milk & Plant Milk
new_world_papakura_5037993-EA-000,ef977d89-f3d8-4e8b-8a48-b895ded38646,New World Papakura,New World,South Auckland,5037993-EA-000,Unsweetened Almond Milk,Vitasoy,1l,4.19,Fresh Milk & Plant Milk
new_world_papakura_5269328-EA-000,ef977d89-f3d8-4e8b-8a48-b895ded38646,New World Papakura,New World,South Auckland,5269328-EA-000,Barista Edition Almond Milk,Sanitarium So Good,1l,4.59,Fresh Milk & Plant Milk
new_world_papakura_5289064-EA-000,ef977d89-f3d8-4e8b-8a48-b895ded38646,New World Papakura,New World,South Auckland,5289064-EA-000,High Protein Almond Milk,Sanitarium So Good,1l,4.59,Fresh Milk & Plant Milk
new_world_papakura_5029021-EA-000,ef977d89-f3d8-4e8b-8a48-b895ded38646,New World Papakura,New World,South Auckland,5029021-EA-000,Unsweetened Almond Milk,Pams Plant Based,1l,3.99,Fresh Milk & Plant Milk
new_world_papakura_5006293-EA-000,ef977d89-f3d8-4e8b-8a48-b895ded38646,New World Papakura,New World,South Auckland,5006293-EA-000,Free Range Mixed Grade Eggs,Pams Free Range,12pk,8.99,Eggs
new_world_papakura_5094568-EA-000,ef977d89-f3d8-4e8b-8a48-b895ded38646,New World Papakura,New World,South Auckland,5094568-EA-000,Free Range Grade 7 Eggs,Woodland,6pk,6.79,Eggs
new_world_papakura_5322429-EA-000,ef977d89-f3d8-4e8b-8a48-b895ded38646,New World Papakura,New World,South Auckland,5322429-EA-000,Free Range Size 7 Eggs,eg.,12pk,10.79,Eggs
new_world_papakura_5202411-EA-000,ef977d89-f3d8-4e8b-8a48-b895ded38646,New World Papakura,New World,South Auckland,5202411-EA-000,Premium Free Range Size 7 Eggs,Otaika Valley,12pk,12.59,Eggs
new_world_papakura_5269558-EA-000,ef977d89-f3d8-4e8b-8a48-b895ded38646,New World Papakura,New World,South Auckland,5269558-EA-000,Free Range Size 6 Eggs,Woodland,18pk,17.39,Eggs
new_world_papakura_5240876-EA-000,ef977d89-f3d8-4e8b-8a48-b895ded38646,New World Papakura,New World,South Auckland,5240876-EA-000,Fresh Colony Caged Size 7 Eggs,Farmer Brown,12pk,8.69,Eggs
new_world_papakura_5314652-EA-000,ef977d89-f3d8-4e8b-8a48-b895ded38646,New World Papakura,New World,South Auckland,5314652-EA-000,Fresh Colony Caged Size 6 Eggs,Farmer Brown,18pk,12.99,Eggs
new_world_papakura_5312709-EA-000,ef977d89-f3d8-4e8b-8a48-b895ded38646,New World Papakura,New World,South Auckland,5312709-EA-000,Fresh Colony Caged Mixed Grade Eggs,Rise N Shine,18pk,11.69,Eggs
new_world_papakura_5309536-EA-000,ef977d89-f3d8-4e8b-8a48-b895ded38646,New World Papakura,New World,South Auckland,5309536-EA-000,Fresh Colony Caged Size 8 Eggs,Farmer Brown,6pk,5.39,Eggs
new_world_papakura_5309533-EA-000,ef977d89-f3d8-4e8b-8a48-b895ded38646,New World Papakura,New World,South Auckland,5309533-EA-000,Fresh Colony Caged Size 8 Eggs,Farmer Brown,10pk,8.49,Eggs
new_world_papakura_5232073-EA-000,ef977d89-f3d8-4e8b-8a48-b895ded38646,New World Papakura,New World,South Auckland,5232073-EA-000,American Style Cheddar Cheese Slices,Dairyworks,200g,5.6,"Cheese, Butter & Yoghurt"
new_world_papakura_5306817-EA-000,ef977d89-f3d8-4e8b-8a48-b895ded38646,New World Papakura,New World,South Auckland,5306817-EA-000,Grated Cheddar Cheese,Rolling Meadow,500g,8.96,"Cheese, Butter & Yoghurt"
new_world_papakura_5268696-EA-000,ef977d89-f3d8-4e8b-8a48-b895ded38646,New World Papakura,New World,South Auckland,5268696-EA-000,Tasty Cheddar Cheese,Pams,800g,13.53,"Cheese, Butter & Yoghurt"
new_world_papakura_5007358-EA-000,ef977d89-f3d8-4e8b-8a48-b895ded38646,New World Papakura,New World,South Auckland,5007358-EA-000,Tasty Cheddar Cheese,Pams,500g,10.44,"Cheese, Butter & Yoghurt"
new_world_papakura_5003260-EA-000,ef977d89-f3d8-4e8b-8a48-b895ded38646,New World Papakura,New World,South Auckland,5003260-EA-000,Sharp & Crumbly Vintage Cheddar Cheese,Mainland,250g,11.19,"Cheese, Butter & Yoghurt"
new_world_papakura_5017804-EA-000,ef977d89-f3d8-4e8b-8a48-b895ded38646,New World Papakura,New World,South Auckland,5017804-EA-000,Mozzarella Grated Cheese,Rolling Meadow,500g,11.37,"Cheese, Butter & Yoghurt"
new_world_papakura_5007482-EA-000,ef977d89-f3d8-4e8b-8a48-b895ded38646,New World Papakura,New World,South Auckland,5007482-EA-000,Mozzarella Grated Cheese,Pams,375g,9.41,"Cheese, Butter & Yoghurt"
new_world_papakura_5012908-EA-000,ef977d89-f3d8-4e8b-8a48-b895ded38646,New World Papakura,New World,South Auckland,5012908-EA-000,Smooth&  Stretchy Mozzarella Grated Cheese,Mainland,375g,9.99,"Cheese, Butter & Yoghurt"
new_world_papakura_5319598-EA-000,ef977d89-f3d8-4e8b-8a48-b895ded38646,New World Papakura,New World,South Auckland,5319598-EA-000,Mozzarella Grated Cheese,Dairyworks,100g,4.32,"Cheese, Butter & Yoghurt"
new_world_papakura_5007352-EA-000,ef977d89-f3d8-4e8b-8a48-b895ded38646,New World Papakura,New World,South Auckland,5007352-EA-000,Mozzarella Cheese,Talbot Forest,250g,7.6,"Cheese, Butter & Yoghurt"
new_world_papakura_5232466-EA-000,ef977d89-f3d8-4e8b-8a48-b895ded38646,New World Papakura,New World,South Auckland,5232466-EA-000,Grated Parmesan Cheese,Dairyworks,200g,8.0,"Cheese, Butter & Yoghurt"
new_world_papakura_5013767-EA-000,ef977d89-f3d8-4e8b-8a48-b895ded38646,New World Papakura,New World,South Auckland,5013767-EA-000,Parmesan Cheese,Mainland,200g,9.59,"Cheese, Butter & Yoghurt"
new_world_papakura_5016706-EA-000,ef977d89-f3d8-4e8b-8a48-b895ded38646,New World Papakura,New World,South Auckland,5016706-EA-000,Grated Parmesan Cheese,Mainland,200g,10.59,"Cheese, Butter & Yoghurt"
new_world_papakura_5347658-EA-000,ef977d89-f3d8-4e8b-8a48-b895ded38646,New World Papakura,New World,South Auckland,5347658-EA-000,Parmesan Cheese,Perfect Italiano,200g,9.99,"Cheese, Butter & Yoghurt"
new_world_papakura_5022806-EA-000,ef977d89-f3d8-4e8b-8a48-b895ded38646,New World Papakura,New World,South Auckland,5022806-EA-000,Parmesan Powder Cheese,Dairyworks,100g,6.6,"Cheese, Butter & Yoghurt"
new_world_papakura_5002842-EA-000,ef977d89-f3d8-4e8b-8a48-b895ded38646,New World Papakura,New World,South Auckland,5002842-EA-000,Salted Butter,Mainland,500g,9.99,"Cheese, Butter & Yoghurt"
new_world_papakura_5013505-EA-000,ef977d89-f3d8-4e8b-8a48-b895ded38646,New World Papakura,New World,South Auckland,5013505-EA-000,Salted Buttersoft Spreadable Butter,Mainland,375g,12.99,"Cheese, Butter & Yoghurt"
new_world_papakura_5205003-EA-000,ef977d89-f3d8-4e8b-8a48-b895ded38646,New World Papakura,New World,South Auckland,5205003-EA-000,Salted Grass Fed New Zealand Butter,Westgold,400g,8.89,"Cheese, Butter & Yoghurt"
new_world_papakura_5003216-EA-000,ef977d89-f3d8-4e8b-8a48-b895ded38646,New World Papakura,New World,South Auckland,5003216-EA-000,Salted Butter,Mainland,250g,7.49,"Cheese, Butter & Yoghurt"
new_world_papakura_5020175-EA-000,ef977d89-f3d8-4e8b-8a48-b895ded38646,New World Papakura,New World,South Auckland,5020175-EA-000,Premium New Zealand Lightly Salted Butter,Lewis Road Creamery,250g,9.17,"Cheese, Butter & Yoghurt"
new_world_papakura_5002843-EA-000,ef977d89-f3d8-4e8b-8a48-b895ded38646,New World Papakura,New World,South Auckland,5002843-EA-000,Unsalted Butter,Mainland,500g,9.99,"Cheese, Butter & Yoghurt"
new_world_papakura_5020174-EA-000,ef977d89-f3d8-4e8b-8a48-b895ded38646,New World Papakura,New World,South Auckland,5020174-EA-000,Premium New Zealand Unsalted Butter,Lewis Road Creamery,250g,9.17,"Cheese, Butter & Yoghurt"
new_world_papakura_5223553-EA-000,ef977d89-f3d8-4e8b-8a48-b895ded38646,New World Papakura,New World,South Auckland,5223553-EA-000,Kalo Natural Greek Yoghurt,Meadow Fresh,800g,9.29,"Cheese, Butter & Yoghurt"
new_world_papakura_5094108-EA-000,ef977d89-f3d8-4e8b-8a48-b895ded38646,New World Papakura,New World,South Auckland,5094108-EA-000,Authentic Natural Greek Yoghurt,Cyclops,750g,6.99,"Cheese, Butter & Yoghurt"
new_world_papakura_5281810-EA-000,ef977d89-f3d8-4e8b-8a48-b895ded38646,New World Papakura,New World,South Auckland,5281810-EA-000,Greek Natural Thick 'n Creamy Yoghurt,Fresh 'n Fruity,1kg,7.79,"Cheese, Butter & Yoghurt"
new_world_papakura_5241937-EA-000,ef977d89-f3d8-4e8b-8a48-b895ded38646,New World Papakura,New World,South Auckland,5241937-EA-000,Kalo Vanilla Bean Authentic Greek Yoghurt,Meadow Fresh,800g,9.29,"Cheese, Butter & Yoghurt"
new_world_papakura_5007517-EA-000,ef977d89-f3d8-4e8b-8a48-b895ded38646,New World Papakura,New World,South Auckland,5007517-EA-000,Natural Greek Style Yogurt,Yoplait,2 x 125g,3.79,"Cheese, Butter & Yoghurt"
new_world_papakura_5003563-EA-000,ef977d89-f3d8-4e8b-8a48-b895ded38646,New World Papakura,New World,South Auckland,5003563-EA-000,Plain Unsweetened Acidophilus Yoghurt,Naturalea,1kg,6.99,"Cheese, Butter & Yoghurt"
new_world_papakura_5274474-EA-000,ef977d89-f3d8-4e8b-8a48-b895ded38646,New World Papakura,New World,South Auckland,5274474-EA-000,All Natural Plain Unsweetened Yoghurt,De Winkel,4 x 125g,6.49,"Cheese, Butter & Yoghurt"
new_world_papakura_5005219-EA-000,ef977d89-f3d8-4e8b-8a48-b895ded38646,New World Papakura,New World,South Auckland,5005219-EA-000,All Natural Plain Unsweetened Yoghurt,De Winkel,1kg,6.99,"Cheese, Butter & Yoghurt"
new_world_papakura_5289267-EA-000,ef977d89-f3d8-4e8b-8a48-b895ded38646,New World Papakura,New World,South Auckland,5289267-EA-000,Max Protein Plain Greek Style Unsweetened Yoghurt,Yoplait,900g,9.69,"Cheese, Butter & Yoghurt"
new_world_papakura_5028852-EA-000,ef977d89-f3d8-4e8b-8a48-b895ded38646,New World Papakura,New World,South Auckland,5028852-EA-000,Fresh Cream,Pams,300ml,3.19,"Cheese, Butter & Yoghurt"
new_world_papakura_5040641-EA-000,ef977d89-f3d8-4e8b-8a48-b895ded38646,New World Papakura,New World,South Auckland,5040641-EA-000,Fresh Cream,Pams,500ml,4.79,"Cheese, Butter & Yoghurt"
new_world_papakura_5000526-EA-000,ef977d89-f3d8-4e8b-8a48-b895ded38646,New World Papakura,New World,South Auckland,5000526-EA-000,Pure Cream,Anchor,300ml,3.45,"Cheese, Butter & Yoghurt"
new_world_papakura_5028855-EA-000,ef977d89-f3d8-4e8b-8a48-b895ded38646,New World Papakura,New World,South Auckland,5028855-EA-000,Cream,Pams,1l,9.35,"Cheese, Butter & Yoghurt"
new_world_papakura_5026102-EA-000,ef977d89-f3d8-4e8b-8a48-b895ded38646,New World Papakura,New World,South Auckland,5026102-EA-000,Pure Cream,Anchor,500ml,5.09,"Cheese, Butter & Yoghurt"
new_world_papakura_5027140-EA-000,ef977d89-f3d8-4e8b-8a48-b895ded38646,New World Papakura,New World,South Auckland,5027140-EA-000,Traditional Sour Cream,Meadow Fresh,250g,4.69,"Cheese, Butter & Yoghurt"
new_world_papakura_5008633-EA-000,ef977d89-f3d8-4e8b-8a48-b895ded38646,New World Papakura,New World,South Auckland,5008633-EA-000,Original Sour Cream,Anchor,250g,4.69,"Cheese, Butter & Yoghurt"
new_world_papakura_5027137-EA-000,ef977d89-f3d8-4e8b-8a48-b895ded38646,New World Papakura,New World,South Auckland,5027137-EA-000,Traditional Sour Cream,Meadow Fresh,125g,2.39,"Cheese, Butter & Yoghurt"
new_world_papakura_5303622-EA-000,ef977d89-f3d8-4e8b-8a48-b895ded38646,New World Papakura,New World,South Auckland,5303622-EA-000,Sour Cream Straight Up Squeezers,The Collective,250g,4.79,"Cheese, Butter & Yoghurt"
new_world_papakura_5027139-EA-000,ef977d89-f3d8-4e8b-8a48-b895ded38646,New World Papakura,New World,South Auckland,5027139-EA-000,Lite Sour Cream,Meadow Fresh,250g,4.69,"Cheese, Butter & Yoghurt"
new_world_papakura_5004743-EA-000,ef977d89-f3d8-4e8b-8a48-b895ded38646,New World Papakura,New World,South Auckland,5004743-EA-000,Jasmine Rice,Pams,1kg,3.49,"Rice, Pasta & Noodles"
new_world_papakura_5303222-EA-000,ef977d89-f3d8-4e8b-8a48-b895ded38646,New World Papakura,New World,South Auckland,5303222-EA-000,Thai Jasmine Rice,Fortune,1kg,3.89,"Rice, Pasta & Noodles"
new_world_papakura_5002638-EA-000,ef977d89-f3d8-4e8b-8a48-b895ded38646,New World Papakura,New World,South Auckland,5002638-EA-000,Fragrant Jasmine Aromatic Long Grain Rice,King's Choice,1kg,3.89,"Rice, Pasta & Noodles"
new_world_papakura_5303803-EA-000,ef977d89-f3d8-4e8b-8a48-b895ded38646,New World Papakura,New World,South Auckland,5303803-EA-000,Thai Jasmine Rice,Fortune,5kg,15.99,"Rice, Pasta & Noodles"
new_world_papakura_5021496-EA-000,ef977d89-f3d8-4e8b-8a48-b895ded38646,New World Papakura,New World,South Auckland,5021496-EA-000,Jasmine Rice,SunRice,1kg,4.04,"Rice, Pasta & Noodles"
new_world_papakura_5002637-EA-000,ef977d89-f3d8-4e8b-8a48-b895ded38646,New World Papakura,New World,South Auckland,5002637-EA-000,Highland Basmati Aromatic Long Grain Rice,King's Choice,1kg,3.99,"Rice, Pasta & Noodles"
new_world_papakura_5005241-EA-000,ef977d89-f3d8-4e8b-8a48-b895ded38646,New World Papakura,New World,South Auckland,5005241-EA-000,Basmati Rice,Pams,1kg,3.69,"Rice, Pasta & Noodles"
new_world_papakura_5315537-EA-000,ef977d89-f3d8-4e8b-8a48-b895ded38646,New World Papakura,New World,South Auckland,5315537-EA-000,Basmati Steamed Rice,Pams,250g,2.79,"Rice, Pasta & Noodles"
new_world_papakura_5298259-EA-000,ef977d89-f3d8-4e8b-8a48-b895ded38646,New World Papakura,New World,South Auckland,5298259-EA-000,Original Basmati Rice Microwave Pouch,Ben's,250g,3.29,"Rice, Pasta & Noodles"
new_world_papakura_5314554-EA-000,ef977d89-f3d8-4e8b-8a48-b895ded38646,New World Papakura,New World,South Auckland,5314554-EA-000,Basmati Rice,Pams,2 x 125g,2.89,"Rice, Pasta & Noodles"
new_world_papakura_5025406-EA-000,ef977d89-f3d8-4e8b-8a48-b895ded38646,New World Papakura,New World,South Auckland,5025406-EA-000,Spaghetti In Tomato Sauce,Wattie's,3 x 420g,6.79,"Rice, Pasta & Noodles"
new_world_papakura_5323416-EA-000,ef977d89-f3d8-4e8b-8a48-b895ded38646,New World Papakura,New World,South Auckland,5323416-EA-000,Spaghetti Pasta,Pams,500g,1.79,"Rice, Pasta & Noodles"
new_world_papakura_5002634-EA-000,ef977d89-f3d8-4e8b-8a48-b895ded38646,New World Papakura,New World,South Auckland,5002634-EA-000,Spaghetti Pasta,Diamond,500g,2.99,"Rice, Pasta & Noodles"
new_world_papakura_5002082-EA-000,ef977d89-f3d8-4e8b-8a48-b895ded38646,New World Papakura,New World,South Auckland,5002082-EA-000,Spaghetti In Tomato Sauce,Wattie's,420g,2.89,"Rice, Pasta & Noodles"
new_world_papakura_5002077-EA-000,ef977d89-f3d8-4e8b-8a48-b895ded38646,New World Papakura,New World,South Auckland,5002077-EA-000,Spaghetti In Tomato Sauce,Oak,420g,1.89,"Rice, Pasta & Noodles"
new_world_papakura_5323415-EA-000,ef977d89-f3d8-4e8b-8a48-b895ded38646,New World Papakura,New World,South Auckland,5323415-EA-000,Penne Pasta,Pams,500g,1.79,"Rice, Pasta & Noodles"
new_world_papakura_5002515-EA-000,ef977d89-f3d8-4e8b-8a48-b895ded38646,New World Papakura,New World,South Auckland,5002515-EA-000,Penne Pasta,Diamond,500g,2.99,"Rice, Pasta & Noodles"
new_world_papakura_5013996-EA-000,ef977d89-f3d8-4e8b-8a48-b895ded38646,New World Papakura,New World,South Auckland,5013996-EA-000,Penne Rigate Pasta,Barilla,500g,4.29,"Rice, Pasta & Noodles"
new_world_papakura_5002631-EA-000,ef977d89-f3d8-4e8b-8a48-b895ded38646,New World Papakura,New World,South Auckland,5002631-EA-000,Penne No 18 Pasta,San Remo,500g,3.29,"Rice, Pasta & Noodles"
new_world_papakura_5204819-EA-000,ef977d89-f3d8-4e8b-8a48-b895ded38646,New World Papakura,New World,South Auckland,5204819-EA-000,Penne Rigate Pasta,Ghiotti,500g,5.29,"Rice, Pasta & Noodles"
new_world_papakura_5012937-EA-000,ef977d89-f3d8-4e8b-8a48-b895ded38646,New World Papakura,New World,South Auckland,5012937-EA-000,Round Cut Egg Noodles,High Mark,280g,3.09,"Rice, Pasta & Noodles"
new_world_papakura_5010232-EA-000,ef977d89-f3d8-4e8b-8a48-b895ded38646,New World Papakura,New World,South Auckland,5010232-EA-000,Ribbon Cut Egg Noodles,High Mark,280g,3.09,"Rice, Pasta & Noodles"
new_world_papakura_5027775-EA-000,ef977d89-f3d8-4e8b-8a48-b895ded38646,New World Papakura,New World,South Auckland,5027775-EA-000,Thin Egg Style Noodles,Trident,2 x 200g,3.99,"Rice, Pasta & Noodles"
new_world_papakura_5221893-EA-000,ef977d89-f3d8-4e8b-8a48-b895ded38646,New World Papakura,New World,South Auckland,5221893-EA-000,Fresh Noodles,Lian Huat,500g,6.59,"Rice, Pasta & Noodles"
new_world_papakura_5116522-EA-000,ef977d89-f3d8-4e8b-8a48-b895ded38646,New World Papakura,New World,South Auckland,5116522-EA-000,Thin Noodles,Jade Phoenix,375g,1.99,"Rice, Pasta & Noodles"
new_world_papakura_5280130-EA-000,ef977d89-f3d8-4e8b-8a48-b895ded38646,New World Papakura,New World,South Auckland,5280130-EA-000,Buldak Carbonara Hot Chicken Ramen Noodles,Samyang,5 x 130g,12.79,"Rice, Pasta & Noodles"
new_world_papakura_5094361-EA-000,ef977d89-f3d8-4e8b-8a48-b895ded38646,New World Papakura,New World,South Auckland,5094361-EA-000,Jin Ramen Mild Noodle Soup,Otoki,65g,2.19,"Rice, Pasta & Noodles"
new_world_papakura_5253589-EA-000,ef977d89-f3d8-4e8b-8a48-b895ded38646,New World Papakura,New World,South Auckland,5253589-EA-000,Mild Multi Jin Ramen Noodles,Otoki,5 x 120g,8.59,"Rice, Pasta & Noodles"
new_world_papakura_5023884-EA-000,ef977d89-f3d8-4e8b-8a48-b895ded38646,New World Papakura,New World,South Auckland,5023884-EA-000,Snack Ramen Noodles Cup,Ottogi,62g,2.19,"Rice, Pasta & Noodles"
new_world_papakura_5253593-EA-000,ef977d89-f3d8-4e8b-8a48-b895ded38646,New World Papakura,New World,South Auckland,5253593-EA-000,Spicy Multi Jin Ramen Noodles,Otoki,5 x 120g,8.59,"Rice, Pasta & Noodles"
new_world_papakura_5343765-EA-000,ef977d89-f3d8-4e8b-8a48-b895ded38646,New World Papakura,New World,South Auckland,5343765-EA-000,Rolled Oats,Pams,1.5kg,4.89,"Breakfast Cereals, Oats & Spreads"
new_world_papakura_5343766-EA-000,ef977d89-f3d8-4e8b-8a48-b895ded38646,New World Papakura,New World,South Auckland,5343766-EA-000,Rolled Oats,Pams,750g,2.49,"Breakfast Cereals, Oats & Spreads"
new_world_papakura_5011855-EA-000,ef977d89-f3d8-4e8b-8a48-b895ded38646,New World Papakura,New World,South Auckland,5011855-EA-000,Rolled Oats,Harraways,1.5kg,7.79,"Breakfast Cereals, Oats & Spreads"
new_world_papakura_5011507-EA-000,ef977d89-f3d8-4e8b-8a48-b895ded38646,New World Papakura,New World,South Auckland,5011507-EA-000,Rolled Oats,Harraways,800g,5.49,"Breakfast Cereals, Oats & Spreads"
new_world_papakura_5016454-EA-000,ef977d89-f3d8-4e8b-8a48-b895ded38646,New World Papakura,New World,South Auckland,5016454-EA-000,Wholegrain Oats,Pams,1kg,3.89,"Bread, Wraps & Bakery"
new_world_papakura_5302626-EA-000,ef977d89-f3d8-4e8b-8a48-b895ded38646,New World Papakura,New World,South Auckland,5302626-EA-000,Cocoa Puffs Breakfast Cereal,Pams,500g,3.99,"Breakfast Cereals, Oats & Spreads"
new_world_papakura_5291355-EA-000,ef977d89-f3d8-4e8b-8a48-b895ded38646,New World Papakura,New World,South Auckland,5291355-EA-000,Light & Right Peach Breakfast Cereal,Hubbards,450g,8.49,"Breakfast Cereals, Oats & Spreads"
new_world_papakura_5003838-EA-000,ef977d89-f3d8-4e8b-8a48-b895ded38646,New World Papakura,New World,South Auckland,5003838-EA-000,Rice Snaps,Pams,460g,3.19,"Rice, Pasta & Noodles"
new_world_papakura_5007312-EA-000,ef977d89-f3d8-4e8b-8a48-b895ded38646,New World Papakura,New World,South Auckland,5007312-EA-000,Sultana Bran Breakfast Cereal,Kellogg's,420g,8.79,"Breakfast Cereals, Oats & Spreads"
new_world_papakura_5032849-EA-000,ef977d89-f3d8-4e8b-8a48-b895ded38646,New World Papakura,New World,South Auckland,5032849-EA-000,Nesquik Chocolate Breakfast Cereal,Nestle,600g,9.79,"Breakfast Cereals, Oats & Spreads"
new_world_papakura_5002800-EA-000,ef977d89-f3d8-4e8b-8a48-b895ded38646,New World Papakura,New World,South Auckland,5002800-EA-000,Breakfast Cereal,Sanitarium Weet-Bix,750g,6.99,"Breakfast Cereals, Oats & Spreads"
new_world_papakura_5035008-EA-000,ef977d89-f3d8-4e8b-8a48-b895ded38646,New World Papakura,New World,South Auckland,5035008-EA-000,Breakfast Cereal,Sanitarium Weet-Bix,1.2kg,9.49,"Breakfast Cereals, Oats & Spreads"
new_world_papakura_5002799-EA-000,ef977d89-f3d8-4e8b-8a48-b895ded38646,New World Papakura,New World,South Auckland,5002799-EA-000,Breakfast Cereal,Sanitarium Weet-Bix,375g,4.99,"Breakfast Cereals, Oats & Spreads"
new_world_papakura_5032006-EA-000,ef977d89-f3d8-4e8b-8a48-b895ded38646,New World Papakura,New World,South Auckland,5032006-EA-000,Gluten Free Breakfast Cereal,Sanitarium Weet-Bix,375g,7.79,"Breakfast Cereals, Oats & Spreads"
new_world_papakura_5014712-EA-000,ef977d89-f3d8-4e8b-8a48-b895ded38646,New World Papakura,New World,South Auckland,5014712-EA-000,Wild Berry Bites Breakfast Cereal,Sanitarium Weet-Bix,500g,8.49,"Breakfast Cereals, Oats & Spreads"
new_world_papakura_5009506-EA-000,ef977d89-f3d8-4e8b-8a48-b895ded38646,New World Papakura,New World,South Auckland,5009506-EA-000,Supersoft White Toast Bread,Tip Top,700g,4.29,"Bread, Wraps & Bakery"
new_world_papakura_5013058-EA-000,ef977d89-f3d8-4e8b-8a48-b895ded38646,New World Papakura,New World,South Auckland,5013058-EA-000,White Toast Bread,Sunny Crust,600g,2.82,"Bread, Wraps & Bakery"
new_world_papakura_5026067-EA-000,ef977d89-f3d8-4e8b-8a48-b895ded38646,New World Papakura,New World,South Auckland,5026067-EA-000,White Toast Bread,Nature's Fresh,700g,4.21,"Bread, Wraps & Bakery"
new_world_papakura_5092911-EA-000,ef977d89-f3d8-4e8b-8a48-b895ded38646,New World Papakura,New World,South Auckland,5092911-EA-000,White Toast Fresh Sliced Bread,Pams Value,600g,2.12,"Bread, Wraps & Bakery"
new_world_papakura_5026013-EA-000,ef977d89-f3d8-4e8b-8a48-b895ded38646,New World Papakura,New World,South Auckland,5026013-EA-000,White Super Thick Toast Bread,Nature's Fresh,700g,4.21,"Bread, Wraps & Bakery"
new_world_papakura_5338629-EA-000,ef977d89-f3d8-4e8b-8a48-b895ded38646,New World Papakura,New World,South Auckland,5338629-EA-000,Glorious Grains Original Wholegrain Bread,Ploughmans Bakery,700g,4.39,"Bread, Wraps & Bakery"
new_world_papakura_5341016-EA-000,ef977d89-f3d8-4e8b-8a48-b895ded38646,New World Papakura,New World,South Auckland,5341016-EA-000,Wholegrain Soft Wraps,Rebel Bakehouse,6 x 63g,5.99,"Bread, Wraps & Bakery"
new_world_papakura_5018055-EA-000,ef977d89-f3d8-4e8b-8a48-b895ded38646,New World Papakura,New World,South Auckland,5018055-EA-000,Wholegrain Tortillas,Pams,6pk,3.59,"Bread, Wraps & Bakery"
new_world_papakura_5025259-EA-000,ef977d89-f3d8-4e8b-8a48-b895ded38646,New World Papakura,New World,South Auckland,5025259-EA-000,Flour Super Soft & Flexible Mini Tortillas,Old El Paso,10pk,5.89,"Bread, Wraps & Bakery"
new_world_papakura_5016678-EA-000,ef977d89-f3d8-4e8b-8a48-b895ded38646,New World Papakura,New World,South Auckland,5016678-EA-000,Wraps Premium White,Farrah's,6pk,6.99,"Bread, Wraps & Bakery"
new_world_papakura_5200051-EA-000,ef977d89-f3d8-4e8b-8a48-b895ded38646,New World Papakura,New World,South Auckland,5200051-EA-000,Flame Baked Taco Tortillas,Farrah's,12pk,6.99,"Bread, Wraps & Bakery"
new_world_papakura_5200052-EA-000,ef977d89-f3d8-4e8b-8a48-b895ded38646,New World Papakura,New World,South Auckland,5200052-EA-000,Flame Baked Tortillas,Farrah's,10pk,6.99,"Bread, Wraps & Bakery"
new_world_papakura_5016680-EA-000,ef977d89-f3d8-4e8b-8a48-b895ded38646,New World Papakura,New World,South Auckland,5016680-EA-000,Multigrain Wraps,Farrah's,6pk,6.99,"Bread, Wraps & Bakery"
new_world_papakura_5006275-EA-000,ef977d89-f3d8-4e8b-8a48-b895ded38646,New World Papakura,New World,South Auckland,5006275-EA-000,White Round Pita Bread,Pams,8 x 43.8g,3.79,"Bread, Wraps & Bakery"
new_world_papakura_5029901-EA-000,ef977d89-f3d8-4e8b-8a48-b895ded38646,New World Papakura,New World,South Auckland,5029901-EA-000,Garlic Flavour Pita Breads,Giannis,8pk,4.49,"Bread, Wraps & Bakery"
new_world_papakura_5008178-EA-000,ef977d89-f3d8-4e8b-8a48-b895ded38646,New World Papakura,New World,South Auckland,5008178-EA-000,Original Pita Bread,Danny's,5pk,6.09,"Bread, Wraps & Bakery"
new_world_papakura_5229326-EA-000,ef977d89-f3d8-4e8b-8a48-b895ded38646,New World Papakura,New World,South Auckland,5229326-EA-000,Round Wholemeal Pita,Pams,8pk,3.79,"Bread, Wraps & Bakery"
new_world_papakura_5028784-EA-000,ef977d89-f3d8-4e8b-8a48-b895ded38646,New World Papakura,New World,South Auckland,5028784-EA-000,Wholemeal Pita Breads,Giannis,8pk,4.49,"Bread, Wraps & Bakery"
new_world_papakura_5009507-EA-000,ef977d89-f3d8-4e8b-8a48-b895ded38646,New World Papakura,New World,South Auckland,5009507-EA-000,Supersoft Burger Buns,Tip Top,6pk,4.89,"Bread, Wraps & Bakery"
new_world_papakura_5110825-EA-000,ef977d89-f3d8-4e8b-8a48-b895ded38646,New World Papakura,New World,South Auckland,5110825-EA-000,Dinner Rolls,,12pk,4.29,"Bread, Wraps & Bakery"
new_world_papakura_5121946-EA-000,ef977d89-f3d8-4e8b-8a48-b895ded38646,New World Papakura,New World,South Auckland,5121946-EA-000,Plain White Rolls,,6pk,3.89,"Bread, Wraps & Bakery"
new_world_papakura_5323568-EA-000,ef977d89-f3d8-4e8b-8a48-b895ded38646,New World Papakura,New World,South Auckland,5323568-EA-000,King Size Burger Buns,Pams,8pk,5.24,"Bread, Wraps & Bakery"
new_world_papakura_5118178-EA-000,ef977d89-f3d8-4e8b-8a48-b895ded38646,New World Papakura,New World,South Auckland,5118178-EA-000,Ciabatta Buns,,6pk,6.49,"Bread, Wraps & Bakery"
new_world_papakura_5003829-EA-000,ef977d89-f3d8-4e8b-8a48-b895ded38646,New World Papakura,New World,South Auckland,5003829-EA-000,Pure Plain Flour,Pams,1.5kg,2.0,"Flour, Sugar & Baking"
new_world_papakura_5003830-EA-000,ef977d89-f3d8-4e8b-8a48-b895ded38646,New World Papakura,New World,South Auckland,5003830-EA-000,Pure Plain Flour,Pams,5kg,6.79,"Flour, Sugar & Baking"
new_world_papakura_5027521-EA-000,ef977d89-f3d8-4e8b-8a48-b895ded38646,New World Papakura,New World,South Auckland,5027521-EA-000,Gluten Free Plain Flour,Edmonds,750g,6.59,"Flour, Sugar & Baking"
new_world_papakura_5327096-EA-000,ef977d89-f3d8-4e8b-8a48-b895ded38646,New World Papakura,New World,South Auckland,5327096-EA-000,Gluten Free Plain Flour,Pams,750g,5.49,"Flour, Sugar & Baking"
new_world_papakura_5003844-EA-000,ef977d89-f3d8-4e8b-8a48-b895ded38646,New World Papakura,New World,South Auckland,5003844-EA-000,Self Raising Flour,Pams,1.5kg,2.4,"Flour, Sugar & Baking"
new_world_papakura_5286792-EA-000,ef977d89-f3d8-4e8b-8a48-b895ded38646,New World Papakura,New World,South Auckland,5286792-EA-000,Self Raising Flour,Edmonds,1.5kg,4.29,"Flour, Sugar & Baking"
new_world_papakura_5027519-EA-000,ef977d89-f3d8-4e8b-8a48-b895ded38646,New World Papakura,New World,South Auckland,5027519-EA-000,Gluten Free Self Raising Flour,Edmonds,750g,6.59,"Flour, Sugar & Baking"
new_world_papakura_5003885-EA-000,ef977d89-f3d8-4e8b-8a48-b895ded38646,New World Papakura,New World,South Auckland,5003885-EA-000,White Sugar,Pams,1.5kg,3.44,"Flour, Sugar & Baking"
new_world_papakura_5002752-EA-000,ef977d89-f3d8-4e8b-8a48-b895ded38646,New World Papakura,New World,South Auckland,5002752-EA-000,White Sugar,Chelsea,500g,2.49,"Flour, Sugar & Baking"
new_world_papakura_5002760-EA-000,ef977d89-f3d8-4e8b-8a48-b895ded38646,New World Papakura,New World,South Auckland,5002760-EA-000,White Sugar,Chelsea,1.5kg,4.69,"Flour, Sugar & Baking"
new_world_papakura_5020337-EA-000,ef977d89-f3d8-4e8b-8a48-b895ded38646,New World Papakura,New World,South Auckland,5020337-EA-000,White Sugar,Pams,500g,2.49,"Flour, Sugar & Baking"
new_world_papakura_5004782-EA-000,ef977d89-f3d8-4e8b-8a48-b895ded38646,New World Papakura,New World,South Auckland,5004782-EA-000,White Sugar,Pams,3kg,6.99,"Flour, Sugar & Baking"
new_world_papakura_5003683-EA-000,ef977d89-f3d8-4e8b-8a48-b895ded38646,New World Papakura,New World,South Auckland,5003683-EA-000,Soft Brown Sugar,Pams,1kg,2.65,"Flour, Sugar & Baking"
new_world_papakura_5002762-EA-000,ef977d89-f3d8-4e8b-8a48-b895ded38646,New World Papakura,New World,South Auckland,5002762-EA-000,Soft Brown Sugar,Chelsea,500g,2.49,"Flour, Sugar & Baking"
new_world_papakura_5002763-EA-000,ef977d89-f3d8-4e8b-8a48-b895ded38646,New World Papakura,New World,South Auckland,5002763-EA-000,Soft Brown Sugar,Chelsea,1kg,4.39,"Flour, Sugar & Baking"
new_world_papakura_5020639-EA-000,ef977d89-f3d8-4e8b-8a48-b895ded38646,New World Papakura,New World,South Auckland,5020639-EA-000,Mini Frozen Hash Browns,Pams,750g,4.34,Frozen Foods
