primary_key,store_id,store_name,chain,region,product_id,product_name,brand,size,price,category
pakn_save_mt_albert_5045856-KGM-000,b2e98a14-c8ca-401e-99ed-edf74570c6f6,PAK'nSAVE Mt Albert,PAK'nSAVE,Central Auckland,5045856-KGM-000,Brown Onions,,kg,2.49,Fresh Vegetables
pakn_save_mt_albert_5264168-EA-000,b2e98a14-c8ca-401e-99ed-edf74570c6f6,PAK'nSAVE Mt Albert,PAK'nSAVE,Central Auckland,5264168-EA-000,Brown Onions,Value,2kg,4.99,Fresh Vegetables
pakn_save_mt_albert_5223140-KGM-000,b2e98a14-c8ca-401e-99ed-edf74570c6f6,PAK'nSAVE Mt Albert,PAK'nSAVE,Central Auckland,5223140-KGM-000,Peeled Red Onions,,kg,3.99,Fresh Vegetables
pakn_save_mt_albert_5040009-EA-000,b2e98a14-c8ca-401e-99ed-edf74570c6f6,PAK'nSAVE Mt Albert,PAK'nSAVE,Central Auckland,5040009-EA-000,Spring Onions,,ea,2.49,Fresh Vegetables
pakn_save_mt_albert_5009708-EA-000,b2e98a14-c8ca-401e-99ed-edf74570c6f6,PAK'nSAVE Mt Albert,PAK'nSAVE,Central Auckland,5009708-EA-000,Onion Soup Mix Sachet,Maggi,32g,1.19,Fresh Vegetables
pakn_save_mt_albert_5045849-KGM-000,b2e98a14-c8ca-401e-99ed-edf74570c6f6,PAK'nSAVE Mt Albert,PAK'nSAVE,Central Auckland,5045849-KGM-000,White Washed Potatoes,,kg,2.99,Fresh Vegetables
pakn_save_mt_albert_5264180-EA-000,b2e98a14-c8ca-401e-99ed-edf74570c6f6,PAK'nSAVE Mt Albert,PAK'nSAVE,Central Auckland,5264180-EA-000,Brushed Agria Potatoes,Pams,3kg,10.99,Fresh Vegetables
pakn_save_mt_albert_5045841-KGM-000,b2e98a14-c8ca-401e-99ed-edf74570c6f6,PAK'nSAVE Mt Albert,PAK'nSAVE,Central Auckland,5045841-KGM-000,Yellow Agria Potatoes,,kg,3.49,Fresh Vegetables
pakn_save_mt_albert_5264178-EA-000,b2e98a14-c8ca-401e-99ed-edf74570c6f6,PAK'nSAVE Mt Albert,PAK'nSAVE,Central Auckland,5264178-EA-000,Washed Gourmet Potatoes,Pams,1kg,4.49,Fresh Vegetables
pakn_save_mt_albert_5088803-EA-000,b2e98a14-c8ca-401e-99ed-edf74570c6f6,PAK'nSAVE Mt Albert,PAK'nSAVE,Central Auckland,5088803-EA-000,Golden Baby Gourmet Potatoes,,1.5kg,6.99,Fresh Vegetables
pakn_save_mt_albert_5046145-EA-000,b2e98a14-c8ca-401e-99ed-edf74570c6f6,PAK'nSAVE Mt Albert,PAK'nSAVE,Central Auckland,5046145-EA-000,Garlic,,7pk,1.99,Fresh Vegetables
pakn_save_mt_albert_5046565-KGM-000,b2e98a14-c8ca-401e-99ed-edf74570c6f6,PAK'nSAVE Mt Albert,PAK'nSAVE,Central Auckland,5046565-KGM-000,Loose Garlic,,kg,44.99,Fresh Vegetables
pakn_save_mt_albert_5241730-EA-000,b2e98a14-c8ca-401e-99ed-edf74570c6f6,PAK'nSAVE Mt Albert,PAK'nSAVE,Central Auckland,5241730-EA-000,Naturals Eco Garlic Powder,Mrs Rogers,40g,1.99,Fresh Vegetables
pakn_save_mt_albert_5046212-EA-000,b2e98a14-c8ca-401e-99ed-edf74570c6f6,PAK'nSAVE Mt Albert,PAK'nSAVE,Central Auckland,5046212-EA-000,Crushed Garlic,Healthy n Fresh,380g,4.99,Fresh Vegetables
pakn_save_mt_albert_5046757-EA-000,b2e98a14-c8ca-401e-99ed-edf74570c6f6,PAK'nSAVE Mt Albert,PAK'nSAVE,Central Auckland,5046757-EA-000,Peeled Garlic,,500g,3.99,Fresh Vegetables
pakn_save_mt_albert_5039965-KGM-000,b2e98a14-c8ca-401e-99ed-edf74570c6f6,PAK'nSAVE Mt Albert,PAK'nSAVE,Central Auckland,5039965-KGM-000,Carrots,,kg,1.99,Fresh Vegetables
pakn_save_mt_albert_5264169-EA-000,b2e98a14-c8ca-401e-99ed-edf74570c6f6,PAK'nSAVE Mt Albert,PAK'nSAVE,Central Auckland,5264169-EA-000,Fresh Carrots,Value,2kg,4.99,Fresh Vegetables
pakn_save_mt_albert_5245226-EA-000,b2e98a14-c8ca-401e-99ed-edf74570c6f6,PAK'nSAVE Mt Albert,PAK'nSAVE,Central Auckland,5245226-EA-000,Beta Bites Snacking Carrots,Wilcox,250g,3.49,Fresh Vegetables
pakn_save_mt_albert_5241265-EA-000,b2e98a14-c8ca-401e-99ed-edf74570c6f6,PAK'nSAVE Mt Albert,PAK'nSAVE,Central Auckland,5241265-EA-000,Carrot Batons,Pams,300g,3.99,Fresh Vegetables
pakn_save_mt_albert_5046562-EA-000,b2e98a14-c8ca-401e-99ed-edf74570c6f6,PAK'nSAVE Mt Albert,PAK'nSAVE,Central Auckland,5046562-EA-000,NZ Celery,,ea,2.0,Fresh Vegetables
pakn_save_mt_albert_5039956-EA-000,b2e98a14-c8ca-401e-99ed-edf74570c6f6,PAK'nSAVE Mt Albert,PAK'nSAVE,Central Auckland,5039956-EA-000,Broccoli,,ea,2.49,Fresh Vegetables
pakn_save_mt_albert_5039966-EA-000,b2e98a14-c8ca-401e-99ed-edf74570c6f6,PAK'nSAVE Mt Albert,PAK'nSAVE,Central Auckland,5039966-EA-000,Cauliflower,,ea,2.99,Fresh Vegetables
pakn_save_mt_albert_5294382-EA-000,b2e98a14-c8ca-401e-99ed-edf74570c6f6,PAK'nSAVE Mt Albert,PAK'nSAVE,Central Auckland,5294382-EA-000,Frozen Whole Florets Broccoli,SB,1kg,5.54,Frozen Foods
pakn_save_mt_albert_5046517-EA-000,b2e98a14-c8ca-401e-99ed-edf74570c6f6,PAK'nSAVE Mt Albert,PAK'nSAVE,Central Auckland,5046517-EA-000,Green Cabbage Half,,ea,2.99,Fresh Vegetables
pakn_save_mt_albert_5012239-EA-000,b2e98a14-c8ca-401e-99ed-edf74570c6f6,PAK'nSAVE Mt Albert,PAK'nSAVE,Central Auckland,5012239-EA-000,Broccoli & Cauliflower Medley,Wattie's,650g,5.19,Fresh Vegetables
pakn_save_mt_albert_5040098-KGM-000,b2e98a14-c8ca-401e-99ed-edf74570c6f6,PAK'nSAVE Mt Albert,PAK'nSAVE,Central Auckland,5040098-KGM-000,Loose Red Tomatoes,,kg,9.99,Fresh Vegetables
pakn_save_mt_albert_5259530-EA-000,b2e98a14-c8ca-401e-99ed-edf74570c6f6,PAK'nSAVE Mt Albert,PAK'nSAVE,Central Auckland,5259530-EA-000,Classic Tomatoes.,Sunburst,200g,4.99,Fresh Vegetables
pakn_save_mt_albert_5028889-EA-000,b2e98a14-c8ca-401e-99ed-edf74570c6f6,PAK'nSAVE Mt Albert,PAK'nSAVE,Central Auckland,5028889-EA-000,Telegraph Cucumber,,ea,3.99,Fresh Vegetables
pakn_save_mt_albert_5092718-EA-000,b2e98a14-c8ca-401e-99ed-edf74570c6f6,PAK'nSAVE Mt Albert,PAK'nSAVE,Central Auckland,5092718-EA-000,Chopped Tomatoes in Juice,Pams Value,400g,0.89,Canned Goods
pakn_save_mt_albert_5040543-EA-000,b2e98a14-c8ca-401e-99ed-edf74570c6f6,PAK'nSAVE Mt Albert,PAK'nSAVE,Central Auckland,5040543-EA-000,Angel Naturally Sweet Tomatoes,Beekist,200g,4.99,Fresh Vegetables
pakn_save_mt_albert_5040464-EA-000,b2e98a14-c8ca-401e-99ed-edf74570c6f6,PAK'nSAVE Mt Albert,PAK'nSAVE,Central Auckland,5040464-EA-000,Baby Spinach,Pams,120g,2.89,Fresh Vegetables
pakn_save_mt_albert_5331778-EA-000,b2e98a14-c8ca-401e-99ed-edf74570c6f6,PAK'nSAVE Mt Albert,PAK'nSAVE,Central Auckland,5331778-EA-000,Baby Spinach,Pams,300g,5.99,Fresh Vegetables
pakn_save_mt_albert_5089918-EA-000,b2e98a14-c8ca-401e-99ed-edf74570c6f6,PAK'nSAVE Mt Albert,PAK'nSAVE,Central Auckland,5089918-EA-000,Frozen Blanched Spinach,SB,1kg,5.54,Frozen Foods
pakn_save_mt_albert_5040743-EA-000,b2e98a14-c8ca-401e-99ed-edf74570c6f6,PAK'nSAVE Mt Albert,PAK'nSAVE,Central Auckland,5040743-EA-000,Spinach,Pams,ea,5.29,Fresh Vegetables
pakn_save_mt_albert_5046440-EA-000,b2e98a14-c8ca-401e-99ed-edf74570c6f6,PAK'nSAVE Mt Albert,PAK'nSAVE,Central Auckland,5046440-EA-000,Fresh Cut Lettuce,,ea,2.49,Fresh Vegetables
pakn_save_mt_albert_5303543-EA-000,b2e98a14-c8ca-401e-99ed-edf74570c6f6,PAK'nSAVE Mt Albert,PAK'nSAVE,Central Auckland,5303543-EA-000,Iceberg Lettuce,Pams,1pk,2.99,Fresh Vegetables
pakn_save_mt_albert_5040462-EA-000,b2e98a14-c8ca-401e-99ed-edf74570c6f6,PAK'nSAVE Mt Albert,PAK'nSAVE,Central Auckland,5040462-EA-000,Baby Leaf Lettuce,Pams,100g,3.89,Fresh Vegetables
pakn_save_mt_albert_5047010-EA-000,b2e98a14-c8ca-401e-99ed-edf74570c6f6,PAK'nSAVE Mt Albert,PAK'nSAVE,Central Auckland,5047010-EA-000,Fancy Green Lettuce,,ea,2.49,Fresh Vegetables
pakn_save_mt_albert_5303545-EA-000,b2e98a14-c8ca-401e-99ed-edf74570c6f6,PAK'nSAVE Mt Albert,PAK'nSAVE,Central Auckland,5303545-EA-000,Baby Cos Lettuce,Pams,1pk,1.99,Fresh Vegetables
pakn_save_mt_albert_5046505-EA-000,b2e98a14-c8ca-401e-99ed-edf74570c6f6,PAK'nSAVE Mt Albert,PAK'nSAVE,Central Auckland,5046505-EA-000,Green Capsicum,,ea,3.69,Fresh Vegetables
pakn_save_mt_albert_5345931-EA-000,b2e98a14-c8ca-401e-99ed-edf74570c6f6,PAK'nSAVE Mt Albert,PAK'nSAVE,Central Auckland,5345931-EA-000,Strawberry Tomatoes,,180g,5.99,Fresh Fruit
pakn_save_mt_albert_5046533-KGM-000,b2e98a14-c8ca-401e-99ed-edf74570c6f6,PAK'nSAVE Mt Albert,PAK'nSAVE,Central Auckland,5046533-KGM-000,White Button Mushrooms,,kg,9.99,Fresh Vegetables
pakn_save_mt_albert_5326590-EA-000,b2e98a14-c8ca-401e-99ed-edf74570c6f6,PAK'nSAVE Mt Albert,PAK'nSAVE,Central Auckland,5326590-EA-000,White Button Mushrooms,Pams,400g,5.99,Fresh Vegetables
pakn_save_mt_albert_5294812-EA-000,b2e98a14-c8ca-401e-99ed-edf74570c6f6,PAK'nSAVE Mt Albert,PAK'nSAVE,Central Auckland,5294812-EA-000,White Button Mushrooms,Meadow Mushrooms,200g,4.29,Fresh Vegetables
pakn_save_mt_albert_5040006-KGM-000,b2e98a14-c8ca-401e-99ed-edf74570c6f6,PAK'nSAVE Mt Albert,PAK'nSAVE,Central Auckland,5040006-KGM-000,Portabello Flat Mushrooms,,kg,14.99,Fresh Vegetables
pakn_save_mt_albert_5009885-EA-000,b2e98a14-c8ca-401e-99ed-edf74570c6f6,PAK'nSAVE Mt Albert,PAK'nSAVE,Central Auckland,5009885-EA-000,Original Cream Of Mushroom Cup a Soup,Continental,4 x 17.5g,2.49,"Cheese, Butter & Yoghurt"
pakn_save_mt_albert_5234620-EA-000,b2e98a14-c8ca-401e-99ed-edf74570c6f6,PAK'nSAVE Mt Albert,PAK'nSAVE,Central Auckland,5234620-EA-000,Mixed Peppers,Fruzio,1kg,6.79,Fresh Vegetables
pakn_save_mt_albert_5046525-KGM-000,b2e98a14-c8ca-401e-99ed-edf74570c6f6,PAK'nSAVE Mt Albert,PAK'nSAVE,Central Auckland,5046525-KGM-000,Royal Gala Apples,,kg,3.99,Fresh Fruit
pakn_save_mt_albert_5040702-EA-000,b2e98a14-c8ca-401e-99ed-edf74570c6f6,PAK'nSAVE Mt Albert,PAK'nSAVE,Central Auckland,5040702-EA-000,Royal Gala Apples,Yummy Fruit,1.5kg,7.29,Fresh Fruit
pakn_save_mt_albert_5039945-KGM-000,b2e98a14-c8ca-401e-99ed-edf74570c6f6,PAK'nSAVE Mt Albert,PAK'nSAVE,Central Auckland,5039945-KGM-000,Granny Smith Apples,,kg,4.49,Fresh Fruit
pakn_save_mt_albert_5040512-EA-000,b2e98a14-c8ca-401e-99ed-edf74570c6f6,PAK'nSAVE Mt Albert,PAK'nSAVE,Central Auckland,5040512-EA-000,NZ Rose Apples,,1.5kg,7.49,Fresh Fruit
pakn_save_mt_albert_5040014-KGM-000,b2e98a14-c8ca-401e-99ed-edf74570c6f6,PAK'nSAVE Mt Albert,PAK'nSAVE,Central Auckland,5040014-KGM-000,Packham Pears,,kg,5.49,Fresh Fruit
pakn_save_mt_albert_5046542-KGM-000,b2e98a14-c8ca-401e-99ed-edf74570c6f6,PAK'nSAVE Mt Albert,PAK'nSAVE,Central Auckland,5046542-KGM-000,Bananas,,kg,3.59,Fresh Fruit
pakn_save_mt_albert_5046240-EA-000,b2e98a14-c8ca-401e-99ed-edf74570c6f6,PAK'nSAVE Mt Albert,PAK'nSAVE,Central Auckland,5046240-EA-000,Bananas Snack Pack,Dole,1pk,2.99,Fresh Fruit
pakn_save_mt_albert_5087710-EA-000,b2e98a14-c8ca-401e-99ed-edf74570c6f6,PAK'nSAVE Mt Albert,PAK'nSAVE,Central Auckland,5087710-EA-000,Organic Fairtrade Bananas,,ea,4.99,Fresh Fruit
pakn_save_mt_albert_5205142-EA-000,b2e98a14-c8ca-401e-99ed-edf74570c6f6,PAK'nSAVE Mt Albert,PAK'nSAVE,Central Auckland,5205142-EA-000,Spinach Apple Blueberry & Banana Vege Fruit Sticks,Mother Earth,152g,2.49,Fresh Fruit
pakn_save_mt_albert_5017392-EA-000,b2e98a14-c8ca-401e-99ed-edf74570c6f6,PAK'nSAVE Mt Albert,PAK'nSAVE,Central Auckland,5017392-EA-000,Banana Flavour Liquid Breakfast,Sanitarium Up & Go,6 x 250ml,10.69,Fresh Fruit
pakn_save_mt_albert_5046611-KGM-000,b2e98a14-c8ca-401e-99ed-edf74570c6f6,PAK'nSAVE Mt Albert,PAK'nSAVE,Central Auckland,5046611-KGM-000,Navel Oranges Imported,,kg,2.99,Fresh Fruit
pakn_save_mt_albert_5040011-KGM-000,b2e98a14-c8ca-401e-99ed-edf74570c6f6,PAK'nSAVE Mt Albert,PAK'nSAVE,Central Auckland,5040011-KGM-000,Orange Kumara,,kg,4.99,Fresh Fruit
pakn_save_mt_albert_5046917-KGM-000,b2e98a14-c8ca-401e-99ed-edf74570c6f6,PAK'nSAVE Mt Albert,PAK'nSAVE,Central Auckland,5046917-KGM-000,Imported Mandarins,,kg,4.99,Fresh Fruit
pakn_save_mt_albert_5046477-KGM-000,b2e98a14-c8ca-401e-99ed-edf74570c6f6,PAK'nSAVE Mt Albert,PAK'nSAVE,Central Auckland,5046477-KGM-000,Lemons,,kg,3.99,Fresh Fruit
pakn_save_mt_albert_5006676-EA-000,b2e98a14-c8ca-401e-99ed-edf74570c6f6,PAK'nSAVE Mt Albert,PAK'nSAVE,Central Auckland,5006676-EA-000,Juice Kitchen Premium Orange Juice,Keri,1l,3.69,Fresh Fruit
pakn_save_mt_albert_5203150-EA-000,b2e98a14-c8ca-401e-99ed-edf74570c6f6,PAK'nSAVE Mt Albert,PAK'nSAVE,Central Auckland,5203150-EA-000,Lemon Baking Juice,Pams,250ml,2.09,Fresh Fruit
pakn_save_mt_albert_5003304-EA-000,b2e98a14-c8ca-401e-99ed-edf74570c6f6,PAK'nSAVE Mt Albert,PAK'nSAVE,Central Auckland,5003304-EA-000,Lemon Treats Biscuits,Griffin's,250g,2.79,Fresh Fruit
pakn_save_mt_albert_5286628-KGM-000,b2e98a14-c8ca-401e-99ed-edf74570c6f6,PAK'nSAVE Mt Albert,PAK'nSAVE,Central Auckland,5286628-KGM-000,Lemons,,kg,3.99,Fresh Fruit
pakn_save_mt_albert_5345885-EA-000,b2e98a14-c8ca-401e-99ed-edf74570c6f6,PAK'nSAVE Mt Albert,PAK'nSAVE,Central Auckland,5345885-EA-000,Rocketslaw Salad with Creamy Lemon Mayonnaise,Salad,350g,5.49,Fresh Fruit
pakn_save_mt_albert_5310072-EA-000,b2e98a14-c8ca-401e-99ed-edf74570c6f6,PAK'nSAVE Mt Albert,PAK'nSAVE,Central Auckland,5310072-EA-000,Snap Frozen Mixed Berries,The Berry Fix,1.5kg,13.99,Frozen Foods
pakn_save_mt_albert_5316337-EA-000,b2e98a14-c8ca-401e-99ed-edf74570c6f6,PAK'nSAVE Mt Albert,PAK'nSAVE,Central Auckland,5316337-EA-000,Mixed Berries,Frozen Harvest,500g,7.09,Frozen Foods
pakn_save_mt_albert_5310065-EA-000,b2e98a14-c8ca-401e-99ed-edf74570c6f6,PAK'nSAVE Mt Albert,PAK'nSAVE,Central Auckland,5310065-EA-000,Five Berry Medley,Fruzio,750g,10.99,Fresh Fruit
pakn_save_mt_albert_5312786-EA-000,b2e98a14-c8ca-401e-99ed-edf74570c6f6,PAK'nSAVE Mt Albert,PAK'nSAVE,Central Auckland,5312786-EA-000,Mixed Berry,Fruzio,750g,10.49,Fresh Fruit
pakn_save_mt_albert_5310067-EA-000,b2e98a14-c8ca-401e-99ed-edf74570c6f6,PAK'nSAVE Mt Albert,PAK'nSAVE,Central Auckland,5310067-EA-000,Certified Organic Mixed Berries,Goodness Kitchen,400g,7.99,Fresh Fruit
pakn_save_mt_albert_5105651-KGM-000,b2e98a14-c8ca-401e-99ed-edf74570c6f6,PAK'nSAVE Mt Albert,PAK'nSAVE,Central Auckland,5105651-KGM-000,Skinless Chicken Breast,,kg,13.99,Chicken & Poultry
pakn_save_mt_albert_5221711-EA-000,b2e98a14-c8ca-401e-99ed-edf74570c6f6,PAK'nSAVE Mt Albert,PAK'nSAVE,Central Auckland,5221711-EA-000,Boneless Skinless Chicken Breast,Pams Free Range,400g,9.49,Chicken & Poultry
pakn_save_mt_albert_5139623-EA-000,b2e98a14-c8ca-401e-99ed-edf74570c6f6,PAK'nSAVE Mt Albert,PAK'nSAVE,Central Auckland,5139623-EA-000,Diced Chicken Breast,Pams Free Range,450g,8.79,Chicken & Poultry
pakn_save_mt_albert_5118844-KGM-000,b2e98a14-c8ca-401e-99ed-edf74570c6f6,PAK'nSAVE Mt Albert,PAK'nSAVE,Central Auckland,5118844-KGM-000,NZ Chicken Thighs Bone In,,kg,8.49,Chicken & Poultry
pakn_save_mt_albert_5275873-KGM-000,b2e98a14-c8ca-401e-99ed-edf74570c6f6,PAK'nSAVE Mt Albert,PAK'nSAVE,Central Auckland,5275873-KGM-000,Fresh Free Range Skinless Chicken Breast Tray Pack,Bird & Barrow,kg,20.99,Chicken & Poultry
pakn_save_mt_albert_5115633-KGM-000,b2e98a14-c8ca-401e-99ed-edf74570c6f6,PAK'nSAVE Mt Albert,PAK'nSAVE,Central Auckland,5115633-KGM-000,NZ Skinless Chicken Thigh Fillet,,kg,15.99,Chicken & Poultry
pakn_save_mt_albert_5221708-EA-000,b2e98a14-c8ca-401e-99ed-edf74570c6f6,PAK'nSAVE Mt Albert,PAK'nSAVE,Central Auckland,5221708-EA-000,Boneless Skinless Chicken Thighs,Pams Free Range,400g,9.99,Chicken & Poultry
pakn_save_mt_albert_5108515-KGM-000,b2e98a14-c8ca-401e-99ed-edf74570c6f6,PAK'nSAVE Mt Albert,PAK'nSAVE,Central Auckland,5108515-KGM-000,NZ Chicken Thigh Bone in Cutlets,,kg,15.79,Chicken & Poultry
pakn_save_mt_albert_5105213-KGM-000,b2e98a14-c8ca-401e-99ed-edf74570c6f6,PAK'nSAVE Mt Albert,PAK'nSAVE,Central Auckland,5105213-KGM-000,NZ Chicken Drumsticks,,kg,4.89,Chicken & Poultry
pakn_save_mt_albert_5100208-KGM-000,b2e98a14-c8ca-401e-99ed-edf74570c6f6,PAK'nSAVE Mt Albert,PAK'nSAVE,Central Auckland,5100208-KGM-000,Chicken Nibbles,,kg,6.89,Chicken & Poultry
pakn_save_mt_albert_5269886-EA-000,b2e98a14-c8ca-401e-99ed-edf74570c6f6,PAK'nSAVE Mt Albert,PAK'nSAVE,Central Auckland,5269886-EA-000,100% Certified Organic Free Range Chicken Nibbles,Bostock Brothers,900g,12.67,Chicken & Poultry
pakn_save_mt_albert_5102903-KGM-000,b2e98a14-c8ca-401e-99ed-edf74570c6f6,PAK'nSAVE Mt Albert,PAK'nSAVE,Central Auckland,5102903-KGM-000,NZ Chicken Legs,,kg,9.99,Chicken & Poultry
pakn_save_mt_albert_5119365-KGM-000,b2e98a14-c8ca-401e-99ed-edf74570c6f6,PAK'nSAVE Mt Albert,PAK'nSAVE,Central Auckland,5119365-KGM-000,NZ Chicken Wings,,kg,9.99,Chicken & Poultry
pakn_save_mt_albert_5339780-EA-000,b2e98a14-c8ca-401e-99ed-edf74570c6f6,PAK'nSAVE Mt Albert,PAK'nSAVE,Central Auckland,5339780-EA-000,Whole Chicken,Pams,1.35kg,7.99,Chicken & Poultry
pakn_save_mt_albert_5007056-EA-000,b2e98a14-c8ca-401e-99ed-edf74570c6f6,PAK'nSAVE Mt Albert,PAK'nSAVE,Central Auckland,5007056-EA-000,Frozen Whole Chicken,Ingham's,2.3kg,11.59,Frozen Foods
pakn_save_mt_albert_5004502-EA-000,b2e98a14-c8ca-401e-99ed-edf74570c6f6,PAK'nSAVE Mt Albert,PAK'nSAVE,Central Auckland,5004502-EA-000,Frozen Whole Chicken,Ingham's,850g,4.99,Frozen Foods
pakn_save_mt_albert_5322808-EA-000,b2e98a14-c8ca-401e-99ed-edf74570c6f6,PAK'nSAVE Mt Albert,PAK'nSAVE,Central Auckland,5322808-EA-000,Free Range Oven Ready Sage & Onion Roast Fresh Chicken,Tegel,1.5kg,14.79,Chicken & Poultry
pakn_save_mt_albert_5001387-EA-000,b2e98a14-c8ca-401e-99ed-edf74570c6f6,PAK'nSAVE Mt Albert,PAK'nSAVE,Central Auckland,5001387-EA-000,Frozen Whole Chicken,Tegel,2.1kg,13.49,Frozen Foods
pakn_save_mt_albert_5104350-KGM-000,b2e98a14-c8ca-401e-99ed-edf74570c6f6,PAK'nSAVE Mt Albert,PAK'nSAVE,Central Auckland,5104350-KGM-000,NZ Beef Mince,,kg,16.99,Beef & Lamb
pakn_save_mt_albert_5101189-KGM-000,b2e98a14-c8ca-401e-99ed-edf74570c6f6,PAK'nSAVE Mt Albert,PAK'nSAVE,Central Auckland,5101189-KGM-000,NZ Premium Beef Mince,,kg,24.99,Beef & Lamb
pakn_save_mt_albert_5203717-EA-000,b2e98a14-c8ca-401e-99ed-edf74570c6f6,PAK'nSAVE Mt Albert,PAK'nSAVE,Central Auckland,5203717-EA-000,Wagyu Beef Mince,First Light,400g,13.49,Beef & Lamb
pakn_save_mt_albert_5276234-EA-000,b2e98a14-c8ca-401e-99ed-edf74570c6f6,PAK'nSAVE Mt Albert,PAK'nSAVE,Central Auckland,5276234-EA-000,Craft Angus Beef Meatballs,Hellers,400g,11.99,Beef & Lamb
pakn_save_mt_albert_5102202-KGM-000,b2e98a14-c8ca-401e-99ed-edf74570c6f6,PAK'nSAVE Mt Albert,PAK'nSAVE,Central Auckland,5102202-KGM-000,NZ Stir Fry Beef,,kg,29.99,Beef & Lamb
pakn_save_mt_albert_5103401-KGM-000,b2e98a14-c8ca-401e-99ed-edf74570c6f6,PAK'nSAVE Mt Albert,PAK'nSAVE,Central Auckland,5103401-KGM-000,Beef Rump Steak,,kg,26.99,Beef & Lamb
pakn_save_mt_albert_5123919-KGM-000,b2e98a14-c8ca-401e-99ed-edf74570c6f6,PAK'nSAVE Mt Albert,PAK'nSAVE,Central Auckland,5123919-KGM-000,NZ Beef Sirloin Steak,,kg,37.99,Beef & Lamb
pakn_save_mt_albert_5100275-KGM-000,b2e98a14-c8ca-401e-99ed-edf74570c6f6,PAK'nSAVE Mt Albert,PAK'nSAVE,Central Auckland,5100275-KGM-000,NZ Beef Blade Steak,,kg,28.99,Beef & Lamb
pakn_save_mt_albert_5100260-KGM-000,b2e98a14-c8ca-401e-99ed-edf74570c6f6,PAK'nSAVE Mt Albert,PAK'nSAVE,Central Auckland,5100260-KGM-000,NZ Beef Chuck Steak,,kg,28.99,Beef & Lamb
pakn_save_mt_albert_5103224-KGM-000,b2e98a14-c8ca-401e-99ed-edf74570c6f6,PAK'nSAVE Mt Albert,PAK'nSAVE,Central Auckland,5103224-KGM-000,NZ Beef Schnitzel,,kg,27.99,Beef & Lamb
pakn_save_mt_albert_5085463-EA-000,b2e98a14-c8ca-401e-99ed-edf74570c6f6,PAK'nSAVE Mt Albert,PAK'nSAVE,Central Auckland,5085463-EA-000,Beef Thin Sliced Roast,Farmland,100g,5.29,Beef & Lamb
pakn_save_mt_albert_5106653-KGM-000,b2e98a14-c8ca-401e-99ed-edf74570c6f6,PAK'nSAVE Mt Albert,PAK'nSAVE,Central Auckland,5106653-KGM-000,NZ Beef Brisket,,kg,18.49,Beef & Lamb
pakn_save_mt_albert_5010093-EA-000,b2e98a14-c8ca-401e-99ed-edf74570c6f6,PAK'nSAVE Mt Albert,PAK'nSAVE,Central Auckland,5010093-EA-000,Roast Beef Rice Risotto Rice & Flavour Mix,Diamond,200g,3.39,"Rice, Pasta & Noodles"
pakn_save_mt_albert_5014816-EA-000,b2e98a14-c8ca-401e-99ed-edf74570c6f6,PAK'nSAVE Mt Albert,PAK'nSAVE,Central Auckland,5014816-EA-000,Slow Cooker Roast Beef With Onion & Gravy Recipe Base,McCormick,40g,1.89,Beef & Lamb
pakn_save_mt_albert_5118849-KGM-000,b2e98a14-c8ca-401e-99ed-edf74570c6f6,PAK'nSAVE Mt Albert,PAK'nSAVE,Central Auckland,5118849-KGM-000,Beef Corned Silverside,,kg,18.99,Beef & Lamb
pakn_save_mt_albert_5100697-KGM-000,b2e98a14-c8ca-401e-99ed-edf74570c6f6,PAK'nSAVE Mt Albert,PAK'nSAVE,Central Auckland,5100697-KGM-000,NZ Pork Loin Chops,,kg,15.99,Beef & Lamb
pakn_save_mt_albert_5103018-KGM-000,b2e98a14-c8ca-401e-99ed-edf74570c6f6,PAK'nSAVE Mt Albert,PAK'nSAVE,Central Auckland,5103018-KGM-000,NZ Pork Shoulder Chops,,kg,9.99,Beef & Lamb
pakn_save_mt_albert_5101306-KGM-000,b2e98a14-c8ca-401e-99ed-edf74570c6f6,PAK'nSAVE Mt Albert,PAK'nSAVE,Central Auckland,5101306-KGM-000,Lamb Shoulder Chops,,kg,21.99,Beef & Lamb
pakn_save_mt_albert_5103514-KGM-000,b2e98a14-c8ca-401e-99ed-edf74570c6f6,PAK'nSAVE Mt Albert,PAK'nSAVE,Central Auckland,5103514-KGM-000,NZ Pork Leg Chops,,kg,11.99,Beef & Lamb
pakn_save_mt_albert_5100303-KGM-000,b2e98a14-c8ca-401e-99ed-edf74570c6f6,PAK'nSAVE Mt Albert,PAK'nSAVE,Central Auckland,5100303-KGM-000,Lamb Loin Chops,,kg,29.99,Beef & Lamb
pakn_save_mt_albert_5019426-EA-000,b2e98a14-c8ca-401e-99ed-edf74570c6f6,PAK'nSAVE Mt Albert,PAK'nSAVE,Central Auckland,5019426-EA-000,Streaky Bacon,Pams,250g,5.99,Pork & Ham
pakn_save_mt_albert_5033085-EA-000,b2e98a14-c8ca-401e-99ed-edf74570c6f6,PAK'nSAVE Mt Albert,PAK'nSAVE,Central Auckland,5033085-EA-000,Manuka Smoked Streaky Bacon,Grandpa's Meat & Bacon Co.,1kg,14.99,Pork & Ham
pakn_save_mt_albert_5011576-EA-000,b2e98a14-c8ca-401e-99ed-edf74570c6f6,PAK'nSAVE Mt Albert,PAK'nSAVE,Central Auckland,5011576-EA-000,Shoulder Bacon,Beehive,200g,2.99,Pork & Ham
pakn_save_mt_albert_5033086-EA-000,b2e98a14-c8ca-401e-99ed-edf74570c6f6,PAK'nSAVE Mt Albert,PAK'nSAVE,Central Auckland,5033086-EA-000,Manuka Smoked Streaky Bacon,Grandpa's Meat & Bacon Co.,250g,4.99,Pork & Ham
pakn_save_mt_albert_5084510-EA-000,b2e98a14-c8ca-401e-99ed-edf74570c6f6,PAK'nSAVE Mt Albert,PAK'nSAVE,Central Auckland,5084510-EA-000,Streaky Bacon,Pams,1kg,17.99,Pork & Ham
pakn_save_mt_albert_5019277-EA-000,b2e98a14-c8ca-401e-99ed-edf74570c6f6,PAK'nSAVE Mt Albert,PAK'nSAVE,Central Auckland,5019277-EA-000,Shaved Leg Ham,Country Pride,200g,3.59,Pork & Ham
pakn_save_mt_albert_5013751-EA-000,b2e98a14-c8ca-401e-99ed-edf74570c6f6,PAK'nSAVE Mt Albert,PAK'nSAVE,Central Auckland,5013751-EA-000,Shaved Champagne Ham,Beehive,100g,2.39,Pork & Ham
pakn_save_mt_albert_5039342-EA-000,b2e98a14-c8ca-401e-99ed-edf74570c6f6,PAK'nSAVE Mt Albert,PAK'nSAVE,Central Auckland,5039342-EA-000,Shaved Champagne Leg Ham,Hellers,100g,2.89,Pork & Ham
pakn_save_mt_albert_5241237-EA-000,b2e98a14-c8ca-401e-99ed-edf74570c6f6,PAK'nSAVE Mt Albert,PAK'nSAVE,Central Auckland,5241237-EA-000,Shaved Champagne Leg Ham,Hellers,200g,5.8,Pork & Ham
pakn_save_mt_albert_5023557-EA-000,b2e98a14-c8ca-401e-99ed-edf74570c6f6,PAK'nSAVE Mt Albert,PAK'nSAVE,Central Auckland,5023557-EA-000,Shaved Champagne Ham,Beehive,200g,5.99,Pork & Ham
pakn_save_mt_albert_5005864-EA-000,b2e98a14-c8ca-401e-99ed-edf74570c6f6,PAK'nSAVE Mt Albert,PAK'nSAVE,Central Auckland,5005864-EA-000,Chunky Cheese Sausages,Hellers,1kg,8.99,"Cheese, Butter & Yoghurt"
pakn_save_mt_albert_5312237-EA-000,b2e98a14-c8ca-401e-99ed-edf74570c6f6,PAK'nSAVE Mt Albert,PAK'nSAVE,Central Auckland,5312237-EA-000,Classic Beef Sausages,Pams,6 x 75g,8.49,Beef & Lamb
pakn_save_mt_albert_5026055-EA-000,b2e98a14-c8ca-401e-99ed-edf74570c6f6,PAK'nSAVE Mt Albert,PAK'nSAVE,Central Auckland,5026055-EA-000,Chinese Honey Sausages,Hellers,1kg,8.99,"Breakfast Cereals, Oats & Spreads"
pakn_save_mt_albert_5028230-EA-000,b2e98a14-c8ca-401e-99ed-edf74570c6f6,PAK'nSAVE Mt Albert,PAK'nSAVE,Central Auckland,5028230-EA-000,Trusty BBQ Pre-Cooked Sausages,Hellers,1kg,10.99,Pork & Ham
pakn_save_mt_albert_5082985-EA-000,b2e98a14-c8ca-401e-99ed-edf74570c6f6,PAK'nSAVE Mt Albert,PAK'nSAVE,Central Auckland,5082985-EA-000,Craft Angus Beef Sausages,Hellers,6pk,11.99,Beef & Lamb
pakn_save_mt_albert_5335006-EA-000,b2e98a14-c8ca-401e-99ed-edf74570c6f6,PAK'nSAVE Mt Albert,PAK'nSAVE,Central Auckland,5335006-EA-000,Sliced Smoked Salmon,Shore Mariner,100g,6.99,Fresh Seafood
pakn_save_mt_albert_5220978-EA-000,b2e98a14-c8ca-401e-99ed-edf74570c6f6,PAK'nSAVE Mt Albert,PAK'nSAVE,Central Auckland,5220978-EA-000,Natural Hot Smoked Salmon,Pams,150g,11.99,Fresh Seafood
pakn_save_mt_albert_5030954-EA-000,b2e98a14-c8ca-401e-99ed-edf74570c6f6,PAK'nSAVE Mt Albert,PAK'nSAVE,Central Auckland,5030954-EA-000,Wild Alaskan Pink Salmon,John West,210g,5.01,Fresh Seafood
pakn_save_mt_albert_5220975-EA-000,b2e98a14-c8ca-401e-99ed-edf74570c6f6,PAK'nSAVE Mt Albert,PAK'nSAVE,Central Auckland,5220975-EA-000,Sliced Smoked Salmon,Pams,100g,9.39,Fresh Seafood
pakn_save_mt_albert_5105409-KGM-000,b2e98a14-c8ca-401e-99ed-edf74570c6f6,PAK'nSAVE Mt Albert,PAK'nSAVE,Central Auckland,5105409-KGM-000,Fresh Bluff Salmon Fillets Skin On Bone In,,kg,59.79,Fresh Seafood
pakn_save_mt_albert_5333249-EA-000,b2e98a14-c8ca-401e-99ed-edf74570c6f6,PAK'nSAVE Mt Albert,PAK'nSAVE,Central Auckland,5333249-EA-000,Tuna Fillet In Broth Wet Cat Food,Applaws,70g,2.29,Fresh Seafood
pakn_save_mt_albert_5333248-EA-000,b2e98a14-c8ca-401e-99ed-edf74570c6f6,PAK'nSAVE Mt Albert,PAK'nSAVE,Central Auckland,5333248-EA-000,Tuna Fillet With Prawn In Broth Wet Cat Food,Applaws,70g,2.29,Fresh Seafood
pakn_save_mt_albert_5117267-KGM-000,b2e98a14-c8ca-401e-99ed-edf74570c6f6,PAK'nSAVE Mt Albert,PAK'nSAVE,Central Auckland,5117267-KGM-000,Yellowfin Tuna Steaks,,kg,48.79,Beef & Lamb
pakn_save_mt_albert_5113449-KGM-000,b2e98a14-c8ca-401e-99ed-edf74570c6f6,PAK'nSAVE Mt Albert,PAK'nSAVE,Central Auckland,5113449-KGM-000,Bluefin Tuna Loins,,kg,39.79,Pantry Staples
pakn_save_mt_albert_5296121-EA-000,b2e98a14-c8ca-401e-99ed-edf74570c6f6,PAK'nSAVE Mt Albert,PAK'nSAVE,Central Auckland,5296121-EA-000,Raw Stir-Fry Prawns,Fisherking,800g,16.39,Fresh Seafood
pakn_save_mt_albert_5295570-EA-000,b2e98a14-c8ca-401e-99ed-edf74570c6f6,PAK'nSAVE Mt Albert,PAK'nSAVE,Central Auckland,5295570-EA-000,Raw Prawn Cutlets,Fisherking,800g,12.99,Fresh Seafood
pakn_save_mt_albert_5257283-EA-000,b2e98a14-c8ca-401e-99ed-edf74570c6f6,PAK'nSAVE Mt Albert,PAK'nSAVE,Central Auckland,5257283-EA-000,Raw Medium Prawn Cutlets,Shore Mariner,1kg,20.99,Fresh Seafood
pakn_save_mt_albert_5329071-EA-000,b2e98a14-c8ca-401e-99ed-edf74570c6f6,PAK'nSAVE Mt Albert,PAK'nSAVE,Central Auckland,5329071-EA-000,Cooked & Peeled Shrimp Meat Pieces.,Pams Value,500g,10.99,Fresh Seafood
pakn_save_mt_albert_5329072-EA-000,b2e98a14-c8ca-401e-99ed-edf74570c6f6,PAK'nSAVE Mt Albert,PAK'nSAVE,Central Auckland,5329072-EA-000,Raw Prawn Meat Pieces,Pams Value,500g,9.39,Fresh Seafood
pakn_save_mt_albert_5204775-EA-000,b2e98a14-c8ca-401e-99ed-edf74570c6f6,PAK'nSAVE Mt Albert,PAK'nSAVE,Central Auckland,5204775-EA-000,Grainfree Salmon Whitefish & Olive Oil Premium Adult Cat Food,Fussy Cat,2.5kg,22.99,Fresh Seafood
pakn_save_mt_albert_5018684-EA-000,b2e98a14-c8ca-401e-99ed-edf74570c6f6,PAK'nSAVE Mt Albert,PAK'nSAVE,Central Auckland,5018684-EA-000,Grainfree Salmon Whitefish & Olive Oil Premium Adult Cat Food,Fussy Cat,500g,6.49,Fresh Seafood
pakn_save_mt_albert_5323868-EA-000,b2e98a14-c8ca-401e-99ed-edf74570c6f6,PAK'nSAVE Mt Albert,PAK'nSAVE,Central Auckland,5323868-EA-000,Ocean Whitefish & Tuna Feast Classic Pate Adult Wet Cat Food,Purina Fancy Feast,85g,1.59,Fresh Seafood
pakn_save_mt_albert_5286098-EA-000,b2e98a14-c8ca-401e-99ed-edf74570c6f6,PAK'nSAVE Mt Albert,PAK'nSAVE,Central Auckland,5286098-EA-000,Fish & White Wine Chowder,The Good Taste Co.,500g,5.19,Fresh Seafood
pakn_save_mt_albert_5209717-EA-000,b2e98a14-c8ca-401e-99ed-edf74570c6f6,PAK'nSAVE Mt Albert,PAK'nSAVE,Central Auckland,5209717-EA-000,White Wine & Garlic Flavoured Marinated Mussels,Pams,375g,7.29,Fresh Seafood
pakn_save_mt_albert_5000527-EA-000,b2e98a14-c8ca-401e-99ed-edf74570c6f6,PAK'nSAVE Mt Albert,PAK'nSAVE,Central Auckland,5000527-EA-000,Blue Milk,Anchor,2l,5.69,Fresh Milk & Plant Milk
pakn_save_mt_albert_5201487-EA-000,b2e98a14-c8ca-401e-99ed-edf74570c6f6,PAK'nSAVE Mt Albert,PAK'nSAVE,Central Auckland,5201487-EA-000,Lite Milk,Pams Value,2l,4.79,Fresh Milk & Plant Milk
pakn_save_mt_albert_5201490-EA-000,b2e98a14-c8ca-401e-99ed-edf74570c6f6,PAK'nSAVE Mt Albert,PAK'nSAVE,Central Auckland,5201490-EA-000,Standard Milk,Pams Value,3l,7.11,Fresh Milk & Plant Milk
pakn_save_mt_albert_5201489-EA-000,b2e98a14-c8ca-401e-99ed-edf74570c6f6,PAK'nSAVE Mt Albert,PAK'nSAVE,Central Auckland,5201489-EA-000,Lite Milk,Pams Value,3l,7.11,Fresh Milk & Plant Milk
pakn_save_mt_albert_5201479-EA-000,b2e98a14-c8ca-401e-99ed-edf74570c6f6,PAK'nSAVE Mt Albert,PAK'nSAVE,Central Auckland,5201479-EA-000,Standard Milk,Pams Value,2l,4.79,Fresh Milk & Plant Milk
pakn_save_mt_albert_5201486-EA-000,b2e98a14-c8ca-401e-99ed-edf74570c6f6,PAK'nSAVE Mt Albert,PAK'nSAVE,Central Auckland,5201486-EA-000,Trim Milk,Pams Value,2l,4.79,Fresh Milk & Plant Milk
pakn_save_mt_albert_5000520-EA-000,b2e98a14-c8ca-401e-99ed-edf74570c6f6,PAK'nSAVE Mt Albert,PAK'nSAVE,Central Auckland,5000520-EA-000,Trim Milk,Anchor,1l,3.57,Fresh Milk & Plant Milk
pakn_save_mt_albert_5000521-EA-000,b2e98a14-c8ca-401e-99ed-edf74570c6f6,PAK'nSAVE Mt Albert,PAK'nSAVE,Central Auckland,5000521-EA-000,Trim Milk,Anchor,2l,5.69,Fresh Milk & Plant Milk
pakn_save_mt_albert_5025424-EA-000,b2e98a14-c8ca-401e-99ed-edf74570c6f6,PAK'nSAVE Mt Albert,PAK'nSAVE,Central Auckland,5025424-EA-000,Calci + Trim Milk,Anchor,1l,3.69,Fresh Milk & Plant Milk
pakn_save_mt_albert_5000519-EA-000,b2e98a14-c8ca-401e-99ed-edf74570c6f6,PAK'nSAVE Mt Albert,PAK'nSAVE,Central Auckland,5000519-EA-000,Calci + Trim Milk,Anchor,2l,6.81,Fresh Milk & Plant Milk
pakn_save_mt_albert_5003852-EA-000,b2e98a14-c8ca-401e-99ed-edf74570c6f6,PAK'nSAVE Mt Albert,PAK'nSAVE,Central Auckland,5003852-EA-000,Regular Soy Milk,Pams,1l,2.29,Fresh Milk & Plant Milk
pakn_save_mt_albert_5004887-EA-000,b2e98a14-c8ca-401e-99ed-edf74570c6f6,PAK'nSAVE Mt Albert,PAK'nSAVE,Central Auckland,5004887-EA-000,Lite Soy Milk,Pams Plant Based,1l,2.29,Fresh Milk & Plant Milk
pakn_save_mt_albert_5010269-EA-000,b2e98a14-c8ca-401e-99ed-edf74570c6f6,PAK'nSAVE Mt Albert,PAK'nSAVE,Central Auckland,5010269-EA-000,Regular Soy Milk,Sanitarium So Good,1l,3.49,Fresh Milk & Plant Milk
pakn_save_mt_albert_5014956-EA-000,b2e98a14-c8ca-401e-99ed-edf74570c6f6,PAK'nSAVE Mt Albert,PAK'nSAVE,Central Auckland,5014956-EA-000,Regular Soy Milky,Vitasoy,1l,3.79,Fresh Milk & Plant Milk
pakn_save_mt_albert_5200391-EA-000,b2e98a14-c8ca-401e-99ed-edf74570c6f6,PAK'nSAVE Mt Albert,PAK'nSAVE,Central Auckland,5200391-EA-000,Protein Plus Soy Milk,Vitasoy,1l,3.89,Fresh Milk & Plant Milk
pakn_save_mt_albert_5014501-EA-000,b2e98a14-c8ca-401e-99ed-edf74570c6f6,PAK'nSAVE Mt Albert,PAK'nSAVE,Central Auckland,5014501-EA-000,Unsweetened Oat Milk,Vitasoy,1l,2.69,Fresh Milk & Plant Milk
pakn_save_mt_albert_5294478-EA-000,b2e98a14-c8ca-401e-99ed-edf74570c6f6,PAK'nSAVE Mt Albert,PAK'nSAVE,Central Auckland,5294478-EA-000,Oat Milk Barista Grade,Boring,1l,3.99,Fresh Milk & Plant Milk
pakn_save_mt_albert_5288640-EA-000,b2e98a14-c8ca-401e-99ed-edf74570c6f6,PAK'nSAVE Mt Albert,PAK'nSAVE,Central Auckland,5288640-EA-000,Oat Milky,Vitasoy,1l,3.59,Fresh Milk & Plant Milk
pakn_save_mt_albert_5273198-EA-000,b2e98a14-c8ca-401e-99ed-edf74570c6f6,PAK'nSAVE Mt Albert,PAK'nSAVE,Central Auckland,5273198-EA-000,No Added Sugar Oat Milk,Sanitarium So Good,1l,3.79,Fresh Milk & Plant Milk
pakn_save_mt_albert_5294477-EA-000,b2e98a14-c8ca-401e-99ed-edf74570c6f6,PAK'nSAVE Mt Albert,PAK'nSAVE,Central Auckland,5294477-EA-000,No Added Sugar Oat Milk,Boring,1l,3.99,Fresh Milk & Plant Milk
pakn_save_mt_albert_5037993-EA-000,b2e98a14-c8ca-401e-99ed-edf74570c6f6,PAK'nSAVE Mt Albert,PAK'nSAVE,Central Auckland,5037993-EA-000,Unsweetened Almond Milk,Vitasoy,1l,2.69,Fresh Milk & Plant Milk
pakn_save_mt_albert_5029021-EA-000,b2e98a14-c8ca-401e-99ed-edf74570c6f6,PAK'nSAVE Mt Albert,PAK'nSAVE,Central Auckland,5029021-EA-000,Unsweetened Almond Milk,Pams Plant Based,1l,3.39,Fresh Milk & Plant Milk
pakn_save_mt_albert_5223053-EA-000,b2e98a14-c8ca-401e-99ed-edf74570c6f6,PAK'nSAVE Mt Albert,PAK'nSAVE,Central Auckland,5223053-EA-000,Regular Almond Milky,Vitasoy,1l,4.19,Fresh Milk & Plant Milk
pakn_save_mt_albert_5030647-EA-000,b2e98a14-c8ca-401e-99ed-edf74570c6f6,PAK'nSAVE Mt Albert,PAK'nSAVE,Central Auckland,5030647-EA-000,Unsweetened Almond Milk UHT,Sanitarium So Good,1l,3.99,Fresh Milk & Plant Milk
pakn_save_mt_albert_5030869-EA-000,b2e98a14-c8ca-401e-99ed-edf74570c6f6,PAK'nSAVE Mt Albert,PAK'nSAVE,Central Auckland,5030869-EA-000,Original Almond Milk,Sanitarium So Good,1l,3.99,Fresh Milk & Plant Milk
pakn_save_mt_albert_5322427-EA-000,b2e98a14-c8ca-401e-99ed-edf74570c6f6,PAK'nSAVE Mt Albert,PAK'nSAVE,Central Auckland,5322427-EA-000,Mixed Grade Free Range Eggs,eg.,12pk,8.99,Eggs
pakn_save_mt_albert_5269558-EA-000,b2e98a14-c8ca-401e-99ed-edf74570c6f6,PAK'nSAVE Mt Albert,PAK'nSAVE,Central Auckland,5269558-EA-000,Free Range Size 6 Eggs,Woodland,18pk,10.99,Eggs
pakn_save_mt_albert_5023568-EA-000,b2e98a14-c8ca-401e-99ed-edf74570c6f6,PAK'nSAVE Mt Albert,PAK'nSAVE,Central Auckland,5023568-EA-000,Free Range Size 6 Eggs,Woodland,10pk,9.39,Eggs
pakn_save_mt_albert_5342311-EA-000,b2e98a14-c8ca-401e-99ed-edf74570c6f6,PAK'nSAVE Mt Albert,PAK'nSAVE,Central Auckland,5342311-EA-000,Size 7 Eggs,New Day,12pk,10.99,Eggs
pakn_save_mt_albert_5202410-EA-000,b2e98a14-c8ca-401e-99ed-edf74570c6f6,PAK'nSAVE Mt Albert,PAK'nSAVE,Central Auckland,5202410-EA-000,Premium Free Range Mixed Grade Eggs,Otaika Valley,18pk,13.99,Eggs
pakn_save_mt_albert_5281163-EA-000,b2e98a14-c8ca-401e-99ed-edf74570c6f6,PAK'nSAVE Mt Albert,PAK'nSAVE,Central Auckland,5281163-EA-000,Pack Colony Caged Eggs Size 7,Rise N Shine,12pk,7.29,Eggs
pakn_save_mt_albert_5281167-EA-000,b2e98a14-c8ca-401e-99ed-edf74570c6f6,PAK'nSAVE Mt Albert,PAK'nSAVE,Central Auckland,5281167-EA-000,Colony Caged Eggs Size 8,Rise N Shine,10pk,6.99,Eggs
pakn_save_mt_albert_5240876-EA-000,b2e98a14-c8ca-401e-99ed-edf74570c6f6,PAK'nSAVE Mt Albert,PAK'nSAVE,Central Auckland,5240876-EA-000,Fresh Colony Caged Size 7 Eggs,Farmer Brown,12pk,7.89,Eggs
pakn_save_mt_albert_5314652-EA-000,b2e98a14-c8ca-401e-99ed-edf74570c6f6,PAK'nSAVE Mt Albert,PAK'nSAVE,Central Auckland,5314652-EA-000,Fresh Colony Caged Size 6 Eggs,Farmer Brown,18pk,12.19,Eggs
pakn_save_mt_albert_5309535-EA-000,b2e98a14-c8ca-401e-99ed-edf74570c6f6,PAK'nSAVE Mt Albert,PAK'nSAVE,Central Auckland,5309535-EA-000,Fresh Colony Caged Size 6 Eggs,Farmer Brown,12pk,7.39,Eggs
pakn_save_mt_albert_5306817-EA-000,b2e98a14-c8ca-401e-99ed-edf74570c6f6,PAK'nSAVE Mt Albert,PAK'nSAVE,Central Auckland,5306817-EA-000,Grated Cheddar Cheese,Rolling Meadow,500g,8.46,"Cheese, Butter & Yoghurt"
pakn_save_mt_albert_5268696-EA-000,b2e98a14-c8ca-401e-99ed-edf74570c6f6,PAK'nSAVE Mt Albert,PAK'nSAVE,Central Auckland,5268696-EA-000,Tasty Cheddar Cheese,Pams,800g,12.83,"Cheese, Butter & Yoghurt"
pakn_save_mt_albert_5007358-EA-000,b2e98a14-c8ca-401e-99ed-edf74570c6f6,PAK'nSAVE Mt Albert,PAK'nSAVE,Central Auckland,5007358-EA-000,Tasty Cheddar Cheese,Pams,500g,9.94,"Cheese, Butter & Yoghurt"
pakn_save_mt_albert_5287702-EA-000,b2e98a14-c8ca-401e-99ed-edf74570c6f6,PAK'nSAVE Mt Albert,PAK'nSAVE,Central Auckland,5287702-EA-000,Cheddar Natural Slices,Dairyworks,2 x 250g,9.62,"Cheese, Butter & Yoghurt"
pakn_save_mt_albert_5232073-EA-000,b2e98a14-c8ca-401e-99ed-edf74570c6f6,PAK'nSAVE Mt Albert,PAK'nSAVE,Central Auckland,5232073-EA-000,American Style Cheddar Cheese Slices,Dairyworks,200g,5.45,"Cheese, Butter & Yoghurt"
pakn_save_mt_albert_5007482-EA-000,b2e98a14-c8ca-401e-99ed-edf74570c6f6,PAK'nSAVE Mt Albert,PAK'nSAVE,Central Auckland,5007482-EA-000,Mozzarella Grated Cheese,Pams,375g,8.81,"Cheese, Butter & Yoghurt"
pakn_save_mt_albert_5017804-EA-000,b2e98a14-c8ca-401e-99ed-edf74570c6f6,PAK'nSAVE Mt Albert,PAK'nSAVE,Central Auckland,5017804-EA-000,Mozzarella Grated Cheese,Rolling Meadow,500g,9.64,"Cheese, Butter & Yoghurt"
pakn_save_mt_albert_5024961-EA-000,b2e98a14-c8ca-401e-99ed-edf74570c6f6,PAK'nSAVE Mt Albert,PAK'nSAVE,Central Auckland,5024961-EA-000,Mozzarella Cheese,Perfect Italiano,500g,15.29,"Cheese, Butter & Yoghurt"
pakn_save_mt_albert_5256743-EA-000,b2e98a14-c8ca-401e-99ed-edf74570c6f6,PAK'nSAVE Mt Albert,PAK'nSAVE,Central Auckland,5256743-EA-000,Hand Crafted Fresh Mozzarella,Pams Finest,150g,6.29,"Cheese, Butter & Yoghurt"
pakn_save_mt_albert_5289384-EA-000,b2e98a14-c8ca-401e-99ed-edf74570c6f6,PAK'nSAVE Mt Albert,PAK'nSAVE,Central Auckland,5289384-EA-000,Mozzarella Cheese,The Cuisine Canteen,200g,7.89,"Cheese, Butter & Yoghurt"
pakn_save_mt_albert_5008536-EA-000,b2e98a14-c8ca-401e-99ed-edf74570c6f6,PAK'nSAVE Mt Albert,PAK'nSAVE,Central Auckland,5008536-EA-000,Traditional Grated Parmesan Cheese,Perfect Italiano,125g,5.69,"Cheese, Butter & Yoghurt"
pakn_save_mt_albert_5347658-EA-000,b2e98a14-c8ca-401e-99ed-edf74570c6f6,PAK'nSAVE Mt Albert,PAK'nSAVE,Central Auckland,5347658-EA-000,Parmesan Cheese,Perfect Italiano,200g,7.99,"Cheese, Butter & Yoghurt"
pakn_save_mt_albert_5232466-EA-000,b2e98a14-c8ca-401e-99ed-edf74570c6f6,PAK'nSAVE Mt Albert,PAK'nSAVE,Central Auckland,5232466-EA-000,Grated Parmesan Cheese,Dairyworks,200g,7.0,"Cheese, Butter & Yoghurt"
pakn_save_mt_albert_5013767-EA-000,b2e98a14-c8ca-401e-99ed-edf74570c6f6,PAK'nSAVE Mt Albert,PAK'nSAVE,Central Auckland,5013767-EA-000,Parmesan Cheese,Mainland,200g,8.99,"Cheese, Butter & Yoghurt"
pakn_save_mt_albert_5016706-EA-000,b2e98a14-c8ca-401e-99ed-edf74570c6f6,PAK'nSAVE Mt Albert,PAK'nSAVE,Central Auckland,5016706-EA-000,Grated Parmesan Cheese,Mainland,200g,10.29,"Cheese, Butter & Yoghurt"
pakn_save_mt_albert_5003216-EA-000,b2e98a14-c8ca-401e-99ed-edf74570c6f6,PAK'nSAVE Mt Albert,PAK'nSAVE,Central Auckland,5003216-EA-000,Salted Butter,Mainland,250g,6.99,"Cheese, Butter & Yoghurt"
pakn_save_mt_albert_5002842-EA-000,b2e98a14-c8ca-401e-99ed-edf74570c6f6,PAK'nSAVE Mt Albert,PAK'nSAVE,Central Auckland,5002842-EA-000,Salted Butter,Mainland,500g,9.49,"Cheese, Butter & Yoghurt"
pakn_save_mt_albert_5013505-EA-000,b2e98a14-c8ca-401e-99ed-edf74570c6f6,PAK'nSAVE Mt Albert,PAK'nSAVE,Central Auckland,5013505-EA-000,Salted Buttersoft Spreadable Butter,Mainland,375g,11.79,"Cheese, Butter & Yoghurt"
pakn_save_mt_albert_5200784-EA-000,b2e98a14-c8ca-401e-99ed-edf74570c6f6,PAK'nSAVE Mt Albert,PAK'nSAVE,Central Auckland,5200784-EA-000,Salted Butter,Petit Normand,200g,6.39,"Cheese, Butter & Yoghurt"
pakn_save_mt_albert_5013508-EA-000,b2e98a14-c8ca-401e-99ed-edf74570c6f6,PAK'nSAVE Mt Albert,PAK'nSAVE,Central Auckland,5013508-EA-000,Buttersoft Salted Reduced Spreadable Butter,Mainland,375g,11.79,"Cheese, Butter & Yoghurt"
pakn_save_mt_albert_5002843-EA-000,b2e98a14-c8ca-401e-99ed-edf74570c6f6,PAK'nSAVE Mt Albert,PAK'nSAVE,Central Auckland,5002843-EA-000,Unsalted Butter,Mainland,500g,9.49,"Cheese, Butter & Yoghurt"
pakn_save_mt_albert_5205004-EA-000,b2e98a14-c8ca-401e-99ed-edf74570c6f6,PAK'nSAVE Mt Albert,PAK'nSAVE,Central Auckland,5205004-EA-000,Unsalted Grass Fed New Zealand Butter,Westgold,400g,6.99,"Cheese, Butter & Yoghurt"
pakn_save_mt_albert_5200783-EA-000,b2e98a14-c8ca-401e-99ed-edf74570c6f6,PAK'nSAVE Mt Albert,PAK'nSAVE,Central Auckland,5200783-EA-000,Unsalted Butter,Petit Normand,200g,6.39,"Cheese, Butter & Yoghurt"
pakn_save_mt_albert_5281810-EA-000,b2e98a14-c8ca-401e-99ed-edf74570c6f6,PAK'nSAVE Mt Albert,PAK'nSAVE,Central Auckland,5281810-EA-000,Greek Natural Thick 'n Creamy Yoghurt,Fresh 'n Fruity,1kg,6.39,"Cheese, Butter & Yoghurt"
pakn_save_mt_albert_5223553-EA-000,b2e98a14-c8ca-401e-99ed-edf74570c6f6,PAK'nSAVE Mt Albert,PAK'nSAVE,Central Auckland,5223553-EA-000,Kalo Natural Greek Yoghurt,Meadow Fresh,800g,7.59,"Cheese, Butter & Yoghurt"
pakn_save_mt_albert_5220024-EA-000,b2e98a14-c8ca-401e-99ed-edf74570c6f6,PAK'nSAVE Mt Albert,PAK'nSAVE,Central Auckland,5220024-EA-000,Greek Style Natural Yoghurt,Gopala,750g,4.99,"Cheese, Butter & Yoghurt"
pakn_save_mt_albert_5328756-EA-000,b2e98a14-c8ca-401e-99ed-edf74570c6f6,PAK'nSAVE Mt Albert,PAK'nSAVE,Central Auckland,5328756-EA-000,More Than Protein Natural Greek Yoghurt,The Collective,850g,8.49,"Cheese, Butter & Yoghurt"
pakn_save_mt_albert_5212777-EA-000,b2e98a14-c8ca-401e-99ed-edf74570c6f6,PAK'nSAVE Mt Albert,PAK'nSAVE,Central Auckland,5212777-EA-000,Protein+ Natural Unsweetened Greek Style Yoghurt,Anchor,950g,8.79,"Cheese, Butter & Yoghurt"
pakn_save_mt_albert_5005219-EA-000,b2e98a14-c8ca-401e-99ed-edf74570c6f6,PAK'nSAVE Mt Albert,PAK'nSAVE,Central Auckland,5005219-EA-000,All Natural Plain Unsweetened Yoghurt,De Winkel,1kg,5.49,"Cheese, Butter & Yoghurt"
pakn_save_mt_albert_5274474-EA-000,b2e98a14-c8ca-401e-99ed-edf74570c6f6,PAK'nSAVE Mt Albert,PAK'nSAVE,Central Auckland,5274474-EA-000,All Natural Plain Unsweetened Yoghurt,De Winkel,4 x 125g,5.79,"Cheese, Butter & Yoghurt"
pakn_save_mt_albert_5112185-EA-000,b2e98a14-c8ca-401e-99ed-edf74570c6f6,PAK'nSAVE Mt Albert,PAK'nSAVE,Central Auckland,5112185-EA-000,Frozen Biofeel Plain Probiotic Yogurt Drink,Biofeel,5 x 63ml,2.79,"Cheese, Butter & Yoghurt"
pakn_save_mt_albert_5040641-EA-000,b2e98a14-c8ca-401e-99ed-edf74570c6f6,PAK'nSAVE Mt Albert,PAK'nSAVE,Central Auckland,5040641-EA-000,Fresh Cream,Pams,500ml,4.76,"Cheese, Butter & Yoghurt"
pakn_save_mt_albert_5028852-EA-000,b2e98a14-c8ca-401e-99ed-edf74570c6f6,PAK'nSAVE Mt Albert,PAK'nSAVE,Central Auckland,5028852-EA-000,Fresh Cream,Pams,300ml,3.17,"Cheese, Butter & Yoghurt"
pakn_save_mt_albert_5028855-EA-000,b2e98a14-c8ca-401e-99ed-edf74570c6f6,PAK'nSAVE Mt Albert,PAK'nSAVE,Central Auckland,5028855-EA-000,Cream,Pams,1l,9.26,"Cheese, Butter & Yoghurt"
pakn_save_mt_albert_5026102-EA-000,b2e98a14-c8ca-401e-99ed-edf74570c6f6,PAK'nSAVE Mt Albert,PAK'nSAVE,Central Auckland,5026102-EA-000,Pure Cream,Anchor,500ml,4.95,"Cheese, Butter & Yoghurt"
pakn_save_mt_albert_5000524-EA-000,b2e98a14-c8ca-401e-99ed-edf74570c6f6,PAK'nSAVE Mt Albert,PAK'nSAVE,Central Auckland,5000524-EA-000,Pure Cream,Anchor,2l,18.0,"Cheese, Butter & Yoghurt"
pakn_save_mt_albert_5027140-EA-000,b2e98a14-c8ca-401e-99ed-edf74570c6f6,PAK'nSAVE Mt Albert,PAK'nSAVE,Central Auckland,5027140-EA-000,Traditional Sour Cream,Meadow Fresh,250g,3.49,"Cheese, Butter & Yoghurt"
pakn_save_mt_albert_5027137-EA-000,b2e98a14-c8ca-401e-99ed-edf74570c6f6,PAK'nSAVE Mt Albert,PAK'nSAVE,Central Auckland,5027137-EA-000,Traditional Sour Cream,Meadow Fresh,125g,2.19,"Cheese, Butter & Yoghurt"
pakn_save_mt_albert_5027139-EA-000,b2e98a14-c8ca-401e-99ed-edf74570c6f6,PAK'nSAVE Mt Albert,PAK'nSAVE,Central Auckland,5027139-EA-000,Lite Sour Cream,Meadow Fresh,250g,3.49,"Cheese, Butter & Yoghurt"
pakn_save_mt_albert_5027102-EA-000,b2e98a14-c8ca-401e-99ed-edf74570c6f6,PAK'nSAVE Mt Albert,PAK'nSAVE,Central Auckland,5027102-EA-000,Sour Cream,Meadow Fresh,500g,6.89,"Cheese, Butter & Yoghurt"
pakn_save_mt_albert_5253380-EA-000,b2e98a14-c8ca-401e-99ed-edf74570c6f6,PAK'nSAVE Mt Albert,PAK'nSAVE,Central Auckland,5253380-EA-000,Sour Cream,Tatua,500g,6.69,"Cheese, Butter & Yoghurt"
pakn_save_mt_albert_5004743-EA-000,b2e98a14-c8ca-401e-99ed-edf74570c6f6,PAK'nSAVE Mt Albert,PAK'nSAVE,Central Auckland,5004743-EA-000,Jasmine Rice,Pams,1kg,2.69,"Rice, Pasta & Noodles"
pakn_save_mt_albert_5021496-EA-000,b2e98a14-c8ca-401e-99ed-edf74570c6f6,PAK'nSAVE Mt Albert,PAK'nSAVE,Central Auckland,5021496-EA-000,Jasmine Rice,SunRice,1kg,3.54,"Rice, Pasta & Noodles"
pakn_save_mt_albert_5303803-EA-000,b2e98a14-c8ca-401e-99ed-edf74570c6f6,PAK'nSAVE Mt Albert,PAK'nSAVE,Central Auckland,5303803-EA-000,Thai Jasmine Rice,Fortune,5kg,14.69,"Rice, Pasta & Noodles"
pakn_save_mt_albert_5303222-EA-000,b2e98a14-c8ca-401e-99ed-edf74570c6f6,PAK'nSAVE Mt Albert,PAK'nSAVE,Central Auckland,5303222-EA-000,Thai Jasmine Rice,Fortune,1kg,3.49,"Rice, Pasta & Noodles"
pakn_save_mt_albert_5014442-EA-000,b2e98a14-c8ca-401e-99ed-edf74570c6f6,PAK'nSAVE Mt Albert,PAK'nSAVE,Central Auckland,5014442-EA-000,Jasmine Rice,SunRice,5kg,15.2,"Rice, Pasta & Noodles"
pakn_save_mt_albert_5005241-EA-000,b2e98a14-c8ca-401e-99ed-edf74570c6f6,PAK'nSAVE Mt Albert,PAK'nSAVE,Central Auckland,5005241-EA-000,Basmati Rice,Pams,1kg,3.19,"Rice, Pasta & Noodles"
pakn_save_mt_albert_5002637-EA-000,b2e98a14-c8ca-401e-99ed-edf74570c6f6,PAK'nSAVE Mt Albert,PAK'nSAVE,Central Auckland,5002637-EA-000,Highland Basmati Aromatic Long Grain Rice,King's Choice,1kg,3.69,"Rice, Pasta & Noodles"
pakn_save_mt_albert_5303221-EA-000,b2e98a14-c8ca-401e-99ed-edf74570c6f6,PAK'nSAVE Mt Albert,PAK'nSAVE,Central Auckland,5303221-EA-000,Aromatic Basmati Rice,Fortune,1kg,3.69,"Rice, Pasta & Noodles"
pakn_save_mt_albert_5315537-EA-000,b2e98a14-c8ca-401e-99ed-edf74570c6f6,PAK'nSAVE Mt Albert,PAK'nSAVE,Central Auckland,5315537-EA-000,Basmati Steamed Rice,Pams,250g,2.59,"Rice, Pasta & Noodles"
pakn_save_mt_albert_5271269-EA-000,b2e98a14-c8ca-401e-99ed-edf74570c6f6,PAK'nSAVE Mt Albert,PAK'nSAVE,Central Auckland,5271269-EA-000,Gold Everyday Basmati Rice,Dawaat,5kg,13.69,"Rice, Pasta & Noodles"
pakn_save_mt_albert_5002082-EA-000,b2e98a14-c8ca-401e-99ed-edf74570c6f6,PAK'nSAVE Mt Albert,PAK'nSAVE,Central Auckland,5002082-EA-000,Spaghetti In Tomato Sauce,Wattie's,420g,1.89,"Rice, Pasta & Noodles"
pakn_save_mt_albert_5319769-EA-000,b2e98a14-c8ca-401e-99ed-edf74570c6f6,PAK'nSAVE Mt Albert,PAK'nSAVE,Central Auckland,5319769-EA-000,Spaghetti,Pasta Maria,400g,1.29,"Rice, Pasta & Noodles"
pakn_save_mt_albert_5002634-EA-000,b2e98a14-c8ca-401e-99ed-edf74570c6f6,PAK'nSAVE Mt Albert,PAK'nSAVE,Central Auckland,5002634-EA-000,Spaghetti Pasta,Diamond,500g,2.29,"Rice, Pasta & Noodles"
pakn_save_mt_albert_5025406-EA-000,b2e98a14-c8ca-401e-99ed-edf74570c6f6,PAK'nSAVE Mt Albert,PAK'nSAVE,Central Auckland,5025406-EA-000,Spaghetti In Tomato Sauce,Wattie's,3 x 420g,6.29,"Rice, Pasta & Noodles"
pakn_save_mt_albert_5002077-EA-000,b2e98a14-c8ca-401e-99ed-edf74570c6f6,PAK'nSAVE Mt Albert,PAK'nSAVE,Central Auckland,5002077-EA-000,Spaghetti In Tomato Sauce,Oak,420g,1.79,"Rice, Pasta & Noodles"
pakn_save_mt_albert_5319766-EA-000,b2e98a14-c8ca-401e-99ed-edf74570c6f6,PAK'nSAVE Mt Albert,PAK'nSAVE,Central Auckland,5319766-EA-000,Penne Pasta,Pasta Maria,400g,1.29,"Rice, Pasta & Noodles"
pakn_save_mt_albert_5002515-EA-000,b2e98a14-c8ca-401e-99ed-edf74570c6f6,PAK'nSAVE Mt Albert,PAK'nSAVE,Central Auckland,5002515-EA-000,Penne Pasta,Diamond,500g,2.29,"Rice, Pasta & Noodles"
pakn_save_mt_albert_5002631-EA-000,b2e98a14-c8ca-401e-99ed-edf74570c6f6,PAK'nSAVE Mt Albert,PAK'nSAVE,Central Auckland,5002631-EA-000,Penne No 18 Pasta,San Remo,500g,2.79,"Rice, Pasta & Noodles"
pakn_save_mt_albert_5038062-EA-000,b2e98a14-c8ca-401e-99ed-edf74570c6f6,PAK'nSAVE Mt Albert,PAK'nSAVE,Central Auckland,5038062-EA-000,Wholemeal Penne Pasta,Diamond,500g,2.29,"Rice, Pasta & Noodles"
pakn_save_mt_albert_5218360-EA-000,b2e98a14-c8ca-401e-99ed-edf74570c6f6,PAK'nSAVE Mt Albert,PAK'nSAVE,Central Auckland,5218360-EA-000,Gluten Free Penne,Diamond,250g,4.49,"Rice, Pasta & Noodles"
pakn_save_mt_albert_5012937-EA-000,b2e98a14-c8ca-401e-99ed-edf74570c6f6,PAK'nSAVE Mt Albert,PAK'nSAVE,Central Auckland,5012937-EA-000,Round Cut Egg Noodles,High Mark,280g,2.69,"Rice, Pasta & Noodles"
pakn_save_mt_albert_5010232-EA-000,b2e98a14-c8ca-401e-99ed-edf74570c6f6,PAK'nSAVE Mt Albert,PAK'nSAVE,Central Auckland,5010232-EA-000,Ribbon Cut Egg Noodles,High Mark,280g,2.69,"Rice, Pasta & Noodles"
pakn_save_mt_albert_5011508-EA-000,b2e98a14-c8ca-401e-99ed-edf74570c6f6,PAK'nSAVE Mt Albert,PAK'nSAVE,Central Auckland,5011508-EA-000,Fine Cut Egg Noodles,High Mark,280g,2.69,"Rice, Pasta & Noodles"
pakn_save_mt_albert_5019201-EA-000,b2e98a14-c8ca-401e-99ed-edf74570c6f6,PAK'nSAVE Mt Albert,PAK'nSAVE,Central Auckland,5019201-EA-000,Hokkien Noodles Twin Pack,Pams,2 x 200g,2.8,"Rice, Pasta & Noodles"
pakn_save_mt_albert_5221893-EA-000,b2e98a14-c8ca-401e-99ed-edf74570c6f6,PAK'nSAVE Mt Albert,PAK'nSAVE,Central Auckland,5221893-EA-000,Fresh Noodles,Lian Huat,500g,6.19,"Rice, Pasta & Noodles"
pakn_save_mt_albert_5206566-EA-000,b2e98a14-c8ca-401e-99ed-edf74570c6f6,PAK'nSAVE Mt Albert,PAK'nSAVE,Central Auckland,5206566-EA-000,Chicken Instant Noodles,Yum Yum,5 x 60g,2.79,"Rice, Pasta & Noodles"
pakn_save_mt_albert_5010982-EA-000,b2e98a14-c8ca-401e-99ed-edf74570c6f6,PAK'nSAVE Mt Albert,PAK'nSAVE,Central Auckland,5010982-EA-000,Mi Goreng Instant Noodles,Mi Sedaap,5 x 90g,3.79,"Rice, Pasta & Noodles"
pakn_save_mt_albert_5009982-EA-000,b2e98a14-c8ca-401e-99ed-edf74570c6f6,PAK'nSAVE Mt Albert,PAK'nSAVE,Central Auckland,5009982-EA-000,Chicken Instant Noodle Cup,Fantastic,70g,1.89,"Rice, Pasta & Noodles"
pakn_save_mt_albert_5009983-EA-000,b2e98a14-c8ca-401e-99ed-edf74570c6f6,PAK'nSAVE Mt Albert,PAK'nSAVE,Central Auckland,5009983-EA-000,Beef Instant Noodle Cup,Fantastic,70g,1.89,"Rice, Pasta & Noodles"
pakn_save_mt_albert_5214498-EA-000,b2e98a14-c8ca-401e-99ed-edf74570c6f6,PAK'nSAVE Mt Albert,PAK'nSAVE,Central Auckland,5214498-EA-000,Buldak Hot Spicy Chicken Instant Noodles,Samyang,5 x 140g,8.99,"Rice, Pasta & Noodles"
pakn_save_mt_albert_5343765-EA-000,b2e98a14-c8ca-401e-99ed-edf74570c6f6,PAK'nSAVE Mt Albert,PAK'nSAVE,Central Auckland,5343765-EA-000,Rolled Oats,Pams,1.5kg,4.49,"Breakfast Cereals, Oats & Spreads"
pakn_save_mt_albert_5343766-EA-000,b2e98a14-c8ca-401e-99ed-edf74570c6f6,PAK'nSAVE Mt Albert,PAK'nSAVE,Central Auckland,5343766-EA-000,Rolled Oats,Pams,750g,2.29,"Breakfast Cereals, Oats & Spreads"
pakn_save_mt_albert_5011855-EA-000,b2e98a14-c8ca-401e-99ed-edf74570c6f6,PAK'nSAVE Mt Albert,PAK'nSAVE,Central Auckland,5011855-EA-000,Rolled Oats,Harraways,1.5kg,6.99,"Breakfast Cereals, Oats & Spreads"
pakn_save_mt_albert_5016454-EA-000,b2e98a14-c8ca-401e-99ed-edf74570c6f6,PAK'nSAVE Mt Albert,PAK'nSAVE,Central Auckland,5016454-EA-000,Wholegrain Oats,Pams,1kg,3.69,"Bread, Wraps & Bakery"
pakn_save_mt_albert_5011507-EA-000,b2e98a14-c8ca-401e-99ed-edf74570c6f6,PAK'nSAVE Mt Albert,PAK'nSAVE,Central Auckland,5011507-EA-000,Rolled Oats,Harraways,800g,5.19,"Breakfast Cereals, Oats & Spreads"
pakn_save_mt_albert_5302626-EA-000,b2e98a14-c8ca-401e-99ed-edf74570c6f6,PAK'nSAVE Mt Albert,PAK'nSAVE,Central Auckland,5302626-EA-000,Cocoa Puffs Breakfast Cereal,Pams,500g,3.69,"Breakfast Cereals, Oats & Spreads"
pakn_save_mt_albert_5014712-EA-000,b2e98a14-c8ca-401e-99ed-edf74570c6f6,PAK'nSAVE Mt Albert,PAK'nSAVE,Central Auckland,5014712-EA-000,Wild Berry Bites Breakfast Cereal,Sanitarium Weet-Bix,500g,6.49,"Breakfast Cereals, Oats & Spreads"
pakn_save_mt_albert_5002800-EA-000,b2e98a14-c8ca-401e-99ed-edf74570c6f6,PAK'nSAVE Mt Albert,PAK'nSAVE,Central Auckland,5002800-EA-000,Breakfast Cereal,Sanitarium Weet-Bix,750g,6.19,"Breakfast Cereals, Oats & Spreads"
pakn_save_mt_albert_5003723-EA-000,b2e98a14-c8ca-401e-99ed-edf74570c6f6,PAK'nSAVE Mt Albert,PAK'nSAVE,Central Auckland,5003723-EA-000,Cornflakes,Pams,500g,4.09,"Breakfast Cereals, Oats & Spreads"
pakn_save_mt_albert_5299989-EA-000,b2e98a14-c8ca-401e-99ed-edf74570c6f6,PAK'nSAVE Mt Albert,PAK'nSAVE,Central Auckland,5299989-EA-000,Nutri-Grain Breakfast Cereal,Kellogg's,470g,8.99,"Breakfast Cereals, Oats & Spreads"
pakn_save_mt_albert_5035008-EA-000,b2e98a14-c8ca-401e-99ed-edf74570c6f6,PAK'nSAVE Mt Albert,PAK'nSAVE,Central Auckland,5035008-EA-000,Breakfast Cereal,Sanitarium Weet-Bix,1.2kg,7.99,"Breakfast Cereals, Oats & Spreads"
pakn_save_mt_albert_5002799-EA-000,b2e98a14-c8ca-401e-99ed-edf74570c6f6,PAK'nSAVE Mt Albert,PAK'nSAVE,Central Auckland,5002799-EA-000,Breakfast Cereal,Sanitarium Weet-Bix,375g,4.49,"Breakfast Cereals, Oats & Spreads"
pakn_save_mt_albert_5326165-EA-000,b2e98a14-c8ca-401e-99ed-edf74570c6f6,PAK'nSAVE Mt Albert,PAK'nSAVE,Central Auckland,5326165-EA-000,Bites Coco Crunch Breakfast Cereal,Sanitarium Weet-Bix,500g,6.49,"Breakfast Cereals, Oats & Spreads"
pakn_save_mt_albert_5026067-EA-000,b2e98a14-c8ca-401e-99ed-edf74570c6f6,PAK'nSAVE Mt Albert,PAK'nSAVE,Central Auckland,5026067-EA-000,White Toast Bread,Nature's Fresh,700g,3.82,"Bread, Wraps & Bakery"
pakn_save_mt_albert_5009506-EA-000,b2e98a14-c8ca-401e-99ed-edf74570c6f6,PAK'nSAVE Mt Albert,PAK'nSAVE,Central Auckland,5009506-EA-000,Supersoft White Toast Bread,Tip Top,700g,3.89,"Bread, Wraps & Bakery"
pakn_save_mt_albert_5026013-EA-000,b2e98a14-c8ca-401e-99ed-edf74570c6f6,PAK'nSAVE Mt Albert,PAK'nSAVE,Central Auckland,5026013-EA-000,White Super Thick Toast Bread,Nature's Fresh,700g,3.82,"Bread, Wraps & Bakery"
pakn_save_mt_albert_5092911-EA-000,b2e98a14-c8ca-401e-99ed-edf74570c6f6,PAK'nSAVE Mt Albert,PAK'nSAVE,Central Auckland,5092911-EA-000,White Toast Fresh Sliced Bread,Pams Value,600g,2.02,"Bread, Wraps & Bakery"
pakn_save_mt_albert_5275323-EA-000,b2e98a14-c8ca-401e-99ed-edf74570c6f6,PAK'nSAVE Mt Albert,PAK'nSAVE,Central Auckland,5275323-EA-000,Supersoft High Fibre White Toast Bread,Tip Top,700g,3.89,"Bread, Wraps & Bakery"
pakn_save_mt_albert_5338629-EA-000,b2e98a14-c8ca-401e-99ed-edf74570c6f6,PAK'nSAVE Mt Albert,PAK'nSAVE,Central Auckland,5338629-EA-000,Glorious Grains Original Wholegrain Bread,Ploughmans Bakery,700g,3.99,"Bread, Wraps & Bakery"
pakn_save_mt_albert_5018055-EA-000,b2e98a14-c8ca-401e-99ed-edf74570c6f6,PAK'nSAVE Mt Albert,PAK'nSAVE,Central Auckland,5018055-EA-000,Wholegrain Tortillas,Pams,6pk,2.99,"Bread, Wraps & Bakery"
pakn_save_mt_albert_5341016-EA-000,b2e98a14-c8ca-401e-99ed-edf74570c6f6,PAK'nSAVE Mt Albert,PAK'nSAVE,Central Auckland,5341016-EA-000,Wholegrain Soft Wraps,Rebel Bakehouse,6 x 63g,5.39,"Bread, Wraps & Bakery"
pakn_save_mt_albert_5308179-EA-000,b2e98a14-c8ca-401e-99ed-edf74570c6f6,PAK'nSAVE Mt Albert,PAK'nSAVE,Central Auckland,5308179-EA-000,Low Carb Tortillas,Farrah's,10pk,4.49,"Bread, Wraps & Bakery"
pakn_save_mt_albert_5269394-EA-000,b2e98a14-c8ca-401e-99ed-edf74570c6f6,PAK'nSAVE Mt Albert,PAK'nSAVE,Central Auckland,5269394-EA-000,White Wraps,Pams,8pk,4.39,"Bread, Wraps & Bakery"
pakn_save_mt_albert_5016678-EA-000,b2e98a14-c8ca-401e-99ed-edf74570c6f6,PAK'nSAVE Mt Albert,PAK'nSAVE,Central Auckland,5016678-EA-000,Wraps Premium White,Farrah's,6pk,4.79,"Bread, Wraps & Bakery"
pakn_save_mt_albert_5016682-EA-000,b2e98a14-c8ca-401e-99ed-edf74570c6f6,PAK'nSAVE Mt Albert,PAK'nSAVE,Central Auckland,5016682-EA-000,Wraps Wholemeal,Farrah's,6pk,4.79,"Bread, Wraps & Bakery"
pakn_save_mt_albert_5006275-EA-000,b2e98a14-c8ca-401e-99ed-edf74570c6f6,PAK'nSAVE Mt Albert,PAK'nSAVE,Central Auckland,5006275-EA-000,White Round Pita Bread,Pams,8 x 43.8g,3.59,"Bread, Wraps & Bakery"
pakn_save_mt_albert_5229326-EA-000,b2e98a14-c8ca-401e-99ed-edf74570c6f6,PAK'nSAVE Mt Albert,PAK'nSAVE,Central Auckland,5229326-EA-000,Round Wholemeal Pita,Pams,8pk,3.59,"Bread, Wraps & Bakery"
pakn_save_mt_albert_5028784-EA-000,b2e98a14-c8ca-401e-99ed-edf74570c6f6,PAK'nSAVE Mt Albert,PAK'nSAVE,Central Auckland,5028784-EA-000,Wholemeal Pita Breads,Giannis,8pk,4.09,"Bread, Wraps & Bakery"
pakn_save_mt_albert_5008178-EA-000,b2e98a14-c8ca-401e-99ed-edf74570c6f6,PAK'nSAVE Mt Albert,PAK'nSAVE,Central Auckland,5008178-EA-000,Original Pita Bread,Danny's,5pk,5.49,"Bread, Wraps & Bakery"
pakn_save_mt_albert_5025975-EA-000,b2e98a14-c8ca-401e-99ed-edf74570c6f6,PAK'nSAVE Mt Albert,PAK'nSAVE,Central Auckland,5025975-EA-000,Classic White Pita Breads,Giannis,8pk,4.09,"Bread, Wraps & Bakery"
pakn_save_mt_albert_5323568-EA-000,b2e98a14-c8ca-401e-99ed-edf74570c6f6,PAK'nSAVE Mt Albert,PAK'nSAVE,Central Auckland,5323568-EA-000,King Size Burger Buns,Pams,8pk,4.94,"Bread, Wraps & Bakery"
pakn_save_mt_albert_5122400-EA-000,b2e98a14-c8ca-401e-99ed-edf74570c6f6,PAK'nSAVE Mt Albert,PAK'nSAVE,Central Auckland,5122400-EA-000,Plain Round Rolls,,12pk,3.99,"Bread, Wraps & Bakery"
pakn_save_mt_albert_5009507-EA-000,b2e98a14-c8ca-401e-99ed-edf74570c6f6,PAK'nSAVE Mt Albert,PAK'nSAVE,Central Auckland,5009507-EA-000,Supersoft Burger Buns,Tip Top,6pk,4.39,"Bread, Wraps & Bakery"
pakn_save_mt_albert_5323567-EA-000,b2e98a14-c8ca-401e-99ed-edf74570c6f6,PAK'nSAVE Mt Albert,PAK'nSAVE,Central Auckland,5323567-EA-000,Brioche Style Burger Buns,Pams,6pk,5.32,"Bread, Wraps & Bakery"
pakn_save_mt_albert_5012076-EA-000,b2e98a14-c8ca-401e-99ed-edf74570c6f6,PAK'nSAVE Mt Albert,PAK'nSAVE,Central Auckland,5012076-EA-000,Supersoft Sesame Burger Buns,Tip Top,6 x 75g,4.39,"Bread, Wraps & Bakery"
pakn_save_mt_albert_5003829-EA-000,b2e98a14-c8ca-401e-99ed-edf74570c6f6,PAK'nSAVE Mt Albert,PAK'nSAVE,Central Auckland,5003829-EA-000,Pure Plain Flour,Pams,1.5kg,1.89,"Flour, Sugar & Baking"
pakn_save_mt_albert_5003830-EA-000,b2e98a14-c8ca-401e-99ed-edf74570c6f6,PAK'nSAVE Mt Albert,PAK'nSAVE,Central Auckland,5003830-EA-000,Pure Plain Flour,Pams,5kg,6.49,"Flour, Sugar & Baking"
pakn_save_mt_albert_5327096-EA-000,b2e98a14-c8ca-401e-99ed-edf74570c6f6,PAK'nSAVE Mt Albert,PAK'nSAVE,Central Auckland,5327096-EA-000,Gluten Free Plain Flour,Pams,750g,5.09,"Flour, Sugar & Baking"
pakn_save_mt_albert_5027521-EA-000,b2e98a14-c8ca-401e-99ed-edf74570c6f6,PAK'nSAVE Mt Albert,PAK'nSAVE,Central Auckland,5027521-EA-000,Gluten Free Plain Flour,Edmonds,750g,5.99,"Flour, Sugar & Baking"
pakn_save_mt_albert_5003844-EA-000,b2e98a14-c8ca-401e-99ed-edf74570c6f6,PAK'nSAVE Mt Albert,PAK'nSAVE,Central Auckland,5003844-EA-000,Self Raising Flour,Pams,1.5kg,2.55,"Flour, Sugar & Baking"
pakn_save_mt_albert_5286792-EA-000,b2e98a14-c8ca-401e-99ed-edf74570c6f6,PAK'nSAVE Mt Albert,PAK'nSAVE,Central Auckland,5286792-EA-000,Self Raising Flour,Edmonds,1.5kg,3.69,"Flour, Sugar & Baking"
pakn_save_mt_albert_5027519-EA-000,b2e98a14-c8ca-401e-99ed-edf74570c6f6,PAK'nSAVE Mt Albert,PAK'nSAVE,Central Auckland,5027519-EA-000,Gluten Free Self Raising Flour,Edmonds,750g,5.99,"Flour, Sugar & Baking"
pakn_save_mt_albert_5327097-EA-000,b2e98a14-c8ca-401e-99ed-edf74570c6f6,PAK'nSAVE Mt Albert,PAK'nSAVE,Central Auckland,5327097-EA-000,Gluten Free Self Raising Flour,Pams,750g,5.09,"Flour, Sugar & Baking"
pakn_save_mt_albert_5003885-EA-000,b2e98a14-c8ca-401e-99ed-edf74570c6f6,PAK'nSAVE Mt Albert,PAK'nSAVE,Central Auckland,5003885-EA-000,White Sugar,Pams,1.5kg,2.89,"Flour, Sugar & Baking"
pakn_save_mt_albert_5002760-EA-000,b2e98a14-c8ca-401e-99ed-edf74570c6f6,PAK'nSAVE Mt Albert,PAK'nSAVE,Central Auckland,5002760-EA-000,White Sugar,Chelsea,1.5kg,3.49,"Flour, Sugar & Baking"
pakn_save_mt_albert_5020337-EA-000,b2e98a14-c8ca-401e-99ed-edf74570c6f6,PAK'nSAVE Mt Albert,PAK'nSAVE,Central Auckland,5020337-EA-000,White Sugar,Pams,500g,1.69,"Flour, Sugar & Baking"
pakn_save_mt_albert_5004782-EA-000,b2e98a14-c8ca-401e-99ed-edf74570c6f6,PAK'nSAVE Mt Albert,PAK'nSAVE,Central Auckland,5004782-EA-000,White Sugar,Pams,3kg,5.89,"Flour, Sugar & Baking"
pakn_save_mt_albert_5002752-EA-000,b2e98a14-c8ca-401e-99ed-edf74570c6f6,PAK'nSAVE Mt Albert,PAK'nSAVE,Central Auckland,5002752-EA-000,White Sugar,Chelsea,500g,2.29,"Flour, Sugar & Baking"
pakn_save_mt_albert_5003683-EA-000,b2e98a14-c8ca-401e-99ed-edf74570c6f6,PAK'nSAVE Mt Albert,PAK'nSAVE,Central Auckland,5003683-EA-000,Soft Brown Sugar,Pams,1kg,2.09,"Flour, Sugar & Baking"
pakn_save_mt_albert_5002762-EA-000,b2e98a14-c8ca-401e-99ed-edf74570c6f6,PAK'nSAVE Mt Albert,PAK'nSAVE,Central Auckland,5002762-EA-000,Soft Brown Sugar,Chelsea,500g,2.09,"Flour, Sugar & Baking"
pakn_save_mt_albert_5002763-EA-000,b2e98a14-c8ca-401e-99ed-edf74570c6f6,PAK'nSAVE Mt Albert,PAK'nSAVE,Central Auckland,5002763-EA-000,Soft Brown Sugar,Chelsea,1kg,3.79,"Flour, Sugar & Baking"
pakn_save_albany_5045856-KGM-000,65defcf2-bc15-490e-a84f-1f13b769cd22,PAK'nSAVE Albany,PAK'nSAVE,North Shore,5045856-KGM-000,Brown Onions,,kg,2.49,Fresh Vegetables
pakn_save_albany_5264168-EA-000,65defcf2-bc15-490e-a84f-1f13b769cd22,PAK'nSAVE Albany,PAK'nSAVE,North Shore,5264168-EA-000,Brown Onions,Value,2kg,4.99,Fresh Vegetables
pakn_save_albany_5223140-KGM-000,65defcf2-bc15-490e-a84f-1f13b769cd22,PAK'nSAVE Albany,PAK'nSAVE,North Shore,5223140-KGM-000,Peeled Red Onions,,kg,5.49,Fresh Vegetables
pakn_save_albany_5264183-EA-000,65defcf2-bc15-490e-a84f-1f13b769cd22,PAK'nSAVE Albany,PAK'nSAVE,North Shore,5264183-EA-000,Red Onions,Pams,1kg,2.49,Fresh Vegetables
pakn_save_albany_5040009-EA-000,65defcf2-bc15-490e-a84f-1f13b769cd22,PAK'nSAVE Albany,PAK'nSAVE,North Shore,5040009-EA-000,Spring Onions,,ea,2.49,Fresh Vegetables
pakn_save_albany_5045849-KGM-000,65defcf2-bc15-490e-a84f-1f13b769cd22,PAK'nSAVE Albany,PAK'nSAVE,North Shore,5045849-KGM-000,White Washed Potatoes,,kg,3.99,Fresh Vegetables
pakn_save_albany_5264180-EA-000,65defcf2-bc15-490e-a84f-1f13b769cd22,PAK'nSAVE Albany,PAK'nSAVE,North Shore,5264180-EA-000,Brushed Agria Potatoes,Pams,3kg,9.99,Fresh Vegetables
pakn_save_albany_5045841-KGM-000,65defcf2-bc15-490e-a84f-1f13b769cd22,PAK'nSAVE Albany,PAK'nSAVE,North Shore,5045841-KGM-000,Yellow Agria Potatoes,,kg,3.99,Fresh Vegetables
pakn_save_albany_5264171-EA-000,65defcf2-bc15-490e-a84f-1f13b769cd22,PAK'nSAVE Albany,PAK'nSAVE,North Shore,5264171-EA-000,Washed White Potatoes,Pams,2.5kg,6.99,Fresh Vegetables
pakn_save_albany_5264173-EA-000,65defcf2-bc15-490e-a84f-1f13b769cd22,PAK'nSAVE Albany,PAK'nSAVE,North Shore,5264173-EA-000,Washed Roasting & Mashing Potatoes,Pams,2.5kg,6.99,Fresh Vegetables
pakn_save_albany_5046145-EA-000,65defcf2-bc15-490e-a84f-1f13b769cd22,PAK'nSAVE Albany,PAK'nSAVE,North Shore,5046145-EA-000,Garlic,,7pk,2.49,Fresh Vegetables
pakn_save_albany_5008899-EA-000,65defcf2-bc15-490e-a84f-1f13b769cd22,PAK'nSAVE Albany,PAK'nSAVE,North Shore,5008899-EA-000,Crushed Garlic,Pams,230g,2.29,Fresh Vegetables
pakn_save_albany_5046565-KGM-000,65defcf2-bc15-490e-a84f-1f13b769cd22,PAK'nSAVE Albany,PAK'nSAVE,North Shore,5046565-KGM-000,Loose Garlic,,kg,21.99,Fresh Vegetables
pakn_save_albany_5241730-EA-000,65defcf2-bc15-490e-a84f-1f13b769cd22,PAK'nSAVE Albany,PAK'nSAVE,North Shore,5241730-EA-000,Naturals Eco Garlic Powder,Mrs Rogers,40g,1.99,Fresh Vegetables
pakn_save_albany_5046212-EA-000,65defcf2-bc15-490e-a84f-1f13b769cd22,PAK'nSAVE Albany,PAK'nSAVE,North Shore,5046212-EA-000,Crushed Garlic,Healthy n Fresh,380g,4.49,Fresh Vegetables
pakn_save_albany_5039965-KGM-000,65defcf2-bc15-490e-a84f-1f13b769cd22,PAK'nSAVE Albany,PAK'nSAVE,North Shore,5039965-KGM-000,Carrots,,kg,1.79,Fresh Vegetables
pakn_save_albany_5245226-EA-000,65defcf2-bc15-490e-a84f-1f13b769cd22,PAK'nSAVE Albany,PAK'nSAVE,North Shore,5245226-EA-000,Beta Bites Snacking Carrots,Wilcox,250g,3.99,Fresh Vegetables
pakn_save_albany_5280978-EA-000,65defcf2-bc15-490e-a84f-1f13b769cd22,PAK'nSAVE Albany,PAK'nSAVE,North Shore,5280978-EA-000,Fresh Carrots,Kim Young and Sons,2kg,4.99,Fresh Vegetables
pakn_save_albany_5264186-EA-000,65defcf2-bc15-490e-a84f-1f13b769cd22,PAK'nSAVE Albany,PAK'nSAVE,North Shore,5264186-EA-000,Washed Carrots,Pams,1.5kg,3.99,Fresh Vegetables
pakn_save_albany_5241267-EA-000,65defcf2-bc15-490e-a84f-1f13b769cd22,PAK'nSAVE Albany,PAK'nSAVE,North Shore,5241267-EA-000,Shredded Carrots,Pams,300g,3.99,Fresh Vegetables
pakn_save_albany_5039956-EA-000,65defcf2-bc15-490e-a84f-1f13b769cd22,PAK'nSAVE Albany,PAK'nSAVE,North Shore,5039956-EA-000,Broccoli,,ea,2.29,Fresh Vegetables
pakn_save_albany_5039966-EA-000,65defcf2-bc15-490e-a84f-1f13b769cd22,PAK'nSAVE Albany,PAK'nSAVE,North Shore,5039966-EA-000,Cauliflower,,ea,2.99,Fresh Vegetables
pakn_save_albany_5294382-EA-000,65defcf2-bc15-490e-a84f-1f13b769cd22,PAK'nSAVE Albany,PAK'nSAVE,North Shore,5294382-EA-000,Frozen Whole Florets Broccoli,SB,1kg,5.54,Frozen Foods
pakn_save_albany_5046517-EA-000,65defcf2-bc15-490e-a84f-1f13b769cd22,PAK'nSAVE Albany,PAK'nSAVE,North Shore,5046517-EA-000,Green Cabbage Half,,ea,1.99,Fresh Vegetables
pakn_save_albany_5040608-EA-000,65defcf2-bc15-490e-a84f-1f13b769cd22,PAK'nSAVE Albany,PAK'nSAVE,North Shore,5040608-EA-000,Bellaverde Sweet Stem Broccoli,,250g,2.99,Fresh Vegetables
pakn_save_albany_5040098-KGM-000,65defcf2-bc15-490e-a84f-1f13b769cd22,PAK'nSAVE Albany,PAK'nSAVE,North Shore,5040098-KGM-000,Loose Red Tomatoes,,kg,9.99,Fresh Vegetables
pakn_save_albany_5259530-EA-000,65defcf2-bc15-490e-a84f-1f13b769cd22,PAK'nSAVE Albany,PAK'nSAVE,North Shore,5259530-EA-000,Classic Tomatoes.,Sunburst,200g,5.99,Fresh Vegetables
pakn_save_albany_5028889-EA-000,65defcf2-bc15-490e-a84f-1f13b769cd22,PAK'nSAVE Albany,PAK'nSAVE,North Shore,5028889-EA-000,Telegraph Cucumber,,ea,2.99,Fresh Vegetables
pakn_save_albany_5092718-EA-000,65defcf2-bc15-490e-a84f-1f13b769cd22,PAK'nSAVE Albany,PAK'nSAVE,North Shore,5092718-EA-000,Chopped Tomatoes in Juice,Pams Value,400g,0.6,Canned Goods
pakn_save_albany_5040543-EA-000,65defcf2-bc15-490e-a84f-1f13b769cd22,PAK'nSAVE Albany,PAK'nSAVE,North Shore,5040543-EA-000,Angel Naturally Sweet Tomatoes,Beekist,200g,5.99,Fresh Vegetables
pakn_save_albany_5040464-EA-000,65defcf2-bc15-490e-a84f-1f13b769cd22,PAK'nSAVE Albany,PAK'nSAVE,North Shore,5040464-EA-000,Baby Spinach,Pams,120g,2.89,Fresh Vegetables
pakn_save_albany_5331778-EA-000,65defcf2-bc15-490e-a84f-1f13b769cd22,PAK'nSAVE Albany,PAK'nSAVE,North Shore,5331778-EA-000,Baby Spinach,Pams,300g,5.99,Fresh Vegetables
pakn_save_albany_5089918-EA-000,65defcf2-bc15-490e-a84f-1f13b769cd22,PAK'nSAVE Albany,PAK'nSAVE,North Shore,5089918-EA-000,Frozen Blanched Spinach,SB,1kg,5.54,Frozen Foods
pakn_save_albany_5040743-EA-000,65defcf2-bc15-490e-a84f-1f13b769cd22,PAK'nSAVE Albany,PAK'nSAVE,North Shore,5040743-EA-000,Spinach,Pams,ea,4.99,Fresh Vegetables
pakn_save_albany_5046562-EA-000,65defcf2-bc15-490e-a84f-1f13b769cd22,PAK'nSAVE Albany,PAK'nSAVE,North Shore,5046562-EA-000,NZ Celery,,ea,2.0,Fresh Vegetables
pakn_save_albany_5046440-EA-000,65defcf2-bc15-490e-a84f-1f13b769cd22,PAK'nSAVE Albany,PAK'nSAVE,North Shore,5046440-EA-000,Fresh Cut Lettuce,,ea,2.79,Fresh Vegetables
pakn_save_albany_5303543-EA-000,65defcf2-bc15-490e-a84f-1f13b769cd22,PAK'nSAVE Albany,PAK'nSAVE,North Shore,5303543-EA-000,Iceberg Lettuce,Pams,1pk,2.99,Fresh Vegetables
pakn_save_albany_5040462-EA-000,65defcf2-bc15-490e-a84f-1f13b769cd22,PAK'nSAVE Albany,PAK'nSAVE,North Shore,5040462-EA-000,Baby Leaf Lettuce,Pams,100g,3.99,Fresh Vegetables
pakn_save_albany_5047010-EA-000,65defcf2-bc15-490e-a84f-1f13b769cd22,PAK'nSAVE Albany,PAK'nSAVE,North Shore,5047010-EA-000,Fancy Green Lettuce,,ea,2.99,Fresh Vegetables
pakn_save_albany_5331506-EA-000,65defcf2-bc15-490e-a84f-1f13b769cd22,PAK'nSAVE Albany,PAK'nSAVE,North Shore,5331506-EA-000,Baby Leaf Lettuce,Pams,250g,5.99,Fresh Vegetables
pakn_save_albany_5046503-EA-000,65defcf2-bc15-490e-a84f-1f13b769cd22,PAK'nSAVE Albany,PAK'nSAVE,North Shore,5046503-EA-000,Red Capsicum,,ea,3.99,Fresh Vegetables
pakn_save_albany_5046505-EA-000,65defcf2-bc15-490e-a84f-1f13b769cd22,PAK'nSAVE Albany,PAK'nSAVE,North Shore,5046505-EA-000,Green Capsicum,,ea,3.49,Fresh Vegetables
pakn_save_albany_5046533-KGM-000,65defcf2-bc15-490e-a84f-1f13b769cd22,PAK'nSAVE Albany,PAK'nSAVE,North Shore,5046533-KGM-000,White Button Mushrooms,,kg,9.99,Fresh Vegetables
pakn_save_albany_5326590-EA-000,65defcf2-bc15-490e-a84f-1f13b769cd22,PAK'nSAVE Albany,PAK'nSAVE,North Shore,5326590-EA-000,White Button Mushrooms,Pams,400g,5.99,Fresh Vegetables
pakn_save_albany_5326591-EA-000,65defcf2-bc15-490e-a84f-1f13b769cd22,PAK'nSAVE Albany,PAK'nSAVE,North Shore,5326591-EA-000,Swiss Brown Button Mushrooms,Pams,400g,5.99,Fresh Vegetables
pakn_save_albany_5294812-EA-000,65defcf2-bc15-490e-a84f-1f13b769cd22,PAK'nSAVE Albany,PAK'nSAVE,North Shore,5294812-EA-000,White Button Mushrooms,Meadow Mushrooms,200g,3.99,Fresh Vegetables
pakn_save_albany_5040006-KGM-000,65defcf2-bc15-490e-a84f-1f13b769cd22,PAK'nSAVE Albany,PAK'nSAVE,North Shore,5040006-KGM-000,Portabello Flat Mushrooms,,kg,14.99,Fresh Vegetables
pakn_save_albany_5046504-EA-000,65defcf2-bc15-490e-a84f-1f13b769cd22,PAK'nSAVE Albany,PAK'nSAVE,North Shore,5046504-EA-000,Yellow Capsicum,,ea,3.49,Fresh Vegetables
pakn_save_albany_5046525-KGM-000,65defcf2-bc15-490e-a84f-1f13b769cd22,PAK'nSAVE Albany,PAK'nSAVE,North Shore,5046525-KGM-000,Royal Gala Apples,,kg,4.99,Fresh Fruit
pakn_save_albany_5040702-EA-000,65defcf2-bc15-490e-a84f-1f13b769cd22,PAK'nSAVE Albany,PAK'nSAVE,North Shore,5040702-EA-000,Royal Gala Apples,Yummy Fruit,1.5kg,7.99,Fresh Fruit
pakn_save_albany_5039945-KGM-000,65defcf2-bc15-490e-a84f-1f13b769cd22,PAK'nSAVE Albany,PAK'nSAVE,North Shore,5039945-KGM-000,Granny Smith Apples,,kg,1.99,Fresh Fruit
pakn_save_albany_5045864-KGM-000,65defcf2-bc15-490e-a84f-1f13b769cd22,PAK'nSAVE Albany,PAK'nSAVE,North Shore,5045864-KGM-000,Rose Apples,,kg,3.99,Fresh Fruit
pakn_save_albany_5046462-KGM-000,65defcf2-bc15-490e-a84f-1f13b769cd22,PAK'nSAVE Albany,PAK'nSAVE,North Shore,5046462-KGM-000,Ambrosia Apples,,kg,5.99,Fresh Fruit
pakn_save_albany_5046542-KGM-000,65defcf2-bc15-490e-a84f-1f13b769cd22,PAK'nSAVE Albany,PAK'nSAVE,North Shore,5046542-KGM-000,Bananas,,kg,3.59,Fresh Fruit
pakn_save_albany_5007770-EA-000,65defcf2-bc15-490e-a84f-1f13b769cd22,PAK'nSAVE Albany,PAK'nSAVE,North Shore,5007770-EA-000,Bobby Bananas Bunch,Dole,ea,4.49,Fresh Fruit
pakn_save_albany_5087710-EA-000,65defcf2-bc15-490e-a84f-1f13b769cd22,PAK'nSAVE Albany,PAK'nSAVE,North Shore,5087710-EA-000,Organic Fairtrade Bananas,,ea,4.99,Fresh Fruit
pakn_save_albany_5205142-EA-000,65defcf2-bc15-490e-a84f-1f13b769cd22,PAK'nSAVE Albany,PAK'nSAVE,North Shore,5205142-EA-000,Spinach Apple Blueberry & Banana Vege Fruit Sticks,Mother Earth,152g,2.49,Fresh Fruit
pakn_save_albany_5017392-EA-000,65defcf2-bc15-490e-a84f-1f13b769cd22,PAK'nSAVE Albany,PAK'nSAVE,North Shore,5017392-EA-000,Banana Flavour Liquid Breakfast,Sanitarium Up & Go,6 x 250ml,10.69,Fresh Fruit
pakn_save_albany_5046549-KGM-000,65defcf2-bc15-490e-a84f-1f13b769cd22,PAK'nSAVE Albany,PAK'nSAVE,North Shore,5046549-KGM-000,Navel Oranges NZ,,kg,2.99,Fresh Fruit
pakn_save_albany_5040011-KGM-000,65defcf2-bc15-490e-a84f-1f13b769cd22,PAK'nSAVE Albany,PAK'nSAVE,North Shore,5040011-KGM-000,Orange Kumara,,kg,5.49,Fresh Fruit
pakn_save_albany_5040012-EA-000,65defcf2-bc15-490e-a84f-1f13b769cd22,PAK'nSAVE Albany,PAK'nSAVE,North Shore,5040012-EA-000,Navel Oranges,Pams,1.5kg,6.49,Fresh Fruit
pakn_save_albany_5046917-KGM-000,65defcf2-bc15-490e-a84f-1f13b769cd22,PAK'nSAVE Albany,PAK'nSAVE,North Shore,5046917-KGM-000,Imported Mandarins,,kg,4.99,Fresh Fruit
pakn_save_albany_5046477-KGM-000,65defcf2-bc15-490e-a84f-1f13b769cd22,PAK'nSAVE Albany,PAK'nSAVE,North Shore,5046477-KGM-000,Lemons,,kg,2.99,Fresh Fruit
pakn_save_albany_5203150-EA-000,65defcf2-bc15-490e-a84f-1f13b769cd22,PAK'nSAVE Albany,PAK'nSAVE,North Shore,5203150-EA-000,Lemon Baking Juice,Pams,250ml,1.49,Fresh Fruit
pakn_save_albany_5039989-EA-000,65defcf2-bc15-490e-a84f-1f13b769cd22,PAK'nSAVE Albany,PAK'nSAVE,North Shore,5039989-EA-000,Lemons,Pams Fresh,1kg,4.49,Fresh Fruit
pakn_save_albany_5003304-EA-000,65defcf2-bc15-490e-a84f-1f13b769cd22,PAK'nSAVE Albany,PAK'nSAVE,North Shore,5003304-EA-000,Lemon Treats Biscuits,Griffin's,250g,2.79,Fresh Fruit
pakn_save_albany_5345885-EA-000,65defcf2-bc15-490e-a84f-1f13b769cd22,PAK'nSAVE Albany,PAK'nSAVE,North Shore,5345885-EA-000,Rocketslaw Salad with Creamy Lemon Mayonnaise,Salad,350g,5.49,Fresh Fruit
pakn_save_albany_5316337-EA-000,65defcf2-bc15-490e-a84f-1f13b769cd22,PAK'nSAVE Albany,PAK'nSAVE,North Shore,5316337-EA-000,Mixed Berries,Frozen Harvest,500g,7.09,Frozen Foods
pakn_save_albany_5004944-EA-000,65defcf2-bc15-490e-a84f-1f13b769cd22,PAK'nSAVE Albany,PAK'nSAVE,North Shore,5004944-EA-000,Mixed Berries,Pams,500g,6.99,Fresh Fruit
pakn_save_albany_5310065-EA-000,65defcf2-bc15-490e-a84f-1f13b769cd22,PAK'nSAVE Albany,PAK'nSAVE,North Shore,5310065-EA-000,Five Berry Medley,Fruzio,750g,10.99,Fresh Fruit
pakn_save_albany_5312786-EA-000,65defcf2-bc15-490e-a84f-1f13b769cd22,PAK'nSAVE Albany,PAK'nSAVE,North Shore,5312786-EA-000,Mixed Berry,Fruzio,750g,10.49,Fresh Fruit
pakn_save_albany_5310071-EA-000,65defcf2-bc15-490e-a84f-1f13b769cd22,PAK'nSAVE Albany,PAK'nSAVE,North Shore,5310071-EA-000,Snap Frozen Blueberries,The Berry Fix,1.5kg,16.79,Frozen Foods
pakn_save_albany_5105651-KGM-000,65defcf2-bc15-490e-a84f-1f13b769cd22,PAK'nSAVE Albany,PAK'nSAVE,North Shore,5105651-KGM-000,Skinless Chicken Breast,,kg,10.89,Chicken & Poultry
pakn_save_albany_5221711-EA-000,65defcf2-bc15-490e-a84f-1f13b769cd22,PAK'nSAVE Albany,PAK'nSAVE,North Shore,5221711-EA-000,Boneless Skinless Chicken Breast,Pams Free Range,400g,8.99,Chicken & Poultry
pakn_save_albany_5120942-KGM-000,65defcf2-bc15-490e-a84f-1f13b769cd22,PAK'nSAVE Albany,PAK'nSAVE,North Shore,5120942-KGM-000,Free Range Skinless Chicken Breast,,kg,18.99,Chicken & Poultry
pakn_save_albany_5139623-EA-000,65defcf2-bc15-490e-a84f-1f13b769cd22,PAK'nSAVE Albany,PAK'nSAVE,North Shore,5139623-EA-000,Diced Chicken Breast,Pams Free Range,450g,8.79,Chicken & Poultry
pakn_save_albany_5275873-KGM-000,65defcf2-bc15-490e-a84f-1f13b769cd22,PAK'nSAVE Albany,PAK'nSAVE,North Shore,5275873-KGM-000,Fresh Free Range Skinless Chicken Breast Tray Pack,Bird & Barrow,kg,20.99,Chicken & Poultry
pakn_save_albany_5115633-KGM-000,65defcf2-bc15-490e-a84f-1f13b769cd22,PAK'nSAVE Albany,PAK'nSAVE,North Shore,5115633-KGM-000,NZ Skinless Chicken Thigh Fillet,,kg,15.99,Chicken & Poultry
pakn_save_albany_5221708-EA-000,65defcf2-bc15-490e-a84f-1f13b769cd22,PAK'nSAVE Albany,PAK'nSAVE,North Shore,5221708-EA-000,Boneless Skinless Chicken Thighs,Pams Free Range,400g,9.99,Chicken & Poultry
pakn_save_albany_5108515-KGM-000,65defcf2-bc15-490e-a84f-1f13b769cd22,PAK'nSAVE Albany,PAK'nSAVE,North Shore,5108515-KGM-000,NZ Chicken Thigh Bone in Cutlets,,kg,9.99,Chicken & Poultry
pakn_save_albany_5264638-EA-000,65defcf2-bc15-490e-a84f-1f13b769cd22,PAK'nSAVE Albany,PAK'nSAVE,North Shore,5264638-EA-000,Tenderbasted Chicken Thighs,Tegel,4kg,31.29,Chicken & Poultry
pakn_save_albany_5105213-KGM-000,65defcf2-bc15-490e-a84f-1f13b769cd22,PAK'nSAVE Albany,PAK'nSAVE,North Shore,5105213-KGM-000,NZ Chicken Drumsticks,,kg,4.89,Chicken & Poultry
pakn_save_albany_5100208-KGM-000,65defcf2-bc15-490e-a84f-1f13b769cd22,PAK'nSAVE Albany,PAK'nSAVE,North Shore,5100208-KGM-000,Chicken Nibbles,,kg,6.89,Chicken & Poultry
pakn_save_albany_5125042-KGM-000,65defcf2-bc15-490e-a84f-1f13b769cd22,PAK'nSAVE Albany,PAK'nSAVE,North Shore,5125042-KGM-000,NZ Free Range Chicken Drumsticks,,kg,9.99,Chicken & Poultry
pakn_save_albany_5269885-EA-000,65defcf2-bc15-490e-a84f-1f13b769cd22,PAK'nSAVE Albany,PAK'nSAVE,North Shore,5269885-EA-000,100% Certified Organic Free Range Chicken Drumsticks,Bostock Brothers,900g,12.67,Chicken & Poultry
pakn_save_albany_5269886-EA-000,65defcf2-bc15-490e-a84f-1f13b769cd22,PAK'nSAVE Albany,PAK'nSAVE,North Shore,5269886-EA-000,100% Certified Organic Free Range Chicken Nibbles,Bostock Brothers,900g,12.67,Chicken & Poultry
pakn_save_albany_5007056-EA-000,65defcf2-bc15-490e-a84f-1f13b769cd22,PAK'nSAVE Albany,PAK'nSAVE,North Shore,5007056-EA-000,Frozen Whole Chicken,Ingham's,2.3kg,11.59,Frozen Foods
pakn_save_albany_5004502-EA-000,65defcf2-bc15-490e-a84f-1f13b769cd22,PAK'nSAVE Albany,PAK'nSAVE,North Shore,5004502-EA-000,Frozen Whole Chicken,Ingham's,850g,5.0,Frozen Foods
pakn_save_albany_5322808-EA-000,65defcf2-bc15-490e-a84f-1f13b769cd22,PAK'nSAVE Albany,PAK'nSAVE,North Shore,5322808-EA-000,Free Range Oven Ready Sage & Onion Roast Fresh Chicken,Tegel,1.5kg,14.79,Chicken & Poultry
pakn_save_albany_5001387-EA-000,65defcf2-bc15-490e-a84f-1f13b769cd22,PAK'nSAVE Albany,PAK'nSAVE,North Shore,5001387-EA-000,Frozen Whole Chicken,Tegel,2.1kg,13.49,Frozen Foods
pakn_save_albany_5025822-EA-000,65defcf2-bc15-490e-a84f-1f13b769cd22,PAK'nSAVE Albany,PAK'nSAVE,North Shore,5025822-EA-000,Frozen Whole Chicken,Tegel,950g,8.69,Frozen Foods
pakn_save_albany_5104350-KGM-000,65defcf2-bc15-490e-a84f-1f13b769cd22,PAK'nSAVE Albany,PAK'nSAVE,North Shore,5104350-KGM-000,NZ Beef Mince,,kg,18.99,Beef & Lamb
pakn_save_albany_5125914-KGM-000,65defcf2-bc15-490e-a84f-1f13b769cd22,PAK'nSAVE Albany,PAK'nSAVE,North Shore,5125914-KGM-000,NZ Beef Prime Mince,,kg,23.99,Beef & Lamb
pakn_save_albany_5101189-KGM-000,65defcf2-bc15-490e-a84f-1f13b769cd22,PAK'nSAVE Albany,PAK'nSAVE,North Shore,5101189-KGM-000,NZ Premium Beef Mince,,kg,27.99,Beef & Lamb
pakn_save_albany_5203717-EA-000,65defcf2-bc15-490e-a84f-1f13b769cd22,PAK'nSAVE Albany,PAK'nSAVE,North Shore,5203717-EA-000,Wagyu Beef Mince,First Light,400g,13.49,Beef & Lamb
pakn_save_albany_5276234-EA-000,65defcf2-bc15-490e-a84f-1f13b769cd22,PAK'nSAVE Albany,PAK'nSAVE,North Shore,5276234-EA-000,Craft Angus Beef Meatballs,Hellers,400g,11.99,Beef & Lamb
pakn_save_albany_5103401-KGM-000,65defcf2-bc15-490e-a84f-1f13b769cd22,PAK'nSAVE Albany,PAK'nSAVE,North Shore,5103401-KGM-000,Beef Rump Steak,,kg,32.99,Beef & Lamb
pakn_save_albany_5123919-KGM-000,65defcf2-bc15-490e-a84f-1f13b769cd22,PAK'nSAVE Albany,PAK'nSAVE,North Shore,5123919-KGM-000,NZ Beef Sirloin Steak,,kg,47.99,Beef & Lamb
pakn_save_albany_5236311-KGM-000,65defcf2-bc15-490e-a84f-1f13b769cd22,PAK'nSAVE Albany,PAK'nSAVE,North Shore,5236311-KGM-000,NZ Beef Casserole Steak,,kg,18.99,Beef & Lamb
pakn_save_albany_5100260-KGM-000,65defcf2-bc15-490e-a84f-1f13b769cd22,PAK'nSAVE Albany,PAK'nSAVE,North Shore,5100260-KGM-000,NZ Beef Chuck Steak,,kg,29.99,Beef & Lamb
pakn_save_albany_5289492-EA-000,65defcf2-bc15-490e-a84f-1f13b769cd22,PAK'nSAVE Albany,PAK'nSAVE,North Shore,5289492-EA-000,Flat Iron Wagyu Beef Steak,First Light,250g,13.49,Beef & Lamb
pakn_save_albany_5102423-KGM-000,65defcf2-bc15-490e-a84f-1f13b769cd22,PAK'nSAVE Albany,PAK'nSAVE,North Shore,5102423-KGM-000,NZ Beef Bolar Roast,,kg,18.99,Beef & Lamb
pakn_save_albany_5101925-KGM-000,65defcf2-bc15-490e-a84f-1f13b769cd22,PAK'nSAVE Albany,PAK'nSAVE,North Shore,5101925-KGM-000,NZ Beef Topside Roast,,kg,27.99,Beef & Lamb
pakn_save_albany_5085463-EA-000,65defcf2-bc15-490e-a84f-1f13b769cd22,PAK'nSAVE Albany,PAK'nSAVE,North Shore,5085463-EA-000,Beef Thin Sliced Roast,Farmland,100g,5.29,Beef & Lamb
pakn_save_albany_5106653-KGM-000,65defcf2-bc15-490e-a84f-1f13b769cd22,PAK'nSAVE Albany,PAK'nSAVE,North Shore,5106653-KGM-000,NZ Beef Brisket,,kg,18.49,Beef & Lamb
pakn_save_albany_5297546-KGM-000,65defcf2-bc15-490e-a84f-1f13b769cd22,PAK'nSAVE Albany,PAK'nSAVE,North Shore,5297546-KGM-000,Sliced Roast Beef Pre-Pack,,kg,53.9,Beef & Lamb
pakn_save_albany_5100697-KGM-000,65defcf2-bc15-490e-a84f-1f13b769cd22,PAK'nSAVE Albany,PAK'nSAVE,North Shore,5100697-KGM-000,NZ Pork Loin Chops,,kg,13.49,Beef & Lamb
pakn_save_albany_5103018-KGM-000,65defcf2-bc15-490e-a84f-1f13b769cd22,PAK'nSAVE Albany,PAK'nSAVE,North Shore,5103018-KGM-000,NZ Pork Shoulder Chops,,kg,9.99,Beef & Lamb
pakn_save_albany_5101306-KGM-000,65defcf2-bc15-490e-a84f-1f13b769cd22,PAK'nSAVE Albany,PAK'nSAVE,North Shore,5101306-KGM-000,Lamb Shoulder Chops,,kg,21.99,Beef & Lamb
pakn_save_albany_5100303-KGM-000,65defcf2-bc15-490e-a84f-1f13b769cd22,PAK'nSAVE Albany,PAK'nSAVE,North Shore,5100303-KGM-000,Lamb Loin Chops,,kg,35.79,Beef & Lamb
pakn_save_albany_5104005-KGM-000,65defcf2-bc15-490e-a84f-1f13b769cd22,PAK'nSAVE Albany,PAK'nSAVE,North Shore,5104005-KGM-000,NZ Lamb Leg Chops,,kg,32.99,Beef & Lamb
pakn_save_albany_5019426-EA-000,65defcf2-bc15-490e-a84f-1f13b769cd22,PAK'nSAVE Albany,PAK'nSAVE,North Shore,5019426-EA-000,Streaky Bacon,Pams,250g,5.99,Pork & Ham
pakn_save_albany_5033085-EA-000,65defcf2-bc15-490e-a84f-1f13b769cd22,PAK'nSAVE Albany,PAK'nSAVE,North Shore,5033085-EA-000,Manuka Smoked Streaky Bacon,Grandpa's Meat & Bacon Co.,1kg,14.99,Pork & Ham
pakn_save_albany_5011576-EA-000,65defcf2-bc15-490e-a84f-1f13b769cd22,PAK'nSAVE Albany,PAK'nSAVE,North Shore,5011576-EA-000,Shoulder Bacon,Beehive,200g,2.79,Pork & Ham
pakn_save_albany_5033086-EA-000,65defcf2-bc15-490e-a84f-1f13b769cd22,PAK'nSAVE Albany,PAK'nSAVE,North Shore,5033086-EA-000,Manuka Smoked Streaky Bacon,Grandpa's Meat & Bacon Co.,250g,4.99,Pork & Ham
pakn_save_albany_5084510-EA-000,65defcf2-bc15-490e-a84f-1f13b769cd22,PAK'nSAVE Albany,PAK'nSAVE,North Shore,5084510-EA-000,Streaky Bacon,Pams,1kg,17.99,Pork & Ham
pakn_save_albany_5019277-EA-000,65defcf2-bc15-490e-a84f-1f13b769cd22,PAK'nSAVE Albany,PAK'nSAVE,North Shore,5019277-EA-000,Shaved Leg Ham,Country Pride,200g,3.59,Pork & Ham
pakn_save_albany_5013751-EA-000,65defcf2-bc15-490e-a84f-1f13b769cd22,PAK'nSAVE Albany,PAK'nSAVE,North Shore,5013751-EA-000,Shaved Champagne Ham,Beehive,100g,2.39,Pork & Ham
pakn_save_albany_5039342-EA-000,65defcf2-bc15-490e-a84f-1f13b769cd22,PAK'nSAVE Albany,PAK'nSAVE,North Shore,5039342-EA-000,Shaved Champagne Leg Ham,Hellers,100g,2.89,Pork & Ham
pakn_save_albany_5297548-KGM-000,65defcf2-bc15-490e-a84f-1f13b769cd22,PAK'nSAVE Albany,PAK'nSAVE,North Shore,5297548-KGM-000,Shaved Ham Medium Pre-Pack,,kg,17.9,Pork & Ham
pakn_save_albany_5241237-EA-000,65defcf2-bc15-490e-a84f-1f13b769cd22,PAK'nSAVE Albany,PAK'nSAVE,North Shore,5241237-EA-000,Shaved Champagne Leg Ham,Hellers,200g,5.8,Pork & Ham
pakn_save_albany_5312237-EA-000,65defcf2-bc15-490e-a84f-1f13b769cd22,PAK'nSAVE Albany,PAK'nSAVE,North Shore,5312237-EA-000,Classic Beef Sausages,Pams,6 x 75g,8.49,Beef & Lamb
pakn_save_albany_5028230-EA-000,65defcf2-bc15-490e-a84f-1f13b769cd22,PAK'nSAVE Albany,PAK'nSAVE,North Shore,5028230-EA-000,Trusty BBQ Pre-Cooked Sausages,Hellers,1kg,10.99,Pork & Ham
pakn_save_albany_5082985-EA-000,65defcf2-bc15-490e-a84f-1f13b769cd22,PAK'nSAVE Albany,PAK'nSAVE,North Shore,5082985-EA-000,Craft Angus Beef Sausages,Hellers,6pk,11.99,Beef & Lamb
pakn_save_albany_5082981-EA-000,65defcf2-bc15-490e-a84f-1f13b769cd22,PAK'nSAVE Albany,PAK'nSAVE,North Shore,5082981-EA-000,New Yorker Porker Sausages,Hellers,6pk,9.89,Pork & Ham
pakn_save_albany_5252913-EA-000,65defcf2-bc15-490e-a84f-1f13b769cd22,PAK'nSAVE Albany,PAK'nSAVE,North Shore,5252913-EA-000,Mini Cheese Kransky Sausages,Beehive,800g,10.99,"Cheese, Butter & Yoghurt"
pakn_save_albany_5335006-EA-000,65defcf2-bc15-490e-a84f-1f13b769cd22,PAK'nSAVE Albany,PAK'nSAVE,North Shore,5335006-EA-000,Sliced Smoked Salmon,Shore Mariner,100g,6.99,Fresh Seafood
pakn_save_albany_5220978-EA-000,65defcf2-bc15-490e-a84f-1f13b769cd22,PAK'nSAVE Albany,PAK'nSAVE,North Shore,5220978-EA-000,Natural Hot Smoked Salmon,Pams,150g,11.99,Fresh Seafood
pakn_save_albany_5234368-KGM-000,65defcf2-bc15-490e-a84f-1f13b769cd22,PAK'nSAVE Albany,PAK'nSAVE,North Shore,5234368-KGM-000,Tasmanian Salmon Fillet Skin On Bone In TP,,kg,51.99,Fresh Seafood
pakn_save_albany_5030954-EA-000,65defcf2-bc15-490e-a84f-1f13b769cd22,PAK'nSAVE Albany,PAK'nSAVE,North Shore,5030954-EA-000,Wild Alaskan Pink Salmon,John West,210g,5.01,Fresh Seafood
pakn_save_albany_5220975-EA-000,65defcf2-bc15-490e-a84f-1f13b769cd22,PAK'nSAVE Albany,PAK'nSAVE,North Shore,5220975-EA-000,Sliced Smoked Salmon,Pams,100g,9.39,Fresh Seafood
pakn_save_albany_5333249-EA-000,65defcf2-bc15-490e-a84f-1f13b769cd22,PAK'nSAVE Albany,PAK'nSAVE,North Shore,5333249-EA-000,Tuna Fillet In Broth Wet Cat Food,Applaws,70g,2.29,Fresh Seafood
pakn_save_albany_5333248-EA-000,65defcf2-bc15-490e-a84f-1f13b769cd22,PAK'nSAVE Albany,PAK'nSAVE,North Shore,5333248-EA-000,Tuna Fillet With Prawn In Broth Wet Cat Food,Applaws,70g,2.29,Fresh Seafood
pakn_save_albany_5113449-KGM-000,65defcf2-bc15-490e-a84f-1f13b769cd22,PAK'nSAVE Albany,PAK'nSAVE,North Shore,5113449-KGM-000,Bluefin Tuna Loins,,kg,39.99,Pantry Staples
pakn_save_albany_5338608-KGM-000,65defcf2-bc15-490e-a84f-1f13b769cd22,PAK'nSAVE Albany,PAK'nSAVE,North Shore,5338608-KGM-000,Bluefin Tuna Loins,Leigh Fish,kg,39.99,Fresh Seafood
pakn_save_albany_5294331-EA-000,65defcf2-bc15-490e-a84f-1f13b769cd22,PAK'nSAVE Albany,PAK'nSAVE,North Shore,5294331-EA-000,Saku 4oz Tuna Seared Sliced,Sea Treasure Seafoods,113g,10.79,Pantry Staples
pakn_save_albany_5296121-EA-000,65defcf2-bc15-490e-a84f-1f13b769cd22,PAK'nSAVE Albany,PAK'nSAVE,North Shore,5296121-EA-000,Raw Stir-Fry Prawns,Fisherking,800g,16.39,Fresh Seafood
pakn_save_albany_5295570-EA-000,65defcf2-bc15-490e-a84f-1f13b769cd22,PAK'nSAVE Albany,PAK'nSAVE,North Shore,5295570-EA-000,Raw Prawn Cutlets,Fisherking,800g,12.99,Fresh Seafood
pakn_save_albany_5320569-EA-000,65defcf2-bc15-490e-a84f-1f13b769cd22,PAK'nSAVE Albany,PAK'nSAVE,North Shore,5320569-EA-000,Raw Prawn Cutlets 51/60,Sea Cuisine,300g,6.79,Fresh Seafood
pakn_save_albany_5257283-EA-000,65defcf2-bc15-490e-a84f-1f13b769cd22,PAK'nSAVE Albany,PAK'nSAVE,North Shore,5257283-EA-000,Raw Medium Prawn Cutlets,Shore Mariner,1kg,20.99,Fresh Seafood
pakn_save_albany_5329071-EA-000,65defcf2-bc15-490e-a84f-1f13b769cd22,PAK'nSAVE Albany,PAK'nSAVE,North Shore,5329071-EA-000,Cooked & Peeled Shrimp Meat Pieces.,Pams Value,500g,10.99,Fresh Seafood
pakn_save_albany_5204775-EA-000,65defcf2-bc15-490e-a84f-1f13b769cd22,PAK'nSAVE Albany,PAK'nSAVE,North Shore,5204775-EA-000,Grainfree Salmon Whitefish & Olive Oil Premium Adult Cat Food,Fussy Cat,2.5kg,22.99,Fresh Seafood
pakn_save_albany_5254092-EA-000,65defcf2-bc15-490e-a84f-1f13b769cd22,PAK'nSAVE Albany,PAK'nSAVE,North Shore,5254092-EA-000,Perfect Portions Pate Entree With Delicate Whitefish And Tuna Wet Cat Food,Dine,75g,1.89,Fresh Seafood
pakn_save_albany_5018684-EA-000,65defcf2-bc15-490e-a84f-1f13b769cd22,PAK'nSAVE Albany,PAK'nSAVE,North Shore,5018684-EA-000,Grainfree Salmon Whitefish & Olive Oil Premium Adult Cat Food,Fussy Cat,500g,6.49,Fresh Seafood
pakn_save_albany_5323878-EA-000,65defcf2-bc15-490e-a84f-1f13b769cd22,PAK'nSAVE Albany,PAK'nSAVE,North Shore,5323878-EA-000,Adult Gravy Lovers Ocean Whitefish & Tuna Feast Seafood Flavor Gravy Wet Cat Food,Purina Fancy Feast,85g,1.59,Fresh Seafood
pakn_save_albany_5323868-EA-000,65defcf2-bc15-490e-a84f-1f13b769cd22,PAK'nSAVE Albany,PAK'nSAVE,North Shore,5323868-EA-000,Ocean Whitefish & Tuna Feast Classic Pate Adult Wet Cat Food,Purina Fancy Feast,85g,1.59,Fresh Seafood
pakn_save_albany_5000527-EA-000,65defcf2-bc15-490e-a84f-1f13b769cd22,PAK'nSAVE Albany,PAK'nSAVE,North Shore,5000527-EA-000,Blue Milk,Anchor,2l,5.69,Fresh Milk & Plant Milk
pakn_save_albany_5201487-EA-000,65defcf2-bc15-490e-a84f-1f13b769cd22,PAK'nSAVE Albany,PAK'nSAVE,North Shore,5201487-EA-000,Lite Milk,Pams Value,2l,4.79,Fresh Milk & Plant Milk
pakn_save_albany_5201490-EA-000,65defcf2-bc15-490e-a84f-1f13b769cd22,PAK'nSAVE Albany,PAK'nSAVE,North Shore,5201490-EA-000,Standard Milk,Pams Value,3l,7.11,Fresh Milk & Plant Milk
pakn_save_albany_5201489-EA-000,65defcf2-bc15-490e-a84f-1f13b769cd22,PAK'nSAVE Albany,PAK'nSAVE,North Shore,5201489-EA-000,Lite Milk,Pams Value,3l,7.11,Fresh Milk & Plant Milk
pakn_save_albany_5201479-EA-000,65defcf2-bc15-490e-a84f-1f13b769cd22,PAK'nSAVE Albany,PAK'nSAVE,North Shore,5201479-EA-000,Standard Milk,Pams Value,2l,4.79,Fresh Milk & Plant Milk
pakn_save_albany_5201486-EA-000,65defcf2-bc15-490e-a84f-1f13b769cd22,PAK'nSAVE Albany,PAK'nSAVE,North Shore,5201486-EA-000,Trim Milk,Pams Value,2l,4.79,Fresh Milk & Plant Milk
pakn_save_albany_5000520-EA-000,65defcf2-bc15-490e-a84f-1f13b769cd22,PAK'nSAVE Albany,PAK'nSAVE,North Shore,5000520-EA-000,Trim Milk,Anchor,1l,3.57,Fresh Milk & Plant Milk
pakn_save_albany_5000521-EA-000,65defcf2-bc15-490e-a84f-1f13b769cd22,PAK'nSAVE Albany,PAK'nSAVE,North Shore,5000521-EA-000,Trim Milk,Anchor,2l,5.69,Fresh Milk & Plant Milk
pakn_save_albany_5025424-EA-000,65defcf2-bc15-490e-a84f-1f13b769cd22,PAK'nSAVE Albany,PAK'nSAVE,North Shore,5025424-EA-000,Calci + Trim Milk,Anchor,1l,3.69,Fresh Milk & Plant Milk
pakn_save_albany_5000519-EA-000,65defcf2-bc15-490e-a84f-1f13b769cd22,PAK'nSAVE Albany,PAK'nSAVE,North Shore,5000519-EA-000,Calci + Trim Milk,Anchor,2l,6.81,Fresh Milk & Plant Milk
pakn_save_albany_5003852-EA-000,65defcf2-bc15-490e-a84f-1f13b769cd22,PAK'nSAVE Albany,PAK'nSAVE,North Shore,5003852-EA-000,Regular Soy Milk,Pams,1l,1.49,Fresh Milk & Plant Milk
pakn_save_albany_5004887-EA-000,65defcf2-bc15-490e-a84f-1f13b769cd22,PAK'nSAVE Albany,PAK'nSAVE,North Shore,5004887-EA-000,Lite Soy Milk,Pams Plant Based,1l,1.49,Fresh Milk & Plant Milk
pakn_save_albany_5010269-EA-000,65defcf2-bc15-490e-a84f-1f13b769cd22,PAK'nSAVE Albany,PAK'nSAVE,North Shore,5010269-EA-000,Regular Soy Milk,Sanitarium So Good,1l,3.49,Fresh Milk & Plant Milk
pakn_save_albany_5014956-EA-000,65defcf2-bc15-490e-a84f-1f13b769cd22,PAK'nSAVE Albany,PAK'nSAVE,North Shore,5014956-EA-000,Regular Soy Milky,Vitasoy,1l,3.79,Fresh Milk & Plant Milk
pakn_save_albany_5200391-EA-000,65defcf2-bc15-490e-a84f-1f13b769cd22,PAK'nSAVE Albany,PAK'nSAVE,North Shore,5200391-EA-000,Protein Plus Soy Milk,Vitasoy,1l,3.89,Fresh Milk & Plant Milk
pakn_save_albany_5014501-EA-000,65defcf2-bc15-490e-a84f-1f13b769cd22,PAK'nSAVE Albany,PAK'nSAVE,North Shore,5014501-EA-000,Unsweetened Oat Milk,Vitasoy,1l,2.69,Fresh Milk & Plant Milk
pakn_save_albany_5294478-EA-000,65defcf2-bc15-490e-a84f-1f13b769cd22,PAK'nSAVE Albany,PAK'nSAVE,North Shore,5294478-EA-000,Oat Milk Barista Grade,Boring,1l,3.99,Fresh Milk & Plant Milk
pakn_save_albany_5288640-EA-000,65defcf2-bc15-490e-a84f-1f13b769cd22,PAK'nSAVE Albany,PAK'nSAVE,North Shore,5288640-EA-000,Oat Milky,Vitasoy,1l,3.59,Fresh Milk & Plant Milk
pakn_save_albany_5273198-EA-000,65defcf2-bc15-490e-a84f-1f13b769cd22,PAK'nSAVE Albany,PAK'nSAVE,North Shore,5273198-EA-000,No Added Sugar Oat Milk,Sanitarium So Good,1l,3.79,Fresh Milk & Plant Milk
pakn_save_albany_5294477-EA-000,65defcf2-bc15-490e-a84f-1f13b769cd22,PAK'nSAVE Albany,PAK'nSAVE,North Shore,5294477-EA-000,No Added Sugar Oat Milk,Boring,1l,3.99,Fresh Milk & Plant Milk
pakn_save_albany_5037993-EA-000,65defcf2-bc15-490e-a84f-1f13b769cd22,PAK'nSAVE Albany,PAK'nSAVE,North Shore,5037993-EA-000,Unsweetened Almond Milk,Vitasoy,1l,2.69,Fresh Milk & Plant Milk
pakn_save_albany_5029021-EA-000,65defcf2-bc15-490e-a84f-1f13b769cd22,PAK'nSAVE Albany,PAK'nSAVE,North Shore,5029021-EA-000,Unsweetened Almond Milk,Pams Plant Based,1l,2.79,Fresh Milk & Plant Milk
pakn_save_albany_5223053-EA-000,65defcf2-bc15-490e-a84f-1f13b769cd22,PAK'nSAVE Albany,PAK'nSAVE,North Shore,5223053-EA-000,Regular Almond Milky,Vitasoy,1l,4.19,Fresh Milk & Plant Milk
pakn_save_albany_5030647-EA-000,65defcf2-bc15-490e-a84f-1f13b769cd22,PAK'nSAVE Albany,PAK'nSAVE,North Shore,5030647-EA-000,Unsweetened Almond Milk UHT,Sanitarium So Good,1l,3.99,Fresh Milk & Plant Milk
pakn_save_albany_5030869-EA-000,65defcf2-bc15-490e-a84f-1f13b769cd22,PAK'nSAVE Albany,PAK'nSAVE,North Shore,5030869-EA-000,Original Almond Milk,Sanitarium So Good,1l,3.99,Fresh Milk & Plant Milk
pakn_save_albany_5322427-EA-000,65defcf2-bc15-490e-a84f-1f13b769cd22,PAK'nSAVE Albany,PAK'nSAVE,North Shore,5322427-EA-000,Mixed Grade Free Range Eggs,eg.,12pk,8.99,Eggs
pakn_save_albany_5269558-EA-000,65defcf2-bc15-490e-a84f-1f13b769cd22,PAK'nSAVE Albany,PAK'nSAVE,North Shore,5269558-EA-000,Free Range Size 6 Eggs,Woodland,18pk,12.19,Eggs
pakn_save_albany_5290707-EA-000,65defcf2-bc15-490e-a84f-1f13b769cd22,PAK'nSAVE Albany,PAK'nSAVE,North Shore,5290707-EA-000,Free Range Mixed Grade Eggs,New Day,18pk,9.99,Eggs
pakn_save_albany_5023568-EA-000,65defcf2-bc15-490e-a84f-1f13b769cd22,PAK'nSAVE Albany,PAK'nSAVE,North Shore,5023568-EA-000,Free Range Size 6 Eggs,Woodland,10pk,9.39,Eggs
pakn_save_albany_5342311-EA-000,65defcf2-bc15-490e-a84f-1f13b769cd22,PAK'nSAVE Albany,PAK'nSAVE,North Shore,5342311-EA-000,Size 7 Eggs,New Day,12pk,10.99,Eggs
pakn_save_albany_5257064-EA-000,65defcf2-bc15-490e-a84f-1f13b769cd22,PAK'nSAVE Albany,PAK'nSAVE,North Shore,5257064-EA-000,Cage-Free Barn Size 7 Eggs,Farmer Brown,12pk,9.59,Eggs
pakn_save_albany_5007552-EA-000,65defcf2-bc15-490e-a84f-1f13b769cd22,PAK'nSAVE Albany,PAK'nSAVE,North Shore,5007552-EA-000,Whole Egg Mayonnaise,Pams,443ml,3.79,Eggs
pakn_save_albany_5202410-EA-000,65defcf2-bc15-490e-a84f-1f13b769cd22,PAK'nSAVE Albany,PAK'nSAVE,North Shore,5202410-EA-000,Premium Free Range Mixed Grade Eggs,Otaika Valley,18pk,13.99,Eggs
pakn_save_albany_5021173-EA-000,65defcf2-bc15-490e-a84f-1f13b769cd22,PAK'nSAVE Albany,PAK'nSAVE,North Shore,5021173-EA-000,Egg White Natural Protein,Zeagold,980ml,13.49,Eggs
pakn_save_albany_5306817-EA-000,65defcf2-bc15-490e-a84f-1f13b769cd22,PAK'nSAVE Albany,PAK'nSAVE,North Shore,5306817-EA-000,Grated Cheddar Cheese,Rolling Meadow,500g,8.46,"Cheese, Butter & Yoghurt"
pakn_save_albany_5268696-EA-000,65defcf2-bc15-490e-a84f-1f13b769cd22,PAK'nSAVE Albany,PAK'nSAVE,North Shore,5268696-EA-000,Tasty Cheddar Cheese,Pams,800g,12.83,"Cheese, Butter & Yoghurt"
pakn_save_albany_5007358-EA-000,65defcf2-bc15-490e-a84f-1f13b769cd22,PAK'nSAVE Albany,PAK'nSAVE,North Shore,5007358-EA-000,Tasty Cheddar Cheese,Pams,500g,9.94,"Cheese, Butter & Yoghurt"
pakn_save_albany_5287702-EA-000,65defcf2-bc15-490e-a84f-1f13b769cd22,PAK'nSAVE Albany,PAK'nSAVE,North Shore,5287702-EA-000,Cheddar Natural Slices,Dairyworks,2 x 250g,9.62,"Cheese, Butter & Yoghurt"
pakn_save_albany_5232073-EA-000,65defcf2-bc15-490e-a84f-1f13b769cd22,PAK'nSAVE Albany,PAK'nSAVE,North Shore,5232073-EA-000,American Style Cheddar Cheese Slices,Dairyworks,200g,5.45,"Cheese, Butter & Yoghurt"
pakn_save_albany_5007482-EA-000,65defcf2-bc15-490e-a84f-1f13b769cd22,PAK'nSAVE Albany,PAK'nSAVE,North Shore,5007482-EA-000,Mozzarella Grated Cheese,Pams,375g,8.81,"Cheese, Butter & Yoghurt"
pakn_save_albany_5017804-EA-000,65defcf2-bc15-490e-a84f-1f13b769cd22,PAK'nSAVE Albany,PAK'nSAVE,North Shore,5017804-EA-000,Mozzarella Grated Cheese,Rolling Meadow,500g,9.64,"Cheese, Butter & Yoghurt"
pakn_save_albany_5024961-EA-000,65defcf2-bc15-490e-a84f-1f13b769cd22,PAK'nSAVE Albany,PAK'nSAVE,North Shore,5024961-EA-000,Mozzarella Cheese,Perfect Italiano,500g,15.29,"Cheese, Butter & Yoghurt"
pakn_save_albany_5235298-EA-000,65defcf2-bc15-490e-a84f-1f13b769cd22,PAK'nSAVE Albany,PAK'nSAVE,North Shore,5235298-EA-000,Mozzarella Grated Cheese,Eclipse Cheese,500g,9.49,"Cheese, Butter & Yoghurt"
pakn_save_albany_5256743-EA-000,65defcf2-bc15-490e-a84f-1f13b769cd22,PAK'nSAVE Albany,PAK'nSAVE,North Shore,5256743-EA-000,Hand Crafted Fresh Mozzarella,Pams Finest,150g,6.29,"Cheese, Butter & Yoghurt"
pakn_save_albany_5008536-EA-000,65defcf2-bc15-490e-a84f-1f13b769cd22,PAK'nSAVE Albany,PAK'nSAVE,North Shore,5008536-EA-000,Traditional Grated Parmesan Cheese,Perfect Italiano,125g,5.69,"Cheese, Butter & Yoghurt"
pakn_save_albany_5347658-EA-000,65defcf2-bc15-490e-a84f-1f13b769cd22,PAK'nSAVE Albany,PAK'nSAVE,North Shore,5347658-EA-000,Parmesan Cheese,Perfect Italiano,200g,7.99,"Cheese, Butter & Yoghurt"
pakn_save_albany_5232466-EA-000,65defcf2-bc15-490e-a84f-1f13b769cd22,PAK'nSAVE Albany,PAK'nSAVE,North Shore,5232466-EA-000,Grated Parmesan Cheese,Dairyworks,200g,7.0,"Cheese, Butter & Yoghurt"
pakn_save_albany_5013767-EA-000,65defcf2-bc15-490e-a84f-1f13b769cd22,PAK'nSAVE Albany,PAK'nSAVE,North Shore,5013767-EA-000,Parmesan Cheese,Mainland,200g,8.99,"Cheese, Butter & Yoghurt"
pakn_save_albany_5016706-EA-000,65defcf2-bc15-490e-a84f-1f13b769cd22,PAK'nSAVE Albany,PAK'nSAVE,North Shore,5016706-EA-000,Grated Parmesan Cheese,Mainland,200g,10.29,"Cheese, Butter & Yoghurt"
pakn_save_albany_5003216-EA-000,65defcf2-bc15-490e-a84f-1f13b769cd22,PAK'nSAVE Albany,PAK'nSAVE,North Shore,5003216-EA-000,Salted Butter,Mainland,250g,6.99,"Cheese, Butter & Yoghurt"
pakn_save_albany_5002842-EA-000,65defcf2-bc15-490e-a84f-1f13b769cd22,PAK'nSAVE Albany,PAK'nSAVE,North Shore,5002842-EA-000,Salted Butter,Mainland,500g,9.49,"Cheese, Butter & Yoghurt"
pakn_save_albany_5013505-EA-000,65defcf2-bc15-490e-a84f-1f13b769cd22,PAK'nSAVE Albany,PAK'nSAVE,North Shore,5013505-EA-000,Salted Buttersoft Spreadable Butter,Mainland,375g,11.79,"Cheese, Butter & Yoghurt"
pakn_save_albany_5020175-EA-000,65defcf2-bc15-490e-a84f-1f13b769cd22,PAK'nSAVE Albany,PAK'nSAVE,North Shore,5020175-EA-000,Premium New Zealand Lightly Salted Butter,Lewis Road Creamery,250g,7.97,"Cheese, Butter & Yoghurt"
pakn_save_albany_5013508-EA-000,65defcf2-bc15-490e-a84f-1f13b769cd22,PAK'nSAVE Albany,PAK'nSAVE,North Shore,5013508-EA-000,Buttersoft Salted Reduced Spreadable Butter,Mainland,375g,11.79,"Cheese, Butter & Yoghurt"
pakn_save_albany_5002843-EA-000,65defcf2-bc15-490e-a84f-1f13b769cd22,PAK'nSAVE Albany,PAK'nSAVE,North Shore,5002843-EA-000,Unsalted Butter,Mainland,500g,9.49,"Cheese, Butter & Yoghurt"
pakn_save_albany_5205004-EA-000,65defcf2-bc15-490e-a84f-1f13b769cd22,PAK'nSAVE Albany,PAK'nSAVE,North Shore,5205004-EA-000,Unsalted Grass Fed New Zealand Butter,Westgold,400g,5.99,"Cheese, Butter & Yoghurt"
pakn_save_albany_5020174-EA-000,65defcf2-bc15-490e-a84f-1f13b769cd22,PAK'nSAVE Albany,PAK'nSAVE,North Shore,5020174-EA-000,Premium New Zealand Unsalted Butter,Lewis Road Creamery,250g,7.97,"Cheese, Butter & Yoghurt"
pakn_save_albany_5281810-EA-000,65defcf2-bc15-490e-a84f-1f13b769cd22,PAK'nSAVE Albany,PAK'nSAVE,North Shore,5281810-EA-000,Greek Natural Thick 'n Creamy Yoghurt,Fresh 'n Fruity,1kg,6.39,"Cheese, Butter & Yoghurt"
pakn_save_albany_5223553-EA-000,65defcf2-bc15-490e-a84f-1f13b769cd22,PAK'nSAVE Albany,PAK'nSAVE,North Shore,5223553-EA-000,Kalo Natural Greek Yoghurt,Meadow Fresh,800g,7.59,"Cheese, Butter & Yoghurt"
pakn_save_albany_5220024-EA-000,65defcf2-bc15-490e-a84f-1f13b769cd22,PAK'nSAVE Albany,PAK'nSAVE,North Shore,5220024-EA-000,Greek Style Natural Yoghurt,Gopala,750g,4.99,"Cheese, Butter & Yoghurt"
pakn_save_albany_5328756-EA-000,65defcf2-bc15-490e-a84f-1f13b769cd22,PAK'nSAVE Albany,PAK'nSAVE,North Shore,5328756-EA-000,More Than Protein Natural Greek Yoghurt,The Collective,850g,8.49,"Cheese, Butter & Yoghurt"
pakn_save_albany_5212777-EA-000,65defcf2-bc15-490e-a84f-1f13b769cd22,PAK'nSAVE Albany,PAK'nSAVE,North Shore,5212777-EA-000,Protein+ Natural Unsweetened Greek Style Yoghurt,Anchor,950g,8.79,"Cheese, Butter & Yoghurt"
pakn_save_albany_5005219-EA-000,65defcf2-bc15-490e-a84f-1f13b769cd22,PAK'nSAVE Albany,PAK'nSAVE,North Shore,5005219-EA-000,All Natural Plain Unsweetened Yoghurt,De Winkel,1kg,5.49,"Cheese, Butter & Yoghurt"
pakn_save_albany_5274474-EA-000,65defcf2-bc15-490e-a84f-1f13b769cd22,PAK'nSAVE Albany,PAK'nSAVE,North Shore,5274474-EA-000,All Natural Plain Unsweetened Yoghurt,De Winkel,4 x 125g,5.79,"Cheese, Butter & Yoghurt"
pakn_save_albany_5112185-EA-000,65defcf2-bc15-490e-a84f-1f13b769cd22,PAK'nSAVE Albany,PAK'nSAVE,North Shore,5112185-EA-000,Frozen Biofeel Plain Probiotic Yogurt Drink,Biofeel,5 x 63ml,2.79,"Cheese, Butter & Yoghurt"
pakn_save_albany_5040641-EA-000,65defcf2-bc15-490e-a84f-1f13b769cd22,PAK'nSAVE Albany,PAK'nSAVE,North Shore,5040641-EA-000,Fresh Cream,Pams,500ml,4.76,"Cheese, Butter & Yoghurt"
pakn_save_albany_5028852-EA-000,65defcf2-bc15-490e-a84f-1f13b769cd22,PAK'nSAVE Albany,PAK'nSAVE,North Shore,5028852-EA-000,Fresh Cream,Pams,300ml,3.17,"Cheese, Butter & Yoghurt"
pakn_save_albany_5028855-EA-000,65defcf2-bc15-490e-a84f-1f13b769cd22,PAK'nSAVE Albany,PAK'nSAVE,North Shore,5028855-EA-000,Cream,Pams,1l,9.26,"Cheese, Butter & Yoghurt"
pakn_save_albany_5026102-EA-000,65defcf2-bc15-490e-a84f-1f13b769cd22,PAK'nSAVE Albany,PAK'nSAVE,North Shore,5026102-EA-000,Pure Cream,Anchor,500ml,4.95,"Cheese, Butter & Yoghurt"
pakn_save_albany_5000524-EA-000,65defcf2-bc15-490e-a84f-1f13b769cd22,PAK'nSAVE Albany,PAK'nSAVE,North Shore,5000524-EA-000,Pure Cream,Anchor,2l,18.0,"Cheese, Butter & Yoghurt"
pakn_save_albany_5027140-EA-000,65defcf2-bc15-490e-a84f-1f13b769cd22,PAK'nSAVE Albany,PAK'nSAVE,North Shore,5027140-EA-000,Traditional Sour Cream,Meadow Fresh,250g,2.99,"Cheese, Butter & Yoghurt"
pakn_save_albany_5027137-EA-000,65defcf2-bc15-490e-a84f-1f13b769cd22,PAK'nSAVE Albany,PAK'nSAVE,North Shore,5027137-EA-000,Traditional Sour Cream,Meadow Fresh,125g,2.19,"Cheese, Butter & Yoghurt"
pakn_save_albany_5027139-EA-000,65defcf2-bc15-490e-a84f-1f13b769cd22,PAK'nSAVE Albany,PAK'nSAVE,North Shore,5027139-EA-000,Lite Sour Cream,Meadow Fresh,250g,2.99,"Cheese, Butter & Yoghurt"
pakn_save_albany_5027102-EA-000,65defcf2-bc15-490e-a84f-1f13b769cd22,PAK'nSAVE Albany,PAK'nSAVE,North Shore,5027102-EA-000,Sour Cream,Meadow Fresh,500g,6.89,"Cheese, Butter & Yoghurt"
pakn_save_albany_5253380-EA-000,65defcf2-bc15-490e-a84f-1f13b769cd22,PAK'nSAVE Albany,PAK'nSAVE,North Shore,5253380-EA-000,Sour Cream,Tatua,500g,6.69,"Cheese, Butter & Yoghurt"
pakn_save_albany_5004743-EA-000,65defcf2-bc15-490e-a84f-1f13b769cd22,PAK'nSAVE Albany,PAK'nSAVE,North Shore,5004743-EA-000,Jasmine Rice,Pams,1kg,2.69,"Rice, Pasta & Noodles"
pakn_save_albany_5021496-EA-000,65defcf2-bc15-490e-a84f-1f13b769cd22,PAK'nSAVE Albany,PAK'nSAVE,North Shore,5021496-EA-000,Jasmine Rice,SunRice,1kg,3.54,"Rice, Pasta & Noodles"
pakn_save_albany_5303803-EA-000,65defcf2-bc15-490e-a84f-1f13b769cd22,PAK'nSAVE Albany,PAK'nSAVE,North Shore,5303803-EA-000,Thai Jasmine Rice,Fortune,5kg,14.69,"Rice, Pasta & Noodles"
pakn_save_albany_5002638-EA-000,65defcf2-bc15-490e-a84f-1f13b769cd22,PAK'nSAVE Albany,PAK'nSAVE,North Shore,5002638-EA-000,Fragrant Jasmine Aromatic Long Grain Rice,King's Choice,1kg,3.49,"Rice, Pasta & Noodles"
pakn_save_albany_5303222-EA-000,65defcf2-bc15-490e-a84f-1f13b769cd22,PAK'nSAVE Albany,PAK'nSAVE,North Shore,5303222-EA-000,Thai Jasmine Rice,Fortune,1kg,3.49,"Rice, Pasta & Noodles"
pakn_save_albany_5005241-EA-000,65defcf2-bc15-490e-a84f-1f13b769cd22,PAK'nSAVE Albany,PAK'nSAVE,North Shore,5005241-EA-000,Basmati Rice,Pams,1kg,3.19,"Rice, Pasta & Noodles"
pakn_save_albany_5002637-EA-000,65defcf2-bc15-490e-a84f-1f13b769cd22,PAK'nSAVE Albany,PAK'nSAVE,North Shore,5002637-EA-000,Highland Basmati Aromatic Long Grain Rice,King's Choice,1kg,3.69,"Rice, Pasta & Noodles"
pakn_save_albany_5303221-EA-000,65defcf2-bc15-490e-a84f-1f13b769cd22,PAK'nSAVE Albany,PAK'nSAVE,North Shore,5303221-EA-000,Aromatic Basmati Rice,Fortune,1kg,3.69,"Rice, Pasta & Noodles"
pakn_save_albany_5002292-EA-000,65defcf2-bc15-490e-a84f-1f13b769cd22,PAK'nSAVE Albany,PAK'nSAVE,North Shore,5002292-EA-000,Basmati Rice,SunRice,1kg,3.49,"Rice, Pasta & Noodles"
pakn_save_albany_5315537-EA-000,65defcf2-bc15-490e-a84f-1f13b769cd22,PAK'nSAVE Albany,PAK'nSAVE,North Shore,5315537-EA-000,Basmati Steamed Rice,Pams,250g,2.59,"Rice, Pasta & Noodles"
pakn_save_albany_5002082-EA-000,65defcf2-bc15-490e-a84f-1f13b769cd22,PAK'nSAVE Albany,PAK'nSAVE,North Shore,5002082-EA-000,Spaghetti In Tomato Sauce,Wattie's,420g,1.89,"Rice, Pasta & Noodles"
pakn_save_albany_5319769-EA-000,65defcf2-bc15-490e-a84f-1f13b769cd22,PAK'nSAVE Albany,PAK'nSAVE,North Shore,5319769-EA-000,Spaghetti,Pasta Maria,400g,1.29,"Rice, Pasta & Noodles"
pakn_save_albany_5002634-EA-000,65defcf2-bc15-490e-a84f-1f13b769cd22,PAK'nSAVE Albany,PAK'nSAVE,North Shore,5002634-EA-000,Spaghetti Pasta,Diamond,500g,2.29,"Rice, Pasta & Noodles"
pakn_save_albany_5025406-EA-000,65defcf2-bc15-490e-a84f-1f13b769cd22,PAK'nSAVE Albany,PAK'nSAVE,North Shore,5025406-EA-000,Spaghetti In Tomato Sauce,Wattie's,3 x 420g,6.29,"Rice, Pasta & Noodles"
pakn_save_albany_5002077-EA-000,65defcf2-bc15-490e-a84f-1f13b769cd22,PAK'nSAVE Albany,PAK'nSAVE,North Shore,5002077-EA-000,Spaghetti In Tomato Sauce,Oak,420g,1.79,"Rice, Pasta & Noodles"
pakn_save_albany_5319766-EA-000,65defcf2-bc15-490e-a84f-1f13b769cd22,PAK'nSAVE Albany,PAK'nSAVE,North Shore,5319766-EA-000,Penne Pasta,Pasta Maria,400g,1.29,"Rice, Pasta & Noodles"
pakn_save_albany_5002515-EA-000,65defcf2-bc15-490e-a84f-1f13b769cd22,PAK'nSAVE Albany,PAK'nSAVE,North Shore,5002515-EA-000,Penne Pasta,Diamond,500g,2.29,"Rice, Pasta & Noodles"
pakn_save_albany_5002631-EA-000,65defcf2-bc15-490e-a84f-1f13b769cd22,PAK'nSAVE Albany,PAK'nSAVE,North Shore,5002631-EA-000,Penne No 18 Pasta,San Remo,500g,2.79,"Rice, Pasta & Noodles"
pakn_save_albany_5038062-EA-000,65defcf2-bc15-490e-a84f-1f13b769cd22,PAK'nSAVE Albany,PAK'nSAVE,North Shore,5038062-EA-000,Wholemeal Penne Pasta,Diamond,500g,2.29,"Rice, Pasta & Noodles"
pakn_save_albany_5218360-EA-000,65defcf2-bc15-490e-a84f-1f13b769cd22,PAK'nSAVE Albany,PAK'nSAVE,North Shore,5218360-EA-000,Gluten Free Penne,Diamond,250g,4.49,"Rice, Pasta & Noodles"
pakn_save_albany_5012937-EA-000,65defcf2-bc15-490e-a84f-1f13b769cd22,PAK'nSAVE Albany,PAK'nSAVE,North Shore,5012937-EA-000,Round Cut Egg Noodles,High Mark,280g,2.69,"Rice, Pasta & Noodles"
pakn_save_albany_5010232-EA-000,65defcf2-bc15-490e-a84f-1f13b769cd22,PAK'nSAVE Albany,PAK'nSAVE,North Shore,5010232-EA-000,Ribbon Cut Egg Noodles,High Mark,280g,2.69,"Rice, Pasta & Noodles"
pakn_save_albany_5011508-EA-000,65defcf2-bc15-490e-a84f-1f13b769cd22,PAK'nSAVE Albany,PAK'nSAVE,North Shore,5011508-EA-000,Fine Cut Egg Noodles,High Mark,280g,2.69,"Rice, Pasta & Noodles"
pakn_save_albany_5027775-EA-000,65defcf2-bc15-490e-a84f-1f13b769cd22,PAK'nSAVE Albany,PAK'nSAVE,North Shore,5027775-EA-000,Thin Egg Style Noodles,Trident,2 x 200g,3.39,"Rice, Pasta & Noodles"
pakn_save_albany_5019201-EA-000,65defcf2-bc15-490e-a84f-1f13b769cd22,PAK'nSAVE Albany,PAK'nSAVE,North Shore,5019201-EA-000,Hokkien Noodles Twin Pack,Pams,2 x 200g,2.8,"Rice, Pasta & Noodles"
pakn_save_albany_5206566-EA-000,65defcf2-bc15-490e-a84f-1f13b769cd22,PAK'nSAVE Albany,PAK'nSAVE,North Shore,5206566-EA-000,Chicken Instant Noodles,Yum Yum,5 x 60g,2.79,"Rice, Pasta & Noodles"
pakn_save_albany_5029917-EA-000,65defcf2-bc15-490e-a84f-1f13b769cd22,PAK'nSAVE Albany,PAK'nSAVE,North Shore,5029917-EA-000,Mi Goreng BBQ Chicken Instant Noodles,Indomie,5 x 85g,3.99,"Rice, Pasta & Noodles"
pakn_save_albany_5006409-EA-000,65defcf2-bc15-490e-a84f-1f13b769cd22,PAK'nSAVE Albany,PAK'nSAVE,North Shore,5006409-EA-000,Mi Goreng Instant Noodles,Indomie,5pk,4.89,"Rice, Pasta & Noodles"
pakn_save_albany_5010982-EA-000,65defcf2-bc15-490e-a84f-1f13b769cd22,PAK'nSAVE Albany,PAK'nSAVE,North Shore,5010982-EA-000,Mi Goreng Instant Noodles,Mi Sedaap,5 x 90g,4.29,"Rice, Pasta & Noodles"
pakn_save_albany_5009982-EA-000,65defcf2-bc15-490e-a84f-1f13b769cd22,PAK'nSAVE Albany,PAK'nSAVE,North Shore,5009982-EA-000,Chicken Instant Noodle Cup,Fantastic,70g,1.89,"Rice, Pasta & Noodles"
pakn_save_albany_5343765-EA-000,65defcf2-bc15-490e-a84f-1f13b769cd22,PAK'nSAVE Albany,PAK'nSAVE,North Shore,5343765-EA-000,Rolled Oats,Pams,1.5kg,4.49,"Breakfast Cereals, Oats & Spreads"
pakn_save_albany_5343766-EA-000,65defcf2-bc15-490e-a84f-1f13b769cd22,PAK'nSAVE Albany,PAK'nSAVE,North Shore,5343766-EA-000,Rolled Oats,Pams,750g,2.29,"Breakfast Cereals, Oats & Spreads"
pakn_save_albany_5011855-EA-000,65defcf2-bc15-490e-a84f-1f13b769cd22,PAK'nSAVE Albany,PAK'nSAVE,North Shore,5011855-EA-000,Rolled Oats,Harraways,1.5kg,6.99,"Breakfast Cereals, Oats & Spreads"
pakn_save_albany_5016454-EA-000,65defcf2-bc15-490e-a84f-1f13b769cd22,PAK'nSAVE Albany,PAK'nSAVE,North Shore,5016454-EA-000,Wholegrain Oats,Pams,1kg,3.69,"Bread, Wraps & Bakery"
pakn_save_albany_5011507-EA-000,65defcf2-bc15-490e-a84f-1f13b769cd22,PAK'nSAVE Albany,PAK'nSAVE,North Shore,5011507-EA-000,Rolled Oats,Harraways,800g,5.19,"Breakfast Cereals, Oats & Spreads"
pakn_save_albany_5302626-EA-000,65defcf2-bc15-490e-a84f-1f13b769cd22,PAK'nSAVE Albany,PAK'nSAVE,North Shore,5302626-EA-000,Cocoa Puffs Breakfast Cereal,Pams,500g,3.69,"Breakfast Cereals, Oats & Spreads"
pakn_save_albany_5014712-EA-000,65defcf2-bc15-490e-a84f-1f13b769cd22,PAK'nSAVE Albany,PAK'nSAVE,North Shore,5014712-EA-000,Wild Berry Bites Breakfast Cereal,Sanitarium Weet-Bix,500g,6.49,"Breakfast Cereals, Oats & Spreads"
pakn_save_albany_5002800-EA-000,65defcf2-bc15-490e-a84f-1f13b769cd22,PAK'nSAVE Albany,PAK'nSAVE,North Shore,5002800-EA-000,Breakfast Cereal,Sanitarium Weet-Bix,750g,6.19,"Breakfast Cereals, Oats & Spreads"
pakn_save_albany_5003723-EA-000,65defcf2-bc15-490e-a84f-1f13b769cd22,PAK'nSAVE Albany,PAK'nSAVE,North Shore,5003723-EA-000,Cornflakes,Pams,500g,4.09,"Breakfast Cereals, Oats & Spreads"
pakn_save_albany_5299989-EA-000,65defcf2-bc15-490e-a84f-1f13b769cd22,PAK'nSAVE Albany,PAK'nSAVE,North Shore,5299989-EA-000,Nutri-Grain Breakfast Cereal,Kellogg's,470g,8.99,"Breakfast Cereals, Oats & Spreads"
pakn_save_albany_5035008-EA-000,65defcf2-bc15-490e-a84f-1f13b769cd22,PAK'nSAVE Albany,PAK'nSAVE,North Shore,5035008-EA-000,Breakfast Cereal,Sanitarium Weet-Bix,1.2kg,6.49,"Breakfast Cereals, Oats & Spreads"
pakn_save_albany_5002799-EA-000,65defcf2-bc15-490e-a84f-1f13b769cd22,PAK'nSAVE Albany,PAK'nSAVE,North Shore,5002799-EA-000,Breakfast Cereal,Sanitarium Weet-Bix,375g,4.49,"Breakfast Cereals, Oats & Spreads"
pakn_save_albany_5326165-EA-000,65defcf2-bc15-490e-a84f-1f13b769cd22,PAK'nSAVE Albany,PAK'nSAVE,North Shore,5326165-EA-000,Bites Coco Crunch Breakfast Cereal,Sanitarium Weet-Bix,500g,6.49,"Breakfast Cereals, Oats & Spreads"
pakn_save_albany_5026067-EA-000,65defcf2-bc15-490e-a84f-1f13b769cd22,PAK'nSAVE Albany,PAK'nSAVE,North Shore,5026067-EA-000,White Toast Bread,Nature's Fresh,700g,3.82,"Bread, Wraps & Bakery"
pakn_save_albany_5009506-EA-000,65defcf2-bc15-490e-a84f-1f13b769cd22,PAK'nSAVE Albany,PAK'nSAVE,North Shore,5009506-EA-000,Supersoft White Toast Bread,Tip Top,700g,3.89,"Bread, Wraps & Bakery"
pakn_save_albany_5026013-EA-000,65defcf2-bc15-490e-a84f-1f13b769cd22,PAK'nSAVE Albany,PAK'nSAVE,North Shore,5026013-EA-000,White Super Thick Toast Bread,Nature's Fresh,700g,3.82,"Bread, Wraps & Bakery"
pakn_save_albany_5092911-EA-000,65defcf2-bc15-490e-a84f-1f13b769cd22,PAK'nSAVE Albany,PAK'nSAVE,North Shore,5092911-EA-000,White Toast Fresh Sliced Bread,Pams Value,600g,2.02,"Bread, Wraps & Bakery"
pakn_save_albany_5275323-EA-000,65defcf2-bc15-490e-a84f-1f13b769cd22,PAK'nSAVE Albany,PAK'nSAVE,North Shore,5275323-EA-000,Supersoft High Fibre White Toast Bread,Tip Top,700g,3.89,"Bread, Wraps & Bakery"
pakn_save_albany_5338629-EA-000,65defcf2-bc15-490e-a84f-1f13b769cd22,PAK'nSAVE Albany,PAK'nSAVE,North Shore,5338629-EA-000,Glorious Grains Original Wholegrain Bread,Ploughmans Bakery,700g,3.99,"Bread, Wraps & Bakery"
pakn_save_albany_5018055-EA-000,65defcf2-bc15-490e-a84f-1f13b769cd22,PAK'nSAVE Albany,PAK'nSAVE,North Shore,5018055-EA-000,Wholegrain Tortillas,Pams,6pk,2.49,"Bread, Wraps & Bakery"
pakn_save_albany_5341016-EA-000,65defcf2-bc15-490e-a84f-1f13b769cd22,PAK'nSAVE Albany,PAK'nSAVE,North Shore,5341016-EA-000,Wholegrain Soft Wraps,Rebel Bakehouse,6 x 63g,5.39,"Bread, Wraps & Bakery"
pakn_save_albany_5238867-EA-000,65defcf2-bc15-490e-a84f-1f13b769cd22,PAK'nSAVE Albany,PAK'nSAVE,North Shore,5238867-EA-000,Whole Grain Rye Bread,Haverland,500g,6.59,"Bread, Wraps & Bakery"
pakn_save_albany_5350985-EA-000,65defcf2-bc15-490e-a84f-1f13b769cd22,PAK'nSAVE Albany,PAK'nSAVE,North Shore,5350985-EA-000,Supersoft Gluten Free Smooth Wholegrain Bread,Tip Top,550g,7.59,"Bread, Wraps & Bakery"
pakn_save_albany_5308179-EA-000,65defcf2-bc15-490e-a84f-1f13b769cd22,PAK'nSAVE Albany,PAK'nSAVE,North Shore,5308179-EA-000,Low Carb Tortillas,Farrah's,10pk,4.49,"Bread, Wraps & Bakery"
pakn_save_albany_5269394-EA-000,65defcf2-bc15-490e-a84f-1f13b769cd22,PAK'nSAVE Albany,PAK'nSAVE,North Shore,5269394-EA-000,White Wraps,Pams,8pk,3.49,"Bread, Wraps & Bakery"
pakn_save_albany_5016678-EA-000,65defcf2-bc15-490e-a84f-1f13b769cd22,PAK'nSAVE Albany,PAK'nSAVE,North Shore,5016678-EA-000,Wraps Premium White,Farrah's,6pk,4.79,"Bread, Wraps & Bakery"
pakn_save_albany_5016682-EA-000,65defcf2-bc15-490e-a84f-1f13b769cd22,PAK'nSAVE Albany,PAK'nSAVE,North Shore,5016682-EA-000,Wraps Wholemeal,Farrah's,6pk,4.79,"Bread, Wraps & Bakery"
pakn_save_albany_5006275-EA-000,65defcf2-bc15-490e-a84f-1f13b769cd22,PAK'nSAVE Albany,PAK'nSAVE,North Shore,5006275-EA-000,White Round Pita Bread,Pams,8 x 43.8g,3.59,"Bread, Wraps & Bakery"
pakn_save_albany_5229326-EA-000,65defcf2-bc15-490e-a84f-1f13b769cd22,PAK'nSAVE Albany,PAK'nSAVE,North Shore,5229326-EA-000,Round Wholemeal Pita,Pams,8pk,3.59,"Bread, Wraps & Bakery"
pakn_save_albany_5028784-EA-000,65defcf2-bc15-490e-a84f-1f13b769cd22,PAK'nSAVE Albany,PAK'nSAVE,North Shore,5028784-EA-000,Wholemeal Pita Breads,Giannis,8pk,4.09,"Bread, Wraps & Bakery"
pakn_save_albany_5008178-EA-000,65defcf2-bc15-490e-a84f-1f13b769cd22,PAK'nSAVE Albany,PAK'nSAVE,North Shore,5008178-EA-000,Original Pita Bread,Danny's,5pk,5.49,"Bread, Wraps & Bakery"
pakn_save_albany_5025975-EA-000,65defcf2-bc15-490e-a84f-1f13b769cd22,PAK'nSAVE Albany,PAK'nSAVE,North Shore,5025975-EA-000,Classic White Pita Breads,Giannis,8pk,4.09,"Bread, Wraps & Bakery"
pakn_save_albany_5323568-EA-000,65defcf2-bc15-490e-a84f-1f13b769cd22,PAK'nSAVE Albany,PAK'nSAVE,North Shore,5323568-EA-000,King Size Burger Buns,Pams,8pk,4.94,"Bread, Wraps & Bakery"
pakn_save_albany_5122400-EA-000,65defcf2-bc15-490e-a84f-1f13b769cd22,PAK'nSAVE Albany,PAK'nSAVE,North Shore,5122400-EA-000,Plain Round Rolls,,12pk,4.29,"Bread, Wraps & Bakery"
pakn_save_albany_5009507-EA-000,65defcf2-bc15-490e-a84f-1f13b769cd22,PAK'nSAVE Albany,PAK'nSAVE,North Shore,5009507-EA-000,Supersoft Burger Buns,Tip Top,6pk,4.39,"Bread, Wraps & Bakery"
pakn_save_albany_5323567-EA-000,65defcf2-bc15-490e-a84f-1f13b769cd22,PAK'nSAVE Albany,PAK'nSAVE,North Shore,5323567-EA-000,Brioche Style Burger Buns,Pams,6pk,5.32,"Bread, Wraps & Bakery"
pakn_save_albany_5106662-EA-000,65defcf2-bc15-490e-a84f-1f13b769cd22,PAK'nSAVE Albany,PAK'nSAVE,North Shore,5106662-EA-000,Hamburger Buns,,6pk,3.99,"Bread, Wraps & Bakery"
pakn_save_albany_5003829-EA-000,65defcf2-bc15-490e-a84f-1f13b769cd22,PAK'nSAVE Albany,PAK'nSAVE,North Shore,5003829-EA-000,Pure Plain Flour,Pams,1.5kg,1.49,"Flour, Sugar & Baking"
pakn_save_albany_5003830-EA-000,65defcf2-bc15-490e-a84f-1f13b769cd22,PAK'nSAVE Albany,PAK'nSAVE,North Shore,5003830-EA-000,Pure Plain Flour,Pams,5kg,6.49,"Flour, Sugar & Baking"
pakn_save_albany_5327096-EA-000,65defcf2-bc15-490e-a84f-1f13b769cd22,PAK'nSAVE Albany,PAK'nSAVE,North Shore,5327096-EA-000,Gluten Free Plain Flour,Pams,750g,5.09,"Flour, Sugar & Baking"
pakn_save_albany_5027521-EA-000,65defcf2-bc15-490e-a84f-1f13b769cd22,PAK'nSAVE Albany,PAK'nSAVE,North Shore,5027521-EA-000,Gluten Free Plain Flour,Edmonds,750g,5.99,"Flour, Sugar & Baking"
pakn_save_albany_5003844-EA-000,65defcf2-bc15-490e-a84f-1f13b769cd22,PAK'nSAVE Albany,PAK'nSAVE,North Shore,5003844-EA-000,Self Raising Flour,Pams,1.5kg,2.55,"Flour, Sugar & Baking"
pakn_save_albany_5286792-EA-000,65defcf2-bc15-490e-a84f-1f13b769cd22,PAK'nSAVE Albany,PAK'nSAVE,North Shore,5286792-EA-000,Self Raising Flour,Edmonds,1.5kg,3.69,"Flour, Sugar & Baking"
pakn_save_albany_5027519-EA-000,65defcf2-bc15-490e-a84f-1f13b769cd22,PAK'nSAVE Albany,PAK'nSAVE,North Shore,5027519-EA-000,Gluten Free Self Raising Flour,Edmonds,750g,5.99,"Flour, Sugar & Baking"
pakn_save_albany_5327097-EA-000,65defcf2-bc15-490e-a84f-1f13b769cd22,PAK'nSAVE Albany,PAK'nSAVE,North Shore,5327097-EA-000,Gluten Free Self Raising Flour,Pams,750g,5.09,"Flour, Sugar & Baking"
pakn_save_albany_5003885-EA-000,65defcf2-bc15-490e-a84f-1f13b769cd22,PAK'nSAVE Albany,PAK'nSAVE,North Shore,5003885-EA-000,White Sugar,Pams,1.5kg,2.49,"Flour, Sugar & Baking"
pakn_save_albany_5002760-EA-000,65defcf2-bc15-490e-a84f-1f13b769cd22,PAK'nSAVE Albany,PAK'nSAVE,North Shore,5002760-EA-000,White Sugar,Chelsea,1.5kg,2.99,"Flour, Sugar & Baking"
pakn_save_albany_5020337-EA-000,65defcf2-bc15-490e-a84f-1f13b769cd22,PAK'nSAVE Albany,PAK'nSAVE,North Shore,5020337-EA-000,White Sugar,Pams,500g,2.19,"Flour, Sugar & Baking"
pakn_save_albany_5004782-EA-000,65defcf2-bc15-490e-a84f-1f13b769cd22,PAK'nSAVE Albany,PAK'nSAVE,North Shore,5004782-EA-000,White Sugar,Pams,3kg,6.19,"Flour, Sugar & Baking"
pakn_save_lincoln_road_5045856-KGM-000,92086ded-a55d-4241-a364-7d7ea91531b4,PAK'nSAVE Lincoln Road,PAK'nSAVE,West Auckland,5045856-KGM-000,Brown Onions,,kg,2.49,Fresh Vegetables
pakn_save_lincoln_road_5264168-EA-000,92086ded-a55d-4241-a364-7d7ea91531b4,PAK'nSAVE Lincoln Road,PAK'nSAVE,West Auckland,5264168-EA-000,Brown Onions,Value,2kg,4.99,Fresh Vegetables
pakn_save_lincoln_road_5223140-KGM-000,92086ded-a55d-4241-a364-7d7ea91531b4,PAK'nSAVE Lincoln Road,PAK'nSAVE,West Auckland,5223140-KGM-000,Peeled Red Onions,,kg,5.79,Fresh Vegetables
pakn_save_lincoln_road_5264183-EA-000,92086ded-a55d-4241-a364-7d7ea91531b4,PAK'nSAVE Lincoln Road,PAK'nSAVE,West Auckland,5264183-EA-000,Red Onions,Pams,1kg,2.79,Fresh Vegetables
pakn_save_lincoln_road_5040009-EA-000,92086ded-a55d-4241-a364-7d7ea91531b4,PAK'nSAVE Lincoln Road,PAK'nSAVE,West Auckland,5040009-EA-000,Spring Onions,,ea,2.29,Fresh Vegetables
pakn_save_lincoln_road_5045849-KGM-000,92086ded-a55d-4241-a364-7d7ea91531b4,PAK'nSAVE Lincoln Road,PAK'nSAVE,West Auckland,5045849-KGM-000,White Washed Potatoes,,kg,3.89,Fresh Vegetables
pakn_save_lincoln_road_5264180-EA-000,92086ded-a55d-4241-a364-7d7ea91531b4,PAK'nSAVE Lincoln Road,PAK'nSAVE,West Auckland,5264180-EA-000,Brushed Agria Potatoes,Pams,3kg,10.89,Fresh Vegetables
pakn_save_lincoln_road_5045841-KGM-000,92086ded-a55d-4241-a364-7d7ea91531b4,PAK'nSAVE Lincoln Road,PAK'nSAVE,West Auckland,5045841-KGM-000,Yellow Agria Potatoes,,kg,3.89,Fresh Vegetables
pakn_save_lincoln_road_5264171-EA-000,92086ded-a55d-4241-a364-7d7ea91531b4,PAK'nSAVE Lincoln Road,PAK'nSAVE,West Auckland,5264171-EA-000,Washed White Potatoes,Pams,2.5kg,6.99,Fresh Vegetables
pakn_save_lincoln_road_5264170-EA-000,92086ded-a55d-4241-a364-7d7ea91531b4,PAK'nSAVE Lincoln Road,PAK'nSAVE,West Auckland,5264170-EA-000,Washed White Potatoes,Pams,4kg,12.99,Fresh Vegetables
pakn_save_lincoln_road_5046145-EA-000,92086ded-a55d-4241-a364-7d7ea91531b4,PAK'nSAVE Lincoln Road,PAK'nSAVE,West Auckland,5046145-EA-000,Garlic,,7pk,2.49,Fresh Vegetables
pakn_save_lincoln_road_5008899-EA-000,92086ded-a55d-4241-a364-7d7ea91531b4,PAK'nSAVE Lincoln Road,PAK'nSAVE,West Auckland,5008899-EA-000,Crushed Garlic,Pams,230g,2.29,Fresh Vegetables
pakn_save_lincoln_road_5046565-KGM-000,92086ded-a55d-4241-a364-7d7ea91531b4,PAK'nSAVE Lincoln Road,PAK'nSAVE,West Auckland,5046565-KGM-000,Loose Garlic,,kg,10.99,Fresh Vegetables
pakn_save_lincoln_road_5241730-EA-000,92086ded-a55d-4241-a364-7d7ea91531b4,PAK'nSAVE Lincoln Road,PAK'nSAVE,West Auckland,5241730-EA-000,Naturals Eco Garlic Powder,Mrs Rogers,40g,1.79,Fresh Vegetables
pakn_save_lincoln_road_5046212-EA-000,92086ded-a55d-4241-a364-7d7ea91531b4,PAK'nSAVE Lincoln Road,PAK'nSAVE,West Auckland,5046212-EA-000,Crushed Garlic,Healthy n Fresh,380g,4.79,Fresh Vegetables
pakn_save_lincoln_road_5039965-KGM-000,92086ded-a55d-4241-a364-7d7ea91531b4,PAK'nSAVE Lincoln Road,PAK'nSAVE,West Auckland,5039965-KGM-000,Carrots,,kg,1.99,Fresh Vegetables
pakn_save_lincoln_road_5264169-EA-000,92086ded-a55d-4241-a364-7d7ea91531b4,PAK'nSAVE Lincoln Road,PAK'nSAVE,West Auckland,5264169-EA-000,Fresh Carrots,Value,2kg,5.39,Fresh Vegetables
pakn_save_lincoln_road_5245226-EA-000,92086ded-a55d-4241-a364-7d7ea91531b4,PAK'nSAVE Lincoln Road,PAK'nSAVE,West Auckland,5245226-EA-000,Beta Bites Snacking Carrots,Wilcox,250g,3.79,Fresh Vegetables
pakn_save_lincoln_road_5241265-EA-000,92086ded-a55d-4241-a364-7d7ea91531b4,PAK'nSAVE Lincoln Road,PAK'nSAVE,West Auckland,5241265-EA-000,Carrot Batons,Pams,300g,2.99,Fresh Vegetables
pakn_save_lincoln_road_5241267-EA-000,92086ded-a55d-4241-a364-7d7ea91531b4,PAK'nSAVE Lincoln Road,PAK'nSAVE,West Auckland,5241267-EA-000,Shredded Carrots,Pams,300g,2.99,Fresh Vegetables
pakn_save_lincoln_road_5039956-EA-000,92086ded-a55d-4241-a364-7d7ea91531b4,PAK'nSAVE Lincoln Road,PAK'nSAVE,West Auckland,5039956-EA-000,Broccoli,,ea,2.29,Fresh Vegetables
pakn_save_lincoln_road_5039966-EA-000,92086ded-a55d-4241-a364-7d7ea91531b4,PAK'nSAVE Lincoln Road,PAK'nSAVE,West Auckland,5039966-EA-000,Cauliflower,,ea,2.99,Fresh Vegetables
pakn_save_lincoln_road_5294382-EA-000,92086ded-a55d-4241-a364-7d7ea91531b4,PAK'nSAVE Lincoln Road,PAK'nSAVE,West Auckland,5294382-EA-000,Frozen Whole Florets Broccoli,SB,1kg,5.54,Frozen Foods
pakn_save_lincoln_road_5046517-EA-000,92086ded-a55d-4241-a364-7d7ea91531b4,PAK'nSAVE Lincoln Road,PAK'nSAVE,West Auckland,5046517-EA-000,Green Cabbage Half,,ea,2.69,Fresh Vegetables
pakn_save_lincoln_road_5012239-EA-000,92086ded-a55d-4241-a364-7d7ea91531b4,PAK'nSAVE Lincoln Road,PAK'nSAVE,West Auckland,5012239-EA-000,Broccoli & Cauliflower Medley,Wattie's,650g,5.19,Fresh Vegetables
pakn_save_lincoln_road_5040098-KGM-000,92086ded-a55d-4241-a364-7d7ea91531b4,PAK'nSAVE Lincoln Road,PAK'nSAVE,West Auckland,5040098-KGM-000,Loose Red Tomatoes,,kg,9.49,Fresh Vegetables
pakn_save_lincoln_road_5028889-EA-000,92086ded-a55d-4241-a364-7d7ea91531b4,PAK'nSAVE Lincoln Road,PAK'nSAVE,West Auckland,5028889-EA-000,Telegraph Cucumber,,ea,3.79,Fresh Vegetables
pakn_save_lincoln_road_5092718-EA-000,92086ded-a55d-4241-a364-7d7ea91531b4,PAK'nSAVE Lincoln Road,PAK'nSAVE,West Auckland,5092718-EA-000,Chopped Tomatoes in Juice,Pams Value,400g,0.89,Canned Goods
pakn_save_lincoln_road_5345926-EA-000,92086ded-a55d-4241-a364-7d7ea91531b4,PAK'nSAVE Lincoln Road,PAK'nSAVE,West Auckland,5345926-EA-000,Cherry Tomatoes,Pams,180g,5.99,Fresh Vegetables
pakn_save_lincoln_road_5005953-EA-000,92086ded-a55d-4241-a364-7d7ea91531b4,PAK'nSAVE Lincoln Road,PAK'nSAVE,West Auckland,5005953-EA-000,Diced Tomatoes In Juice With Garlic And Oregano,Pams,400g,1.29,Canned Goods
pakn_save_lincoln_road_5040464-EA-000,92086ded-a55d-4241-a364-7d7ea91531b4,PAK'nSAVE Lincoln Road,PAK'nSAVE,West Auckland,5040464-EA-000,Baby Spinach,Pams,120g,2.89,Fresh Vegetables
pakn_save_lincoln_road_5331778-EA-000,92086ded-a55d-4241-a364-7d7ea91531b4,PAK'nSAVE Lincoln Road,PAK'nSAVE,West Auckland,5331778-EA-000,Baby Spinach,Pams,300g,5.49,Fresh Vegetables
pakn_save_lincoln_road_5089918-EA-000,92086ded-a55d-4241-a364-7d7ea91531b4,PAK'nSAVE Lincoln Road,PAK'nSAVE,West Auckland,5089918-EA-000,Frozen Blanched Spinach,SB,1kg,5.54,Frozen Foods
pakn_save_lincoln_road_5040743-EA-000,92086ded-a55d-4241-a364-7d7ea91531b4,PAK'nSAVE Lincoln Road,PAK'nSAVE,West Auckland,5040743-EA-000,Spinach,Pams,ea,5.29,Fresh Vegetables
pakn_save_lincoln_road_5046562-EA-000,92086ded-a55d-4241-a364-7d7ea91531b4,PAK'nSAVE Lincoln Road,PAK'nSAVE,West Auckland,5046562-EA-000,NZ Celery,,ea,2.0,Fresh Vegetables
pakn_save_lincoln_road_5039990-EA-000,92086ded-a55d-4241-a364-7d7ea91531b4,PAK'nSAVE Lincoln Road,PAK'nSAVE,West Auckland,5039990-EA-000,Bagged Iceberg Lettuce,,ea,2.99,Fresh Vegetables
pakn_save_lincoln_road_5046440-EA-000,92086ded-a55d-4241-a364-7d7ea91531b4,PAK'nSAVE Lincoln Road,PAK'nSAVE,West Auckland,5046440-EA-000,Fresh Cut Lettuce,,ea,2.79,Fresh Vegetables
pakn_save_lincoln_road_5040462-EA-000,92086ded-a55d-4241-a364-7d7ea91531b4,PAK'nSAVE Lincoln Road,PAK'nSAVE,West Auckland,5040462-EA-000,Baby Leaf Lettuce,Pams,100g,3.89,Fresh Vegetables
pakn_save_lincoln_road_5047010-EA-000,92086ded-a55d-4241-a364-7d7ea91531b4,PAK'nSAVE Lincoln Road,PAK'nSAVE,West Auckland,5047010-EA-000,Fancy Green Lettuce,,ea,2.99,Fresh Vegetables
pakn_save_lincoln_road_5040461-EA-000,92086ded-a55d-4241-a364-7d7ea91531b4,PAK'nSAVE Lincoln Road,PAK'nSAVE,West Auckland,5040461-EA-000,Baby Cos Lettuce,Pams Fresh,120g,3.89,Fresh Vegetables
pakn_save_lincoln_road_5046505-EA-000,92086ded-a55d-4241-a364-7d7ea91531b4,PAK'nSAVE Lincoln Road,PAK'nSAVE,West Auckland,5046505-EA-000,Green Capsicum,,ea,3.49,Fresh Vegetables
pakn_save_lincoln_road_5101616-EA-000,92086ded-a55d-4241-a364-7d7ea91531b4,PAK'nSAVE Lincoln Road,PAK'nSAVE,West Auckland,5101616-EA-000,Cucumber & Aloe Baby Wipes,Huggies,80pk,2.99,Fresh Vegetables
pakn_save_lincoln_road_5046533-KGM-000,92086ded-a55d-4241-a364-7d7ea91531b4,PAK'nSAVE Lincoln Road,PAK'nSAVE,West Auckland,5046533-KGM-000,White Button Mushrooms,,kg,9.99,Fresh Vegetables
pakn_save_lincoln_road_5326590-EA-000,92086ded-a55d-4241-a364-7d7ea91531b4,PAK'nSAVE Lincoln Road,PAK'nSAVE,West Auckland,5326590-EA-000,White Button Mushrooms,Pams,400g,5.99,Fresh Vegetables
pakn_save_lincoln_road_5294812-EA-000,92086ded-a55d-4241-a364-7d7ea91531b4,PAK'nSAVE Lincoln Road,PAK'nSAVE,West Auckland,5294812-EA-000,White Button Mushrooms,Meadow Mushrooms,200g,4.29,Fresh Vegetables
pakn_save_lincoln_road_5040006-KGM-000,92086ded-a55d-4241-a364-7d7ea91531b4,PAK'nSAVE Lincoln Road,PAK'nSAVE,West Auckland,5040006-KGM-000,Portabello Flat Mushrooms,,kg,14.99,Fresh Vegetables
pakn_save_lincoln_road_5009709-EA-000,92086ded-a55d-4241-a364-7d7ea91531b4,PAK'nSAVE Lincoln Road,PAK'nSAVE,West Auckland,5009709-EA-000,Creamy Mushroom Soup Mix Sachet,Maggi,37g,1.39,Fresh Vegetables
pakn_save_lincoln_road_5234620-EA-000,92086ded-a55d-4241-a364-7d7ea91531b4,PAK'nSAVE Lincoln Road,PAK'nSAVE,West Auckland,5234620-EA-000,Mixed Peppers,Fruzio,1kg,6.79,Fresh Vegetables
pakn_save_lincoln_road_5025801-EA-000,92086ded-a55d-4241-a364-7d7ea91531b4,PAK'nSAVE Lincoln Road,PAK'nSAVE,West Auckland,5025801-EA-000,Roasted Red Peppers In Oil,Golden Sun,680g,6.49,Fresh Vegetables
pakn_save_lincoln_road_5046525-KGM-000,92086ded-a55d-4241-a364-7d7ea91531b4,PAK'nSAVE Lincoln Road,PAK'nSAVE,West Auckland,5046525-KGM-000,Royal Gala Apples,,kg,4.49,Fresh Fruit
pakn_save_lincoln_road_5040702-EA-000,92086ded-a55d-4241-a364-7d7ea91531b4,PAK'nSAVE Lincoln Road,PAK'nSAVE,West Auckland,5040702-EA-000,Royal Gala Apples,Yummy Fruit,1.5kg,7.29,Fresh Fruit
pakn_save_lincoln_road_5039945-KGM-000,92086ded-a55d-4241-a364-7d7ea91531b4,PAK'nSAVE Lincoln Road,PAK'nSAVE,West Auckland,5039945-KGM-000,Granny Smith Apples,,kg,4.79,Fresh Fruit
pakn_save_lincoln_road_5045864-KGM-000,92086ded-a55d-4241-a364-7d7ea91531b4,PAK'nSAVE Lincoln Road,PAK'nSAVE,West Auckland,5045864-KGM-000,Rose Apples,,kg,3.99,Fresh Fruit
pakn_save_lincoln_road_5046462-KGM-000,92086ded-a55d-4241-a364-7d7ea91531b4,PAK'nSAVE Lincoln Road,PAK'nSAVE,West Auckland,5046462-KGM-000,Ambrosia Apples,,kg,5.99,Fresh Fruit
pakn_save_lincoln_road_5046542-KGM-000,92086ded-a55d-4241-a364-7d7ea91531b4,PAK'nSAVE Lincoln Road,PAK'nSAVE,West Auckland,5046542-KGM-000,Bananas,,kg,3.49,Fresh Fruit
pakn_save_lincoln_road_5007770-EA-000,92086ded-a55d-4241-a364-7d7ea91531b4,PAK'nSAVE Lincoln Road,PAK'nSAVE,West Auckland,5007770-EA-000,Bobby Bananas Bunch,Dole,ea,3.99,Fresh Fruit
pakn_save_lincoln_road_5205142-EA-000,92086ded-a55d-4241-a364-7d7ea91531b4,PAK'nSAVE Lincoln Road,PAK'nSAVE,West Auckland,5205142-EA-000,Spinach Apple Blueberry & Banana Vege Fruit Sticks,Mother Earth,152g,2.49,Fresh Fruit
pakn_save_lincoln_road_5017392-EA-000,92086ded-a55d-4241-a364-7d7ea91531b4,PAK'nSAVE Lincoln Road,PAK'nSAVE,West Auckland,5017392-EA-000,Banana Flavour Liquid Breakfast,Sanitarium Up & Go,6 x 250ml,10.69,Fresh Fruit
pakn_save_lincoln_road_5126287-EA-000,92086ded-a55d-4241-a364-7d7ea91531b4,PAK'nSAVE Lincoln Road,PAK'nSAVE,West Auckland,5126287-EA-000,Banana Bread,,ea,6.49,"Bread, Wraps & Bakery"
pakn_save_lincoln_road_5046611-KGM-000,92086ded-a55d-4241-a364-7d7ea91531b4,PAK'nSAVE Lincoln Road,PAK'nSAVE,West Auckland,5046611-KGM-000,Navel Oranges Imported,,kg,2.99,Fresh Fruit
pakn_save_lincoln_road_5040011-KGM-000,92086ded-a55d-4241-a364-7d7ea91531b4,PAK'nSAVE Lincoln Road,PAK'nSAVE,West Auckland,5040011-KGM-000,Orange Kumara,,kg,5.99,Fresh Fruit
pakn_save_lincoln_road_5039995-KGM-000,92086ded-a55d-4241-a364-7d7ea91531b4,PAK'nSAVE Lincoln Road,PAK'nSAVE,West Auckland,5039995-KGM-000,Mandarins,,kg,5.99,Fresh Fruit
pakn_save_lincoln_road_5046477-KGM-000,92086ded-a55d-4241-a364-7d7ea91531b4,PAK'nSAVE Lincoln Road,PAK'nSAVE,West Auckland,5046477-KGM-000,Lemons,,kg,4.99,Fresh Fruit
pakn_save_lincoln_road_5006676-EA-000,92086ded-a55d-4241-a364-7d7ea91531b4,PAK'nSAVE Lincoln Road,PAK'nSAVE,West Auckland,5006676-EA-000,Juice Kitchen Premium Orange Juice,Keri,1l,3.69,Fresh Fruit
pakn_save_lincoln_road_5203150-EA-000,92086ded-a55d-4241-a364-7d7ea91531b4,PAK'nSAVE Lincoln Road,PAK'nSAVE,West Auckland,5203150-EA-000,Lemon Baking Juice,Pams,250ml,2.09,Fresh Fruit
pakn_save_lincoln_road_5003304-EA-000,92086ded-a55d-4241-a364-7d7ea91531b4,PAK'nSAVE Lincoln Road,PAK'nSAVE,West Auckland,5003304-EA-000,Lemon Treats Biscuits,Griffin's,250g,2.79,Fresh Fruit
pakn_save_lincoln_road_5345885-EA-000,92086ded-a55d-4241-a364-7d7ea91531b4,PAK'nSAVE Lincoln Road,PAK'nSAVE,West Auckland,5345885-EA-000,Rocketslaw Salad with Creamy Lemon Mayonnaise,Salad,350g,5.49,Fresh Fruit
pakn_save_lincoln_road_5274504-EA-000,92086ded-a55d-4241-a364-7d7ea91531b4,PAK'nSAVE Lincoln Road,PAK'nSAVE,West Auckland,5274504-EA-000,Zesty Lemon Yoghurt,Fresh 'n Fruity,6 x 125g,5.19,"Cheese, Butter & Yoghurt"
pakn_save_lincoln_road_5310072-EA-000,92086ded-a55d-4241-a364-7d7ea91531b4,PAK'nSAVE Lincoln Road,PAK'nSAVE,West Auckland,5310072-EA-000,Snap Frozen Mixed Berries,The Berry Fix,1.5kg,15.49,Frozen Foods
pakn_save_lincoln_road_5316337-EA-000,92086ded-a55d-4241-a364-7d7ea91531b4,PAK'nSAVE Lincoln Road,PAK'nSAVE,West Auckland,5316337-EA-000,Mixed Berries,Frozen Harvest,500g,7.09,Frozen Foods
pakn_save_lincoln_road_5004944-EA-000,92086ded-a55d-4241-a364-7d7ea91531b4,PAK'nSAVE Lincoln Road,PAK'nSAVE,West Auckland,5004944-EA-000,Mixed Berries,Pams,500g,6.99,Fresh Fruit
pakn_save_lincoln_road_5310065-EA-000,92086ded-a55d-4241-a364-7d7ea91531b4,PAK'nSAVE Lincoln Road,PAK'nSAVE,West Auckland,5310065-EA-000,Five Berry Medley,Fruzio,750g,10.99,Fresh Fruit
pakn_save_lincoln_road_5312786-EA-000,92086ded-a55d-4241-a364-7d7ea91531b4,PAK'nSAVE Lincoln Road,PAK'nSAVE,West Auckland,5312786-EA-000,Mixed Berry,Fruzio,750g,10.49,Fresh Fruit
pakn_save_lincoln_road_5105651-KGM-000,92086ded-a55d-4241-a364-7d7ea91531b4,PAK'nSAVE Lincoln Road,PAK'nSAVE,West Auckland,5105651-KGM-000,Skinless Chicken Breast,,kg,13.99,Chicken & Poultry
pakn_save_lincoln_road_5221711-EA-000,92086ded-a55d-4241-a364-7d7ea91531b4,PAK'nSAVE Lincoln Road,PAK'nSAVE,West Auckland,5221711-EA-000,Boneless Skinless Chicken Breast,Pams Free Range,400g,8.99,Chicken & Poultry
pakn_save_lincoln_road_5139623-EA-000,92086ded-a55d-4241-a364-7d7ea91531b4,PAK'nSAVE Lincoln Road,PAK'nSAVE,West Auckland,5139623-EA-000,Diced Chicken Breast,Pams Free Range,450g,8.79,Chicken & Poultry
pakn_save_lincoln_road_5118844-KGM-000,92086ded-a55d-4241-a364-7d7ea91531b4,PAK'nSAVE Lincoln Road,PAK'nSAVE,West Auckland,5118844-KGM-000,NZ Chicken Thighs Bone In,,kg,6.99,Chicken & Poultry
pakn_save_lincoln_road_5115633-KGM-000,92086ded-a55d-4241-a364-7d7ea91531b4,PAK'nSAVE Lincoln Road,PAK'nSAVE,West Auckland,5115633-KGM-000,NZ Skinless Chicken Thigh Fillet,,kg,15.99,Chicken & Poultry
pakn_save_lincoln_road_5108515-KGM-000,92086ded-a55d-4241-a364-7d7ea91531b4,PAK'nSAVE Lincoln Road,PAK'nSAVE,West Auckland,5108515-KGM-000,NZ Chicken Thigh Bone in Cutlets,,kg,15.79,Chicken & Poultry
pakn_save_lincoln_road_5264638-EA-000,92086ded-a55d-4241-a364-7d7ea91531b4,PAK'nSAVE Lincoln Road,PAK'nSAVE,West Auckland,5264638-EA-000,Tenderbasted Chicken Thighs,Tegel,4kg,31.29,Chicken & Poultry
pakn_save_lincoln_road_5105213-KGM-000,92086ded-a55d-4241-a364-7d7ea91531b4,PAK'nSAVE Lincoln Road,PAK'nSAVE,West Auckland,5105213-KGM-000,NZ Chicken Drumsticks,,kg,4.89,Chicken & Poultry
pakn_save_lincoln_road_5100208-KGM-000,92086ded-a55d-4241-a364-7d7ea91531b4,PAK'nSAVE Lincoln Road,PAK'nSAVE,West Auckland,5100208-KGM-000,Chicken Nibbles,,kg,6.89,Chicken & Poultry
pakn_save_lincoln_road_5269885-EA-000,92086ded-a55d-4241-a364-7d7ea91531b4,PAK'nSAVE Lincoln Road,PAK'nSAVE,West Auckland,5269885-EA-000,100% Certified Organic Free Range Chicken Drumsticks,Bostock Brothers,900g,12.67,Chicken & Poultry
pakn_save_lincoln_road_5269886-EA-000,92086ded-a55d-4241-a364-7d7ea91531b4,PAK'nSAVE Lincoln Road,PAK'nSAVE,West Auckland,5269886-EA-000,100% Certified Organic Free Range Chicken Nibbles,Bostock Brothers,900g,12.67,Chicken & Poultry
pakn_save_lincoln_road_5102903-KGM-000,92086ded-a55d-4241-a364-7d7ea91531b4,PAK'nSAVE Lincoln Road,PAK'nSAVE,West Auckland,5102903-KGM-000,NZ Chicken Legs,,kg,11.49,Chicken & Poultry
pakn_save_lincoln_road_5339780-EA-000,92086ded-a55d-4241-a364-7d7ea91531b4,PAK'nSAVE Lincoln Road,PAK'nSAVE,West Auckland,5339780-EA-000,Whole Chicken,Pams,1.35kg,7.99,Chicken & Poultry
pakn_save_lincoln_road_5007056-EA-000,92086ded-a55d-4241-a364-7d7ea91531b4,PAK'nSAVE Lincoln Road,PAK'nSAVE,West Auckland,5007056-EA-000,Frozen Whole Chicken,Ingham's,2.3kg,11.59,Frozen Foods
pakn_save_lincoln_road_5004502-EA-000,92086ded-a55d-4241-a364-7d7ea91531b4,PAK'nSAVE Lincoln Road,PAK'nSAVE,West Auckland,5004502-EA-000,Frozen Whole Chicken,Ingham's,850g,5.0,Frozen Foods
pakn_save_lincoln_road_5322808-EA-000,92086ded-a55d-4241-a364-7d7ea91531b4,PAK'nSAVE Lincoln Road,PAK'nSAVE,West Auckland,5322808-EA-000,Free Range Oven Ready Sage & Onion Roast Fresh Chicken,Tegel,1.5kg,14.79,Chicken & Poultry
pakn_save_lincoln_road_5001387-EA-000,92086ded-a55d-4241-a364-7d7ea91531b4,PAK'nSAVE Lincoln Road,PAK'nSAVE,West Auckland,5001387-EA-000,Frozen Whole Chicken,Tegel,2.1kg,13.49,Frozen Foods
pakn_save_lincoln_road_5104350-KGM-000,92086ded-a55d-4241-a364-7d7ea91531b4,PAK'nSAVE Lincoln Road,PAK'nSAVE,West Auckland,5104350-KGM-000,NZ Beef Mince,,kg,18.99,Beef & Lamb
pakn_save_lincoln_road_5125914-KGM-000,92086ded-a55d-4241-a364-7d7ea91531b4,PAK'nSAVE Lincoln Road,PAK'nSAVE,West Auckland,5125914-KGM-000,NZ Beef Prime Mince,,kg,19.99,Beef & Lamb
pakn_save_lincoln_road_5349090-EA-000,92086ded-a55d-4241-a364-7d7ea91531b4,PAK'nSAVE Lincoln Road,PAK'nSAVE,West Auckland,5349090-EA-000,Beef Mince,Hellers,340g,8.99,Beef & Lamb
pakn_save_lincoln_road_5203717-EA-000,92086ded-a55d-4241-a364-7d7ea91531b4,PAK'nSAVE Lincoln Road,PAK'nSAVE,West Auckland,5203717-EA-000,Wagyu Beef Mince,First Light,400g,13.49,Beef & Lamb
pakn_save_lincoln_road_5276234-EA-000,92086ded-a55d-4241-a364-7d7ea91531b4,PAK'nSAVE Lincoln Road,PAK'nSAVE,West Auckland,5276234-EA-000,Craft Angus Beef Meatballs,Hellers,400g,11.99,Beef & Lamb
pakn_save_lincoln_road_5103401-KGM-000,92086ded-a55d-4241-a364-7d7ea91531b4,PAK'nSAVE Lincoln Road,PAK'nSAVE,West Auckland,5103401-KGM-000,Beef Rump Steak,,kg,28.99,Beef & Lamb
pakn_save_lincoln_road_5123919-KGM-000,92086ded-a55d-4241-a364-7d7ea91531b4,PAK'nSAVE Lincoln Road,PAK'nSAVE,West Auckland,5123919-KGM-000,NZ Beef Sirloin Steak,,kg,43.99,Beef & Lamb
pakn_save_lincoln_road_5100275-KGM-000,92086ded-a55d-4241-a364-7d7ea91531b4,PAK'nSAVE Lincoln Road,PAK'nSAVE,West Auckland,5100275-KGM-000,NZ Beef Blade Steak,,kg,29.99,Beef & Lamb
pakn_save_lincoln_road_5100260-KGM-000,92086ded-a55d-4241-a364-7d7ea91531b4,PAK'nSAVE Lincoln Road,PAK'nSAVE,West Auckland,5100260-KGM-000,NZ Beef Chuck Steak,,kg,29.99,Beef & Lamb
pakn_save_lincoln_road_5289492-EA-000,92086ded-a55d-4241-a364-7d7ea91531b4,PAK'nSAVE Lincoln Road,PAK'nSAVE,West Auckland,5289492-EA-000,Flat Iron Wagyu Beef Steak,First Light,250g,13.49,Beef & Lamb
pakn_save_lincoln_road_5102423-KGM-000,92086ded-a55d-4241-a364-7d7ea91531b4,PAK'nSAVE Lincoln Road,PAK'nSAVE,West Auckland,5102423-KGM-000,NZ Beef Bolar Roast,,kg,18.99,Beef & Lamb
pakn_save_lincoln_road_5085463-EA-000,92086ded-a55d-4241-a364-7d7ea91531b4,PAK'nSAVE Lincoln Road,PAK'nSAVE,West Auckland,5085463-EA-000,Beef Thin Sliced Roast,Farmland,100g,5.29,Beef & Lamb
pakn_save_lincoln_road_5106653-KGM-000,92086ded-a55d-4241-a364-7d7ea91531b4,PAK'nSAVE Lincoln Road,PAK'nSAVE,West Auckland,5106653-KGM-000,NZ Beef Brisket,,kg,18.49,Beef & Lamb
pakn_save_lincoln_road_5010093-EA-000,92086ded-a55d-4241-a364-7d7ea91531b4,PAK'nSAVE Lincoln Road,PAK'nSAVE,West Auckland,5010093-EA-000,Roast Beef Rice Risotto Rice & Flavour Mix,Diamond,200g,3.39,"Rice, Pasta & Noodles"
pakn_save_lincoln_road_5102306-KGM-000,92086ded-a55d-4241-a364-7d7ea91531b4,PAK'nSAVE Lincoln Road,PAK'nSAVE,West Auckland,5102306-KGM-000,NZ Gravy Beef,,kg,28.99,Beef & Lamb
pakn_save_lincoln_road_5100697-KGM-000,92086ded-a55d-4241-a364-7d7ea91531b4,PAK'nSAVE Lincoln Road,PAK'nSAVE,West Auckland,5100697-KGM-000,NZ Pork Loin Chops,,kg,14.99,Beef & Lamb
pakn_save_lincoln_road_5103018-KGM-000,92086ded-a55d-4241-a364-7d7ea91531b4,PAK'nSAVE Lincoln Road,PAK'nSAVE,West Auckland,5103018-KGM-000,NZ Pork Shoulder Chops,,kg,9.99,Beef & Lamb
pakn_save_lincoln_road_5101306-KGM-000,92086ded-a55d-4241-a364-7d7ea91531b4,PAK'nSAVE Lincoln Road,PAK'nSAVE,West Auckland,5101306-KGM-000,Lamb Shoulder Chops,,kg,18.99,Beef & Lamb
pakn_save_lincoln_road_5100303-KGM-000,92086ded-a55d-4241-a364-7d7ea91531b4,PAK'nSAVE Lincoln Road,PAK'nSAVE,West Auckland,5100303-KGM-000,Lamb Loin Chops,,kg,32.99,Beef & Lamb
pakn_save_lincoln_road_5100600-KGM-000,92086ded-a55d-4241-a364-7d7ea91531b4,PAK'nSAVE Lincoln Road,PAK'nSAVE,West Auckland,5100600-KGM-000,NZ Lamb Neck Chops,,kg,19.99,Beef & Lamb
pakn_save_lincoln_road_5019426-EA-000,92086ded-a55d-4241-a364-7d7ea91531b4,PAK'nSAVE Lincoln Road,PAK'nSAVE,West Auckland,5019426-EA-000,Streaky Bacon,Pams,250g,5.99,Pork & Ham
pakn_save_lincoln_road_5033085-EA-000,92086ded-a55d-4241-a364-7d7ea91531b4,PAK'nSAVE Lincoln Road,PAK'nSAVE,West Auckland,5033085-EA-000,Manuka Smoked Streaky Bacon,Grandpa's Meat & Bacon Co.,1kg,14.99,Pork & Ham
pakn_save_lincoln_road_5011576-EA-000,92086ded-a55d-4241-a364-7d7ea91531b4,PAK'nSAVE Lincoln Road,PAK'nSAVE,West Auckland,5011576-EA-000,Shoulder Bacon,Beehive,200g,3.49,Pork & Ham
pakn_save_lincoln_road_5033086-EA-000,92086ded-a55d-4241-a364-7d7ea91531b4,PAK'nSAVE Lincoln Road,PAK'nSAVE,West Auckland,5033086-EA-000,Manuka Smoked Streaky Bacon,Grandpa's Meat & Bacon Co.,250g,4.99,Pork & Ham
pakn_save_lincoln_road_5084510-EA-000,92086ded-a55d-4241-a364-7d7ea91531b4,PAK'nSAVE Lincoln Road,PAK'nSAVE,West Auckland,5084510-EA-000,Streaky Bacon,Pams,1kg,17.99,Pork & Ham
pakn_save_lincoln_road_5019277-EA-000,92086ded-a55d-4241-a364-7d7ea91531b4,PAK'nSAVE Lincoln Road,PAK'nSAVE,West Auckland,5019277-EA-000,Shaved Leg Ham,Country Pride,200g,3.59,Pork & Ham
pakn_save_lincoln_road_5013751-EA-000,92086ded-a55d-4241-a364-7d7ea91531b4,PAK'nSAVE Lincoln Road,PAK'nSAVE,West Auckland,5013751-EA-000,Shaved Champagne Ham,Beehive,100g,2.39,Pork & Ham
pakn_save_lincoln_road_5039342-EA-000,92086ded-a55d-4241-a364-7d7ea91531b4,PAK'nSAVE Lincoln Road,PAK'nSAVE,West Auckland,5039342-EA-000,Shaved Champagne Leg Ham,Hellers,100g,2.89,Pork & Ham
pakn_save_lincoln_road_5241237-EA-000,92086ded-a55d-4241-a364-7d7ea91531b4,PAK'nSAVE Lincoln Road,PAK'nSAVE,West Auckland,5241237-EA-000,Shaved Champagne Leg Ham,Hellers,200g,5.8,Pork & Ham
pakn_save_lincoln_road_5023557-EA-000,92086ded-a55d-4241-a364-7d7ea91531b4,PAK'nSAVE Lincoln Road,PAK'nSAVE,West Auckland,5023557-EA-000,Shaved Champagne Ham,Beehive,200g,5.99,Pork & Ham
pakn_save_lincoln_road_5005864-EA-000,92086ded-a55d-4241-a364-7d7ea91531b4,PAK'nSAVE Lincoln Road,PAK'nSAVE,West Auckland,5005864-EA-000,Chunky Cheese Sausages,Hellers,1kg,8.99,"Cheese, Butter & Yoghurt"
pakn_save_lincoln_road_5312237-EA-000,92086ded-a55d-4241-a364-7d7ea91531b4,PAK'nSAVE Lincoln Road,PAK'nSAVE,West Auckland,5312237-EA-000,Classic Beef Sausages,Pams,6 x 75g,8.49,Beef & Lamb
pakn_save_lincoln_road_5026055-EA-000,92086ded-a55d-4241-a364-7d7ea91531b4,PAK'nSAVE Lincoln Road,PAK'nSAVE,West Auckland,5026055-EA-000,Chinese Honey Sausages,Hellers,1kg,8.99,"Breakfast Cereals, Oats & Spreads"
pakn_save_lincoln_road_5028230-EA-000,92086ded-a55d-4241-a364-7d7ea91531b4,PAK'nSAVE Lincoln Road,PAK'nSAVE,West Auckland,5028230-EA-000,Trusty BBQ Pre-Cooked Sausages,Hellers,1kg,10.99,Pork & Ham
pakn_save_lincoln_road_5082985-EA-000,92086ded-a55d-4241-a364-7d7ea91531b4,PAK'nSAVE Lincoln Road,PAK'nSAVE,West Auckland,5082985-EA-000,Craft Angus Beef Sausages,Hellers,6pk,11.99,Beef & Lamb
pakn_save_lincoln_road_5335006-EA-000,92086ded-a55d-4241-a364-7d7ea91531b4,PAK'nSAVE Lincoln Road,PAK'nSAVE,West Auckland,5335006-EA-000,Sliced Smoked Salmon,Shore Mariner,100g,6.99,Fresh Seafood
pakn_save_lincoln_road_5220978-EA-000,92086ded-a55d-4241-a364-7d7ea91531b4,PAK'nSAVE Lincoln Road,PAK'nSAVE,West Auckland,5220978-EA-000,Natural Hot Smoked Salmon,Pams,150g,11.99,Fresh Seafood
pakn_save_lincoln_road_5030954-EA-000,92086ded-a55d-4241-a364-7d7ea91531b4,PAK'nSAVE Lincoln Road,PAK'nSAVE,West Auckland,5030954-EA-000,Wild Alaskan Pink Salmon,John West,210g,5.01,Fresh Seafood
pakn_save_lincoln_road_5220975-EA-000,92086ded-a55d-4241-a364-7d7ea91531b4,PAK'nSAVE Lincoln Road,PAK'nSAVE,West Auckland,5220975-EA-000,Sliced Smoked Salmon,Pams,100g,9.39,Fresh Seafood
pakn_save_lincoln_road_5105409-KGM-000,92086ded-a55d-4241-a364-7d7ea91531b4,PAK'nSAVE Lincoln Road,PAK'nSAVE,West Auckland,5105409-KGM-000,Fresh Bluff Salmon Fillets Skin On Bone In,,kg,59.79,Fresh Seafood
pakn_save_lincoln_road_5333249-EA-000,92086ded-a55d-4241-a364-7d7ea91531b4,PAK'nSAVE Lincoln Road,PAK'nSAVE,West Auckland,5333249-EA-000,Tuna Fillet In Broth Wet Cat Food,Applaws,70g,2.29,Fresh Seafood
pakn_save_lincoln_road_5333248-EA-000,92086ded-a55d-4241-a364-7d7ea91531b4,PAK'nSAVE Lincoln Road,PAK'nSAVE,West Auckland,5333248-EA-000,Tuna Fillet With Prawn In Broth Wet Cat Food,Applaws,70g,2.29,Fresh Seafood
pakn_save_lincoln_road_5296121-EA-000,92086ded-a55d-4241-a364-7d7ea91531b4,PAK'nSAVE Lincoln Road,PAK'nSAVE,West Auckland,5296121-EA-000,Raw Stir-Fry Prawns,Fisherking,800g,16.39,Fresh Seafood
pakn_save_lincoln_road_5295570-EA-000,92086ded-a55d-4241-a364-7d7ea91531b4,PAK'nSAVE Lincoln Road,PAK'nSAVE,West Auckland,5295570-EA-000,Raw Prawn Cutlets,Fisherking,800g,12.99,Fresh Seafood
pakn_save_lincoln_road_5257283-EA-000,92086ded-a55d-4241-a364-7d7ea91531b4,PAK'nSAVE Lincoln Road,PAK'nSAVE,West Auckland,5257283-EA-000,Raw Medium Prawn Cutlets,Shore Mariner,1kg,20.99,Fresh Seafood
pakn_save_lincoln_road_5329072-EA-000,92086ded-a55d-4241-a364-7d7ea91531b4,PAK'nSAVE Lincoln Road,PAK'nSAVE,West Auckland,5329072-EA-000,Raw Prawn Meat Pieces,Pams Value,500g,9.39,Fresh Seafood
pakn_save_lincoln_road_5092258-EA-000,92086ded-a55d-4241-a364-7d7ea91531b4,PAK'nSAVE Lincoln Road,PAK'nSAVE,West Auckland,5092258-EA-000,Premium Cooked Prawn Meat,Kingfisher Seafood,500g,17.49,Fresh Seafood
pakn_save_lincoln_road_5204775-EA-000,92086ded-a55d-4241-a364-7d7ea91531b4,PAK'nSAVE Lincoln Road,PAK'nSAVE,West Auckland,5204775-EA-000,Grainfree Salmon Whitefish & Olive Oil Premium Adult Cat Food,Fussy Cat,2.5kg,22.99,Fresh Seafood
pakn_save_lincoln_road_5254092-EA-000,92086ded-a55d-4241-a364-7d7ea91531b4,PAK'nSAVE Lincoln Road,PAK'nSAVE,West Auckland,5254092-EA-000,Perfect Portions Pate Entree With Delicate Whitefish And Tuna Wet Cat Food,Dine,75g,1.89,Fresh Seafood
pakn_save_lincoln_road_5018684-EA-000,92086ded-a55d-4241-a364-7d7ea91531b4,PAK'nSAVE Lincoln Road,PAK'nSAVE,West Auckland,5018684-EA-000,Grainfree Salmon Whitefish & Olive Oil Premium Adult Cat Food,Fussy Cat,500g,6.49,Fresh Seafood
pakn_save_lincoln_road_5323882-EA-000,92086ded-a55d-4241-a364-7d7ea91531b4,PAK'nSAVE Lincoln Road,PAK'nSAVE,West Auckland,5323882-EA-000,Adult Grilled Ocean Whitefish & Tuna Feast Gravy Wet Cat Food,Purina Fancy Feast,85g,1.59,Fresh Seafood
pakn_save_lincoln_road_5323878-EA-000,92086ded-a55d-4241-a364-7d7ea91531b4,PAK'nSAVE Lincoln Road,PAK'nSAVE,West Auckland,5323878-EA-000,Adult Gravy Lovers Ocean Whitefish & Tuna Feast Seafood Flavor Gravy Wet Cat Food,Purina Fancy Feast,85g,1.59,Fresh Seafood
pakn_save_lincoln_road_5000527-EA-000,92086ded-a55d-4241-a364-7d7ea91531b4,PAK'nSAVE Lincoln Road,PAK'nSAVE,West Auckland,5000527-EA-000,Blue Milk,Anchor,2l,5.69,Fresh Milk & Plant Milk
pakn_save_lincoln_road_5201487-EA-000,92086ded-a55d-4241-a364-7d7ea91531b4,PAK'nSAVE Lincoln Road,PAK'nSAVE,West Auckland,5201487-EA-000,Lite Milk,Pams Value,2l,4.79,Fresh Milk & Plant Milk
pakn_save_lincoln_road_5201490-EA-000,92086ded-a55d-4241-a364-7d7ea91531b4,PAK'nSAVE Lincoln Road,PAK'nSAVE,West Auckland,5201490-EA-000,Standard Milk,Pams Value,3l,7.11,Fresh Milk & Plant Milk
pakn_save_lincoln_road_5201489-EA-000,92086ded-a55d-4241-a364-7d7ea91531b4,PAK'nSAVE Lincoln Road,PAK'nSAVE,West Auckland,5201489-EA-000,Lite Milk,Pams Value,3l,7.11,Fresh Milk & Plant Milk
pakn_save_lincoln_road_5201479-EA-000,92086ded-a55d-4241-a364-7d7ea91531b4,PAK'nSAVE Lincoln Road,PAK'nSAVE,West Auckland,5201479-EA-000,Standard Milk,Pams Value,2l,4.79,Fresh Milk & Plant Milk
pakn_save_lincoln_road_5201486-EA-000,92086ded-a55d-4241-a364-7d7ea91531b4,PAK'nSAVE Lincoln Road,PAK'nSAVE,West Auckland,5201486-EA-000,Trim Milk,Pams Value,2l,4.79,Fresh Milk & Plant Milk
pakn_save_lincoln_road_5000520-EA-000,92086ded-a55d-4241-a364-7d7ea91531b4,PAK'nSAVE Lincoln Road,PAK'nSAVE,West Auckland,5000520-EA-000,Trim Milk,Anchor,1l,3.57,Fresh Milk & Plant Milk
pakn_save_lincoln_road_5000521-EA-000,92086ded-a55d-4241-a364-7d7ea91531b4,PAK'nSAVE Lincoln Road,PAK'nSAVE,West Auckland,5000521-EA-000,Trim Milk,Anchor,2l,5.69,Fresh Milk & Plant Milk
pakn_save_lincoln_road_5025424-EA-000,92086ded-a55d-4241-a364-7d7ea91531b4,PAK'nSAVE Lincoln Road,PAK'nSAVE,West Auckland,5025424-EA-000,Calci + Trim Milk,Anchor,1l,3.69,Fresh Milk & Plant Milk
pakn_save_lincoln_road_5000519-EA-000,92086ded-a55d-4241-a364-7d7ea91531b4,PAK'nSAVE Lincoln Road,PAK'nSAVE,West Auckland,5000519-EA-000,Calci + Trim Milk,Anchor,2l,6.81,Fresh Milk & Plant Milk
pakn_save_lincoln_road_5003852-EA-000,92086ded-a55d-4241-a364-7d7ea91531b4,PAK'nSAVE Lincoln Road,PAK'nSAVE,West Auckland,5003852-EA-000,Regular Soy Milk,Pams,1l,1.99,Fresh Milk & Plant Milk
pakn_save_lincoln_road_5004887-EA-000,92086ded-a55d-4241-a364-7d7ea91531b4,PAK'nSAVE Lincoln Road,PAK'nSAVE,West Auckland,5004887-EA-000,Lite Soy Milk,Pams Plant Based,1l,1.99,Fresh Milk & Plant Milk
pakn_save_lincoln_road_5010269-EA-000,92086ded-a55d-4241-a364-7d7ea91531b4,PAK'nSAVE Lincoln Road,PAK'nSAVE,West Auckland,5010269-EA-000,Regular Soy Milk,Sanitarium So Good,1l,3.49,Fresh Milk & Plant Milk
pakn_save_lincoln_road_5014956-EA-000,92086ded-a55d-4241-a364-7d7ea91531b4,PAK'nSAVE Lincoln Road,PAK'nSAVE,West Auckland,5014956-EA-000,Regular Soy Milky,Vitasoy,1l,3.79,Fresh Milk & Plant Milk
pakn_save_lincoln_road_5200391-EA-000,92086ded-a55d-4241-a364-7d7ea91531b4,PAK'nSAVE Lincoln Road,PAK'nSAVE,West Auckland,5200391-EA-000,Protein Plus Soy Milk,Vitasoy,1l,3.89,Fresh Milk & Plant Milk
pakn_save_lincoln_road_5014501-EA-000,92086ded-a55d-4241-a364-7d7ea91531b4,PAK'nSAVE Lincoln Road,PAK'nSAVE,West Auckland,5014501-EA-000,Unsweetened Oat Milk,Vitasoy,1l,2.69,Fresh Milk & Plant Milk
pakn_save_lincoln_road_5294478-EA-000,92086ded-a55d-4241-a364-7d7ea91531b4,PAK'nSAVE Lincoln Road,PAK'nSAVE,West Auckland,5294478-EA-000,Oat Milk Barista Grade,Boring,1l,3.99,Fresh Milk & Plant Milk
pakn_save_lincoln_road_5288640-EA-000,92086ded-a55d-4241-a364-7d7ea91531b4,PAK'nSAVE Lincoln Road,PAK'nSAVE,West Auckland,5288640-EA-000,Oat Milky,Vitasoy,1l,3.59,Fresh Milk & Plant Milk
pakn_save_lincoln_road_5273198-EA-000,92086ded-a55d-4241-a364-7d7ea91531b4,PAK'nSAVE Lincoln Road,PAK'nSAVE,West Auckland,5273198-EA-000,No Added Sugar Oat Milk,Sanitarium So Good,1l,3.79,Fresh Milk & Plant Milk
pakn_save_lincoln_road_5294477-EA-000,92086ded-a55d-4241-a364-7d7ea91531b4,PAK'nSAVE Lincoln Road,PAK'nSAVE,West Auckland,5294477-EA-000,No Added Sugar Oat Milk,Boring,1l,3.99,Fresh Milk & Plant Milk
pakn_save_lincoln_road_5037993-EA-000,92086ded-a55d-4241-a364-7d7ea91531b4,PAK'nSAVE Lincoln Road,PAK'nSAVE,West Auckland,5037993-EA-000,Unsweetened Almond Milk,Vitasoy,1l,2.69,Fresh Milk & Plant Milk
pakn_save_lincoln_road_5029021-EA-000,92086ded-a55d-4241-a364-7d7ea91531b4,PAK'nSAVE Lincoln Road,PAK'nSAVE,West Auckland,5029021-EA-000,Unsweetened Almond Milk,Pams Plant Based,1l,3.39,Fresh Milk & Plant Milk
pakn_save_lincoln_road_5223053-EA-000,92086ded-a55d-4241-a364-7d7ea91531b4,PAK'nSAVE Lincoln Road,PAK'nSAVE,West Auckland,5223053-EA-000,Regular Almond Milky,Vitasoy,1l,4.19,Fresh Milk & Plant Milk
pakn_save_lincoln_road_5030647-EA-000,92086ded-a55d-4241-a364-7d7ea91531b4,PAK'nSAVE Lincoln Road,PAK'nSAVE,West Auckland,5030647-EA-000,Unsweetened Almond Milk UHT,Sanitarium So Good,1l,3.99,Fresh Milk & Plant Milk
pakn_save_lincoln_road_5030869-EA-000,92086ded-a55d-4241-a364-7d7ea91531b4,PAK'nSAVE Lincoln Road,PAK'nSAVE,West Auckland,5030869-EA-000,Original Almond Milk,Sanitarium So Good,1l,3.99,Fresh Milk & Plant Milk
pakn_save_lincoln_road_5322427-EA-000,92086ded-a55d-4241-a364-7d7ea91531b4,PAK'nSAVE Lincoln Road,PAK'nSAVE,West Auckland,5322427-EA-000,Mixed Grade Free Range Eggs,eg.,12pk,8.99,Eggs
pakn_save_lincoln_road_5269558-EA-000,92086ded-a55d-4241-a364-7d7ea91531b4,PAK'nSAVE Lincoln Road,PAK'nSAVE,West Auckland,5269558-EA-000,Free Range Size 6 Eggs,Woodland,18pk,12.19,Eggs
pakn_save_lincoln_road_5023568-EA-000,92086ded-a55d-4241-a364-7d7ea91531b4,PAK'nSAVE Lincoln Road,PAK'nSAVE,West Auckland,5023568-EA-000,Free Range Size 6 Eggs,Woodland,10pk,9.39,Eggs
pakn_save_lincoln_road_5342311-EA-000,92086ded-a55d-4241-a364-7d7ea91531b4,PAK'nSAVE Lincoln Road,PAK'nSAVE,West Auckland,5342311-EA-000,Size 7 Eggs,New Day,12pk,10.99,Eggs
pakn_save_lincoln_road_5202410-EA-000,92086ded-a55d-4241-a364-7d7ea91531b4,PAK'nSAVE Lincoln Road,PAK'nSAVE,West Auckland,5202410-EA-000,Premium Free Range Mixed Grade Eggs,Otaika Valley,18pk,13.99,Eggs
pakn_save_lincoln_road_5281163-EA-000,92086ded-a55d-4241-a364-7d7ea91531b4,PAK'nSAVE Lincoln Road,PAK'nSAVE,West Auckland,5281163-EA-000,Pack Colony Caged Eggs Size 7,Rise N Shine,12pk,7.29,Eggs
pakn_save_lincoln_road_5281167-EA-000,92086ded-a55d-4241-a364-7d7ea91531b4,PAK'nSAVE Lincoln Road,PAK'nSAVE,West Auckland,5281167-EA-000,Colony Caged Eggs Size 8,Rise N Shine,10pk,6.99,Eggs
pakn_save_lincoln_road_5039354-EA-000,92086ded-a55d-4241-a364-7d7ea91531b4,PAK'nSAVE Lincoln Road,PAK'nSAVE,West Auckland,5039354-EA-000,Colony Size 6 Eggs,Morning Harvest,12pk,6.79,Eggs
pakn_save_lincoln_road_5303373-EA-000,92086ded-a55d-4241-a364-7d7ea91531b4,PAK'nSAVE Lincoln Road,PAK'nSAVE,West Auckland,5303373-EA-000,Colony Size 7 Eggs,Morning Harvest,18pk,11.69,Eggs
pakn_save_lincoln_road_5140198-EA-000,92086ded-a55d-4241-a364-7d7ea91531b4,PAK'nSAVE Lincoln Road,PAK'nSAVE,West Auckland,5140198-EA-000,Colony Size 7 Eggs,Morning Harvest,6pk,4.49,Eggs
pakn_save_lincoln_road_5306817-EA-000,92086ded-a55d-4241-a364-7d7ea91531b4,PAK'nSAVE Lincoln Road,PAK'nSAVE,West Auckland,5306817-EA-000,Grated Cheddar Cheese,Rolling Meadow,500g,8.46,"Cheese, Butter & Yoghurt"
pakn_save_lincoln_road_5268696-EA-000,92086ded-a55d-4241-a364-7d7ea91531b4,PAK'nSAVE Lincoln Road,PAK'nSAVE,West Auckland,5268696-EA-000,Tasty Cheddar Cheese,Pams,800g,12.83,"Cheese, Butter & Yoghurt"
pakn_save_lincoln_road_5007358-EA-000,92086ded-a55d-4241-a364-7d7ea91531b4,PAK'nSAVE Lincoln Road,PAK'nSAVE,West Auckland,5007358-EA-000,Tasty Cheddar Cheese,Pams,500g,9.94,"Cheese, Butter & Yoghurt"
pakn_save_lincoln_road_5287702-EA-000,92086ded-a55d-4241-a364-7d7ea91531b4,PAK'nSAVE Lincoln Road,PAK'nSAVE,West Auckland,5287702-EA-000,Cheddar Natural Slices,Dairyworks,2 x 250g,9.62,"Cheese, Butter & Yoghurt"
pakn_save_lincoln_road_5232073-EA-000,92086ded-a55d-4241-a364-7d7ea91531b4,PAK'nSAVE Lincoln Road,PAK'nSAVE,West Auckland,5232073-EA-000,American Style Cheddar Cheese Slices,Dairyworks,200g,5.45,"Cheese, Butter & Yoghurt"
pakn_save_lincoln_road_5007482-EA-000,92086ded-a55d-4241-a364-7d7ea91531b4,PAK'nSAVE Lincoln Road,PAK'nSAVE,West Auckland,5007482-EA-000,Mozzarella Grated Cheese,Pams,375g,8.81,"Cheese, Butter & Yoghurt"
pakn_save_lincoln_road_5017804-EA-000,92086ded-a55d-4241-a364-7d7ea91531b4,PAK'nSAVE Lincoln Road,PAK'nSAVE,West Auckland,5017804-EA-000,Mozzarella Grated Cheese,Rolling Meadow,500g,8.99,"Cheese, Butter & Yoghurt"
pakn_save_lincoln_road_5024961-EA-000,92086ded-a55d-4241-a364-7d7ea91531b4,PAK'nSAVE Lincoln Road,PAK'nSAVE,West Auckland,5024961-EA-000,Mozzarella Cheese,Perfect Italiano,500g,15.29,"Cheese, Butter & Yoghurt"
pakn_save_lincoln_road_5256743-EA-000,92086ded-a55d-4241-a364-7d7ea91531b4,PAK'nSAVE Lincoln Road,PAK'nSAVE,West Auckland,5256743-EA-000,Hand Crafted Fresh Mozzarella,Pams Finest,150g,6.29,"Cheese, Butter & Yoghurt"
pakn_save_lincoln_road_5289384-EA-000,92086ded-a55d-4241-a364-7d7ea91531b4,PAK'nSAVE Lincoln Road,PAK'nSAVE,West Auckland,5289384-EA-000,Mozzarella Cheese,The Cuisine Canteen,200g,7.89,"Cheese, Butter & Yoghurt"
pakn_save_lincoln_road_5008536-EA-000,92086ded-a55d-4241-a364-7d7ea91531b4,PAK'nSAVE Lincoln Road,PAK'nSAVE,West Auckland,5008536-EA-000,Traditional Grated Parmesan Cheese,Perfect Italiano,125g,5.69,"Cheese, Butter & Yoghurt"
pakn_save_lincoln_road_5347658-EA-000,92086ded-a55d-4241-a364-7d7ea91531b4,PAK'nSAVE Lincoln Road,PAK'nSAVE,West Auckland,5347658-EA-000,Parmesan Cheese,Perfect Italiano,200g,7.99,"Cheese, Butter & Yoghurt"
pakn_save_lincoln_road_5232466-EA-000,92086ded-a55d-4241-a364-7d7ea91531b4,PAK'nSAVE Lincoln Road,PAK'nSAVE,West Auckland,5232466-EA-000,Grated Parmesan Cheese,Dairyworks,200g,7.0,"Cheese, Butter & Yoghurt"
pakn_save_lincoln_road_5013767-EA-000,92086ded-a55d-4241-a364-7d7ea91531b4,PAK'nSAVE Lincoln Road,PAK'nSAVE,West Auckland,5013767-EA-000,Parmesan Cheese,Mainland,200g,8.99,"Cheese, Butter & Yoghurt"
pakn_save_lincoln_road_5016706-EA-000,92086ded-a55d-4241-a364-7d7ea91531b4,PAK'nSAVE Lincoln Road,PAK'nSAVE,West Auckland,5016706-EA-000,Grated Parmesan Cheese,Mainland,200g,10.29,"Cheese, Butter & Yoghurt"
pakn_save_lincoln_road_5002842-EA-000,92086ded-a55d-4241-a364-7d7ea91531b4,PAK'nSAVE Lincoln Road,PAK'nSAVE,West Auckland,5002842-EA-000,Salted Butter,Mainland,500g,9.49,"Cheese, Butter & Yoghurt"
pakn_save_lincoln_road_5013505-EA-000,92086ded-a55d-4241-a364-7d7ea91531b4,PAK'nSAVE Lincoln Road,PAK'nSAVE,West Auckland,5013505-EA-000,Salted Buttersoft Spreadable Butter,Mainland,375g,11.79,"Cheese, Butter & Yoghurt"
pakn_save_lincoln_road_5020175-EA-000,92086ded-a55d-4241-a364-7d7ea91531b4,PAK'nSAVE Lincoln Road,PAK'nSAVE,West Auckland,5020175-EA-000,Premium New Zealand Lightly Salted Butter,Lewis Road Creamery,250g,7.97,"Cheese, Butter & Yoghurt"
pakn_save_lincoln_road_5013508-EA-000,92086ded-a55d-4241-a364-7d7ea91531b4,PAK'nSAVE Lincoln Road,PAK'nSAVE,West Auckland,5013508-EA-000,Buttersoft Salted Reduced Spreadable Butter,Mainland,375g,11.79,"Cheese, Butter & Yoghurt"
pakn_save_lincoln_road_5342135-EA-000,92086ded-a55d-4241-a364-7d7ea91531b4,PAK'nSAVE Lincoln Road,PAK'nSAVE,West Auckland,5342135-EA-000,Salted Butter Frozen Dessert,Chill Burger,100g,0.79,"Cheese, Butter & Yoghurt"
pakn_save_lincoln_road_5002843-EA-000,92086ded-a55d-4241-a364-7d7ea91531b4,PAK'nSAVE Lincoln Road,PAK'nSAVE,West Auckland,5002843-EA-000,Unsalted Butter,Mainland,500g,9.49,"Cheese, Butter & Yoghurt"
pakn_save_lincoln_road_5281810-EA-000,92086ded-a55d-4241-a364-7d7ea91531b4,PAK'nSAVE Lincoln Road,PAK'nSAVE,West Auckland,5281810-EA-000,Greek Natural Thick 'n Creamy Yoghurt,Fresh 'n Fruity,1kg,6.39,"Cheese, Butter & Yoghurt"
pakn_save_lincoln_road_5223553-EA-000,92086ded-a55d-4241-a364-7d7ea91531b4,PAK'nSAVE Lincoln Road,PAK'nSAVE,West Auckland,5223553-EA-000,Kalo Natural Greek Yoghurt,Meadow Fresh,800g,7.59,"Cheese, Butter & Yoghurt"
pakn_save_lincoln_road_5220024-EA-000,92086ded-a55d-4241-a364-7d7ea91531b4,PAK'nSAVE Lincoln Road,PAK'nSAVE,West Auckland,5220024-EA-000,Greek Style Natural Yoghurt,Gopala,750g,4.99,"Cheese, Butter & Yoghurt"
pakn_save_lincoln_road_5328756-EA-000,92086ded-a55d-4241-a364-7d7ea91531b4,PAK'nSAVE Lincoln Road,PAK'nSAVE,West Auckland,5328756-EA-000,More Than Protein Natural Greek Yoghurt,The Collective,850g,8.49,"Cheese, Butter & Yoghurt"
pakn_save_lincoln_road_5212777-EA-000,92086ded-a55d-4241-a364-7d7ea91531b4,PAK'nSAVE Lincoln Road,PAK'nSAVE,West Auckland,5212777-EA-000,Protein+ Natural Unsweetened Greek Style Yoghurt,Anchor,950g,8.79,"Cheese, Butter & Yoghurt"
pakn_save_lincoln_road_5005219-EA-000,92086ded-a55d-4241-a364-7d7ea91531b4,PAK'nSAVE Lincoln Road,PAK'nSAVE,West Auckland,5005219-EA-000,All Natural Plain Unsweetened Yoghurt,De Winkel,1kg,5.49,"Cheese, Butter & Yoghurt"
pakn_save_lincoln_road_5274474-EA-000,92086ded-a55d-4241-a364-7d7ea91531b4,PAK'nSAVE Lincoln Road,PAK'nSAVE,West Auckland,5274474-EA-000,All Natural Plain Unsweetened Yoghurt,De Winkel,4 x 125g,5.79,"Cheese, Butter & Yoghurt"
pakn_save_lincoln_road_5112185-EA-000,92086ded-a55d-4241-a364-7d7ea91531b4,PAK'nSAVE Lincoln Road,PAK'nSAVE,West Auckland,5112185-EA-000,Frozen Biofeel Plain Probiotic Yogurt Drink,Biofeel,5 x 63ml,2.79,"Cheese, Butter & Yoghurt"
pakn_save_lincoln_road_5040641-EA-000,92086ded-a55d-4241-a364-7d7ea91531b4,PAK'nSAVE Lincoln Road,PAK'nSAVE,West Auckland,5040641-EA-000,Fresh Cream,Pams,500ml,4.76,"Cheese, Butter & Yoghurt"
pakn_save_lincoln_road_5028852-EA-000,92086ded-a55d-4241-a364-7d7ea91531b4,PAK'nSAVE Lincoln Road,PAK'nSAVE,West Auckland,5028852-EA-000,Fresh Cream,Pams,300ml,3.17,"Cheese, Butter & Yoghurt"
pakn_save_lincoln_road_5028855-EA-000,92086ded-a55d-4241-a364-7d7ea91531b4,PAK'nSAVE Lincoln Road,PAK'nSAVE,West Auckland,5028855-EA-000,Cream,Pams,1l,9.26,"Cheese, Butter & Yoghurt"
pakn_save_lincoln_road_5026102-EA-000,92086ded-a55d-4241-a364-7d7ea91531b4,PAK'nSAVE Lincoln Road,PAK'nSAVE,West Auckland,5026102-EA-000,Pure Cream,Anchor,500ml,4.95,"Cheese, Butter & Yoghurt"
pakn_save_lincoln_road_5000524-EA-000,92086ded-a55d-4241-a364-7d7ea91531b4,PAK'nSAVE Lincoln Road,PAK'nSAVE,West Auckland,5000524-EA-000,Pure Cream,Anchor,2l,18.0,"Cheese, Butter & Yoghurt"
pakn_save_lincoln_road_5027140-EA-000,92086ded-a55d-4241-a364-7d7ea91531b4,PAK'nSAVE Lincoln Road,PAK'nSAVE,West Auckland,5027140-EA-000,Traditional Sour Cream,Meadow Fresh,250g,3.69,"Cheese, Butter & Yoghurt"
pakn_save_lincoln_road_5027137-EA-000,92086ded-a55d-4241-a364-7d7ea91531b4,PAK'nSAVE Lincoln Road,PAK'nSAVE,West Auckland,5027137-EA-000,Traditional Sour Cream,Meadow Fresh,125g,2.19,"Cheese, Butter & Yoghurt"
pakn_save_lincoln_road_5027139-EA-000,92086ded-a55d-4241-a364-7d7ea91531b4,PAK'nSAVE Lincoln Road,PAK'nSAVE,West Auckland,5027139-EA-000,Lite Sour Cream,Meadow Fresh,250g,3.69,"Cheese, Butter & Yoghurt"
pakn_save_lincoln_road_5027102-EA-000,92086ded-a55d-4241-a364-7d7ea91531b4,PAK'nSAVE Lincoln Road,PAK'nSAVE,West Auckland,5027102-EA-000,Sour Cream,Meadow Fresh,500g,6.89,"Cheese, Butter & Yoghurt"
pakn_save_lincoln_road_5253380-EA-000,92086ded-a55d-4241-a364-7d7ea91531b4,PAK'nSAVE Lincoln Road,PAK'nSAVE,West Auckland,5253380-EA-000,Sour Cream,Tatua,500g,6.69,"Cheese, Butter & Yoghurt"
pakn_save_lincoln_road_5004743-EA-000,92086ded-a55d-4241-a364-7d7ea91531b4,PAK'nSAVE Lincoln Road,PAK'nSAVE,West Auckland,5004743-EA-000,Jasmine Rice,Pams,1kg,2.69,"Rice, Pasta & Noodles"
pakn_save_lincoln_road_5021496-EA-000,92086ded-a55d-4241-a364-7d7ea91531b4,PAK'nSAVE Lincoln Road,PAK'nSAVE,West Auckland,5021496-EA-000,Jasmine Rice,SunRice,1kg,3.54,"Rice, Pasta & Noodles"
pakn_save_lincoln_road_5303803-EA-000,92086ded-a55d-4241-a364-7d7ea91531b4,PAK'nSAVE Lincoln Road,PAK'nSAVE,West Auckland,5303803-EA-000,Thai Jasmine Rice,Fortune,5kg,14.69,"Rice, Pasta & Noodles"
pakn_save_lincoln_road_5002638-EA-000,92086ded-a55d-4241-a364-7d7ea91531b4,PAK'nSAVE Lincoln Road,PAK'nSAVE,West Auckland,5002638-EA-000,Fragrant Jasmine Aromatic Long Grain Rice,King's Choice,1kg,3.49,"Rice, Pasta & Noodles"
pakn_save_lincoln_road_5303222-EA-000,92086ded-a55d-4241-a364-7d7ea91531b4,PAK'nSAVE Lincoln Road,PAK'nSAVE,West Auckland,5303222-EA-000,Thai Jasmine Rice,Fortune,1kg,3.49,"Rice, Pasta & Noodles"
pakn_save_lincoln_road_5005241-EA-000,92086ded-a55d-4241-a364-7d7ea91531b4,PAK'nSAVE Lincoln Road,PAK'nSAVE,West Auckland,5005241-EA-000,Basmati Rice,Pams,1kg,3.19,"Rice, Pasta & Noodles"
pakn_save_lincoln_road_5002637-EA-000,92086ded-a55d-4241-a364-7d7ea91531b4,PAK'nSAVE Lincoln Road,PAK'nSAVE,West Auckland,5002637-EA-000,Highland Basmati Aromatic Long Grain Rice,King's Choice,1kg,3.69,"Rice, Pasta & Noodles"
pakn_save_lincoln_road_5303221-EA-000,92086ded-a55d-4241-a364-7d7ea91531b4,PAK'nSAVE Lincoln Road,PAK'nSAVE,West Auckland,5303221-EA-000,Aromatic Basmati Rice,Fortune,1kg,3.69,"Rice, Pasta & Noodles"
pakn_save_lincoln_road_5002292-EA-000,92086ded-a55d-4241-a364-7d7ea91531b4,PAK'nSAVE Lincoln Road,PAK'nSAVE,West Auckland,5002292-EA-000,Basmati Rice,SunRice,1kg,3.49,"Rice, Pasta & Noodles"
pakn_save_lincoln_road_5315537-EA-000,92086ded-a55d-4241-a364-7d7ea91531b4,PAK'nSAVE Lincoln Road,PAK'nSAVE,West Auckland,5315537-EA-000,Basmati Steamed Rice,Pams,250g,2.59,"Rice, Pasta & Noodles"
pakn_save_lincoln_road_5002082-EA-000,92086ded-a55d-4241-a364-7d7ea91531b4,PAK'nSAVE Lincoln Road,PAK'nSAVE,West Auckland,5002082-EA-000,Spaghetti In Tomato Sauce,Wattie's,420g,1.89,"Rice, Pasta & Noodles"
pakn_save_lincoln_road_5319769-EA-000,92086ded-a55d-4241-a364-7d7ea91531b4,PAK'nSAVE Lincoln Road,PAK'nSAVE,West Auckland,5319769-EA-000,Spaghetti,Pasta Maria,400g,1.29,"Rice, Pasta & Noodles"
pakn_save_lincoln_road_5002634-EA-000,92086ded-a55d-4241-a364-7d7ea91531b4,PAK'nSAVE Lincoln Road,PAK'nSAVE,West Auckland,5002634-EA-000,Spaghetti Pasta,Diamond,500g,2.29,"Rice, Pasta & Noodles"
pakn_save_lincoln_road_5025406-EA-000,92086ded-a55d-4241-a364-7d7ea91531b4,PAK'nSAVE Lincoln Road,PAK'nSAVE,West Auckland,5025406-EA-000,Spaghetti In Tomato Sauce,Wattie's,3 x 420g,6.29,"Rice, Pasta & Noodles"
pakn_save_lincoln_road_5002077-EA-000,92086ded-a55d-4241-a364-7d7ea91531b4,PAK'nSAVE Lincoln Road,PAK'nSAVE,West Auckland,5002077-EA-000,Spaghetti In Tomato Sauce,Oak,420g,1.79,"Rice, Pasta & Noodles"
pakn_save_lincoln_road_5319766-EA-000,92086ded-a55d-4241-a364-7d7ea91531b4,PAK'nSAVE Lincoln Road,PAK'nSAVE,West Auckland,5319766-EA-000,Penne Pasta,Pasta Maria,400g,1.29,"Rice, Pasta & Noodles"
pakn_save_lincoln_road_5002515-EA-000,92086ded-a55d-4241-a364-7d7ea91531b4,PAK'nSAVE Lincoln Road,PAK'nSAVE,West Auckland,5002515-EA-000,Penne Pasta,Diamond,500g,2.29,"Rice, Pasta & Noodles"
pakn_save_lincoln_road_5002631-EA-000,92086ded-a55d-4241-a364-7d7ea91531b4,PAK'nSAVE Lincoln Road,PAK'nSAVE,West Auckland,5002631-EA-000,Penne No 18 Pasta,San Remo,500g,2.79,"Rice, Pasta & Noodles"
pakn_save_lincoln_road_5038062-EA-000,92086ded-a55d-4241-a364-7d7ea91531b4,PAK'nSAVE Lincoln Road,PAK'nSAVE,West Auckland,5038062-EA-000,Wholemeal Penne Pasta,Diamond,500g,2.29,"Rice, Pasta & Noodles"
pakn_save_lincoln_road_5218360-EA-000,92086ded-a55d-4241-a364-7d7ea91531b4,PAK'nSAVE Lincoln Road,PAK'nSAVE,West Auckland,5218360-EA-000,Gluten Free Penne,Diamond,250g,4.49,"Rice, Pasta & Noodles"
pakn_save_lincoln_road_5012937-EA-000,92086ded-a55d-4241-a364-7d7ea91531b4,PAK'nSAVE Lincoln Road,PAK'nSAVE,West Auckland,5012937-EA-000,Round Cut Egg Noodles,High Mark,280g,2.69,"Rice, Pasta & Noodles"
pakn_save_lincoln_road_5010232-EA-000,92086ded-a55d-4241-a364-7d7ea91531b4,PAK'nSAVE Lincoln Road,PAK'nSAVE,West Auckland,5010232-EA-000,Ribbon Cut Egg Noodles,High Mark,280g,2.69,"Rice, Pasta & Noodles"
pakn_save_lincoln_road_5011508-EA-000,92086ded-a55d-4241-a364-7d7ea91531b4,PAK'nSAVE Lincoln Road,PAK'nSAVE,West Auckland,5011508-EA-000,Fine Cut Egg Noodles,High Mark,280g,2.69,"Rice, Pasta & Noodles"
pakn_save_lincoln_road_5027775-EA-000,92086ded-a55d-4241-a364-7d7ea91531b4,PAK'nSAVE Lincoln Road,PAK'nSAVE,West Auckland,5027775-EA-000,Thin Egg Style Noodles,Trident,2 x 200g,3.39,"Rice, Pasta & Noodles"
pakn_save_lincoln_road_5019201-EA-000,92086ded-a55d-4241-a364-7d7ea91531b4,PAK'nSAVE Lincoln Road,PAK'nSAVE,West Auckland,5019201-EA-000,Hokkien Noodles Twin Pack,Pams,2 x 200g,2.8,"Rice, Pasta & Noodles"
pakn_save_lincoln_road_5206566-EA-000,92086ded-a55d-4241-a364-7d7ea91531b4,PAK'nSAVE Lincoln Road,PAK'nSAVE,West Auckland,5206566-EA-000,Chicken Instant Noodles,Yum Yum,5 x 60g,2.79,"Rice, Pasta & Noodles"
pakn_save_lincoln_road_5029917-EA-000,92086ded-a55d-4241-a364-7d7ea91531b4,PAK'nSAVE Lincoln Road,PAK'nSAVE,West Auckland,5029917-EA-000,Mi Goreng BBQ Chicken Instant Noodles,Indomie,5 x 85g,4.89,"Rice, Pasta & Noodles"
pakn_save_lincoln_road_5006409-EA-000,92086ded-a55d-4241-a364-7d7ea91531b4,PAK'nSAVE Lincoln Road,PAK'nSAVE,West Auckland,5006409-EA-000,Mi Goreng Instant Noodles,Indomie,5pk,4.89,"Rice, Pasta & Noodles"
pakn_save_lincoln_road_5010982-EA-000,92086ded-a55d-4241-a364-7d7ea91531b4,PAK'nSAVE Lincoln Road,PAK'nSAVE,West Auckland,5010982-EA-000,Mi Goreng Instant Noodles,Mi Sedaap,5 x 90g,4.29,"Rice, Pasta & Noodles"
pakn_save_lincoln_road_5009982-EA-000,92086ded-a55d-4241-a364-7d7ea91531b4,PAK'nSAVE Lincoln Road,PAK'nSAVE,West Auckland,5009982-EA-000,Chicken Instant Noodle Cup,Fantastic,70g,1.89,"Rice, Pasta & Noodles"
pakn_save_lincoln_road_5343765-EA-000,92086ded-a55d-4241-a364-7d7ea91531b4,PAK'nSAVE Lincoln Road,PAK'nSAVE,West Auckland,5343765-EA-000,Rolled Oats,Pams,1.5kg,4.49,"Breakfast Cereals, Oats & Spreads"
pakn_save_lincoln_road_5343766-EA-000,92086ded-a55d-4241-a364-7d7ea91531b4,PAK'nSAVE Lincoln Road,PAK'nSAVE,West Auckland,5343766-EA-000,Rolled Oats,Pams,750g,2.29,"Breakfast Cereals, Oats & Spreads"
pakn_save_lincoln_road_5011855-EA-000,92086ded-a55d-4241-a364-7d7ea91531b4,PAK'nSAVE Lincoln Road,PAK'nSAVE,West Auckland,5011855-EA-000,Rolled Oats,Harraways,1.5kg,6.49,"Breakfast Cereals, Oats & Spreads"
pakn_save_lincoln_road_5016454-EA-000,92086ded-a55d-4241-a364-7d7ea91531b4,PAK'nSAVE Lincoln Road,PAK'nSAVE,West Auckland,5016454-EA-000,Wholegrain Oats,Pams,1kg,3.69,"Bread, Wraps & Bakery"
pakn_save_lincoln_road_5011507-EA-000,92086ded-a55d-4241-a364-7d7ea91531b4,PAK'nSAVE Lincoln Road,PAK'nSAVE,West Auckland,5011507-EA-000,Rolled Oats,Harraways,800g,5.19,"Breakfast Cereals, Oats & Spreads"
pakn_save_lincoln_road_5302626-EA-000,92086ded-a55d-4241-a364-7d7ea91531b4,PAK'nSAVE Lincoln Road,PAK'nSAVE,West Auckland,5302626-EA-000,Cocoa Puffs Breakfast Cereal,Pams,500g,3.69,"Breakfast Cereals, Oats & Spreads"
pakn_save_lincoln_road_5014712-EA-000,92086ded-a55d-4241-a364-7d7ea91531b4,PAK'nSAVE Lincoln Road,PAK'nSAVE,West Auckland,5014712-EA-000,Wild Berry Bites Breakfast Cereal,Sanitarium Weet-Bix,500g,6.49,"Breakfast Cereals, Oats & Spreads"
pakn_save_lincoln_road_5002800-EA-000,92086ded-a55d-4241-a364-7d7ea91531b4,PAK'nSAVE Lincoln Road,PAK'nSAVE,West Auckland,5002800-EA-000,Breakfast Cereal,Sanitarium Weet-Bix,750g,6.19,"Breakfast Cereals, Oats & Spreads"
pakn_save_lincoln_road_5003723-EA-000,92086ded-a55d-4241-a364-7d7ea91531b4,PAK'nSAVE Lincoln Road,PAK'nSAVE,West Auckland,5003723-EA-000,Cornflakes,Pams,500g,2.99,"Breakfast Cereals, Oats & Spreads"
pakn_save_lincoln_road_5299989-EA-000,92086ded-a55d-4241-a364-7d7ea91531b4,PAK'nSAVE Lincoln Road,PAK'nSAVE,West Auckland,5299989-EA-000,Nutri-Grain Breakfast Cereal,Kellogg's,470g,8.99,"Breakfast Cereals, Oats & Spreads"
pakn_save_lincoln_road_5035008-EA-000,92086ded-a55d-4241-a364-7d7ea91531b4,PAK'nSAVE Lincoln Road,PAK'nSAVE,West Auckland,5035008-EA-000,Breakfast Cereal,Sanitarium Weet-Bix,1.2kg,6.99,"Breakfast Cereals, Oats & Spreads"
pakn_save_lincoln_road_5002799-EA-000,92086ded-a55d-4241-a364-7d7ea91531b4,PAK'nSAVE Lincoln Road,PAK'nSAVE,West Auckland,5002799-EA-000,Breakfast Cereal,Sanitarium Weet-Bix,375g,4.49,"Breakfast Cereals, Oats & Spreads"
pakn_save_lincoln_road_5326165-EA-000,92086ded-a55d-4241-a364-7d7ea91531b4,PAK'nSAVE Lincoln Road,PAK'nSAVE,West Auckland,5326165-EA-000,Bites Coco Crunch Breakfast Cereal,Sanitarium Weet-Bix,500g,6.49,"Breakfast Cereals, Oats & Spreads"
pakn_save_lincoln_road_5026067-EA-000,92086ded-a55d-4241-a364-7d7ea91531b4,PAK'nSAVE Lincoln Road,PAK'nSAVE,West Auckland,5026067-EA-000,White Toast Bread,Nature's Fresh,700g,3.82,"Bread, Wraps & Bakery"
pakn_save_lincoln_road_5009506-EA-000,92086ded-a55d-4241-a364-7d7ea91531b4,PAK'nSAVE Lincoln Road,PAK'nSAVE,West Auckland,5009506-EA-000,Supersoft White Toast Bread,Tip Top,700g,3.89,"Bread, Wraps & Bakery"
pakn_save_lincoln_road_5026013-EA-000,92086ded-a55d-4241-a364-7d7ea91531b4,PAK'nSAVE Lincoln Road,PAK'nSAVE,West Auckland,5026013-EA-000,White Super Thick Toast Bread,Nature's Fresh,700g,3.82,"Bread, Wraps & Bakery"
pakn_save_lincoln_road_5092911-EA-000,92086ded-a55d-4241-a364-7d7ea91531b4,PAK'nSAVE Lincoln Road,PAK'nSAVE,West Auckland,5092911-EA-000,White Toast Fresh Sliced Bread,Pams Value,600g,2.02,"Bread, Wraps & Bakery"
pakn_save_lincoln_road_5275323-EA-000,92086ded-a55d-4241-a364-7d7ea91531b4,PAK'nSAVE Lincoln Road,PAK'nSAVE,West Auckland,5275323-EA-000,Supersoft High Fibre White Toast Bread,Tip Top,700g,3.89,"Bread, Wraps & Bakery"
pakn_save_lincoln_road_5338629-EA-000,92086ded-a55d-4241-a364-7d7ea91531b4,PAK'nSAVE Lincoln Road,PAK'nSAVE,West Auckland,5338629-EA-000,Glorious Grains Original Wholegrain Bread,Ploughmans Bakery,700g,3.99,"Bread, Wraps & Bakery"
pakn_save_lincoln_road_5018055-EA-000,92086ded-a55d-4241-a364-7d7ea91531b4,PAK'nSAVE Lincoln Road,PAK'nSAVE,West Auckland,5018055-EA-000,Wholegrain Tortillas,Pams,6pk,2.99,"Bread, Wraps & Bakery"
pakn_save_lincoln_road_5341016-EA-000,92086ded-a55d-4241-a364-7d7ea91531b4,PAK'nSAVE Lincoln Road,PAK'nSAVE,West Auckland,5341016-EA-000,Wholegrain Soft Wraps,Rebel Bakehouse,6 x 63g,5.39,"Bread, Wraps & Bakery"
pakn_save_lincoln_road_5238867-EA-000,92086ded-a55d-4241-a364-7d7ea91531b4,PAK'nSAVE Lincoln Road,PAK'nSAVE,West Auckland,5238867-EA-000,Whole Grain Rye Bread,Haverland,500g,4.99,"Bread, Wraps & Bakery"
pakn_save_lincoln_road_5350985-EA-000,92086ded-a55d-4241-a364-7d7ea91531b4,PAK'nSAVE Lincoln Road,PAK'nSAVE,West Auckland,5350985-EA-000,Supersoft Gluten Free Smooth Wholegrain Bread,Tip Top,550g,7.59,"Bread, Wraps & Bakery"
pakn_save_lincoln_road_5308179-EA-000,92086ded-a55d-4241-a364-7d7ea91531b4,PAK'nSAVE Lincoln Road,PAK'nSAVE,West Auckland,5308179-EA-000,Low Carb Tortillas,Farrah's,10pk,4.49,"Bread, Wraps & Bakery"
pakn_save_lincoln_road_5269394-EA-000,92086ded-a55d-4241-a364-7d7ea91531b4,PAK'nSAVE Lincoln Road,PAK'nSAVE,West Auckland,5269394-EA-000,White Wraps,Pams,8pk,4.39,"Bread, Wraps & Bakery"
pakn_save_lincoln_road_5016678-EA-000,92086ded-a55d-4241-a364-7d7ea91531b4,PAK'nSAVE Lincoln Road,PAK'nSAVE,West Auckland,5016678-EA-000,Wraps Premium White,Farrah's,6pk,4.79,"Bread, Wraps & Bakery"
pakn_save_lincoln_road_5016682-EA-000,92086ded-a55d-4241-a364-7d7ea91531b4,PAK'nSAVE Lincoln Road,PAK'nSAVE,West Auckland,5016682-EA-000,Wraps Wholemeal,Farrah's,6pk,4.79,"Bread, Wraps & Bakery"
pakn_save_lincoln_road_5006275-EA-000,92086ded-a55d-4241-a364-7d7ea91531b4,PAK'nSAVE Lincoln Road,PAK'nSAVE,West Auckland,5006275-EA-000,White Round Pita Bread,Pams,8 x 43.8g,3.59,"Bread, Wraps & Bakery"
pakn_save_lincoln_road_5229326-EA-000,92086ded-a55d-4241-a364-7d7ea91531b4,PAK'nSAVE Lincoln Road,PAK'nSAVE,West Auckland,5229326-EA-000,Round Wholemeal Pita,Pams,8pk,3.59,"Bread, Wraps & Bakery"
pakn_save_lincoln_road_5028784-EA-000,92086ded-a55d-4241-a364-7d7ea91531b4,PAK'nSAVE Lincoln Road,PAK'nSAVE,West Auckland,5028784-EA-000,Wholemeal Pita Breads,Giannis,8pk,4.09,"Bread, Wraps & Bakery"
pakn_save_lincoln_road_5008178-EA-000,92086ded-a55d-4241-a364-7d7ea91531b4,PAK'nSAVE Lincoln Road,PAK'nSAVE,West Auckland,5008178-EA-000,Original Pita Bread,Danny's,5pk,5.49,"Bread, Wraps & Bakery"
pakn_save_lincoln_road_5025975-EA-000,92086ded-a55d-4241-a364-7d7ea91531b4,PAK'nSAVE Lincoln Road,PAK'nSAVE,West Auckland,5025975-EA-000,Classic White Pita Breads,Giannis,8pk,4.09,"Bread, Wraps & Bakery"
pakn_save_lincoln_road_5323568-EA-000,92086ded-a55d-4241-a364-7d7ea91531b4,PAK'nSAVE Lincoln Road,PAK'nSAVE,West Auckland,5323568-EA-000,King Size Burger Buns,Pams,8pk,4.94,"Bread, Wraps & Bakery"
pakn_save_lincoln_road_5009507-EA-000,92086ded-a55d-4241-a364-7d7ea91531b4,PAK'nSAVE Lincoln Road,PAK'nSAVE,West Auckland,5009507-EA-000,Supersoft Burger Buns,Tip Top,6pk,4.39,"Bread, Wraps & Bakery"
pakn_save_lincoln_road_5323567-EA-000,92086ded-a55d-4241-a364-7d7ea91531b4,PAK'nSAVE Lincoln Road,PAK'nSAVE,West Auckland,5323567-EA-000,Brioche Style Burger Buns,Pams,6pk,5.32,"Bread, Wraps & Bakery"
pakn_save_lincoln_road_5012076-EA-000,92086ded-a55d-4241-a364-7d7ea91531b4,PAK'nSAVE Lincoln Road,PAK'nSAVE,West Auckland,5012076-EA-000,Supersoft Sesame Burger Buns,Tip Top,6 x 75g,4.39,"Bread, Wraps & Bakery"
pakn_save_lincoln_road_5118178-EA-000,92086ded-a55d-4241-a364-7d7ea91531b4,PAK'nSAVE Lincoln Road,PAK'nSAVE,West Auckland,5118178-EA-000,Ciabatta Buns,,6pk,5.99,"Bread, Wraps & Bakery"
pakn_save_lincoln_road_5003829-EA-000,92086ded-a55d-4241-a364-7d7ea91531b4,PAK'nSAVE Lincoln Road,PAK'nSAVE,West Auckland,5003829-EA-000,Pure Plain Flour,Pams,1.5kg,1.89,"Flour, Sugar & Baking"
pakn_save_lincoln_road_5003830-EA-000,92086ded-a55d-4241-a364-7d7ea91531b4,PAK'nSAVE Lincoln Road,PAK'nSAVE,West Auckland,5003830-EA-000,Pure Plain Flour,Pams,5kg,6.49,"Flour, Sugar & Baking"
pakn_save_lincoln_road_5327096-EA-000,92086ded-a55d-4241-a364-7d7ea91531b4,PAK'nSAVE Lincoln Road,PAK'nSAVE,West Auckland,5327096-EA-000,Gluten Free Plain Flour,Pams,750g,5.09,"Flour, Sugar & Baking"
pakn_save_lincoln_road_5027521-EA-000,92086ded-a55d-4241-a364-7d7ea91531b4,PAK'nSAVE Lincoln Road,PAK'nSAVE,West Auckland,5027521-EA-000,Gluten Free Plain Flour,Edmonds,750g,5.99,"Flour, Sugar & Baking"
pakn_save_lincoln_road_5003844-EA-000,92086ded-a55d-4241-a364-7d7ea91531b4,PAK'nSAVE Lincoln Road,PAK'nSAVE,West Auckland,5003844-EA-000,Self Raising Flour,Pams,1.5kg,2.19,"Flour, Sugar & Baking"
pakn_save_lincoln_road_5286792-EA-000,92086ded-a55d-4241-a364-7d7ea91531b4,PAK'nSAVE Lincoln Road,PAK'nSAVE,West Auckland,5286792-EA-000,Self Raising Flour,Edmonds,1.5kg,3.69,"Flour, Sugar & Baking"
pakn_save_lincoln_road_5027519-EA-000,92086ded-a55d-4241-a364-7d7ea91531b4,PAK'nSAVE Lincoln Road,PAK'nSAVE,West Auckland,5027519-EA-000,Gluten Free Self Raising Flour,Edmonds,750g,5.99,"Flour, Sugar & Baking"
pakn_save_lincoln_road_5327097-EA-000,92086ded-a55d-4241-a364-7d7ea91531b4,PAK'nSAVE Lincoln Road,PAK'nSAVE,West Auckland,5327097-EA-000,Gluten Free Self Raising Flour,Pams,750g,5.09,"Flour, Sugar & Baking"
pakn_save_lincoln_road_5003885-EA-000,92086ded-a55d-4241-a364-7d7ea91531b4,PAK'nSAVE Lincoln Road,PAK'nSAVE,West Auckland,5003885-EA-000,White Sugar,Pams,1.5kg,2.99,"Flour, Sugar & Baking"
pakn_save_lincoln_road_5002760-EA-000,92086ded-a55d-4241-a364-7d7ea91531b4,PAK'nSAVE Lincoln Road,PAK'nSAVE,West Auckland,5002760-EA-000,White Sugar,Chelsea,1.5kg,3.39,"Flour, Sugar & Baking"
pakn_save_lincoln_road_5020337-EA-000,92086ded-a55d-4241-a364-7d7ea91531b4,PAK'nSAVE Lincoln Road,PAK'nSAVE,West Auckland,5020337-EA-000,White Sugar,Pams,500g,2.19,"Flour, Sugar & Baking"
pakn_save_lincoln_road_5004782-EA-000,92086ded-a55d-4241-a364-7d7ea91531b4,PAK'nSAVE Lincoln Road,PAK'nSAVE,West Auckland,5004782-EA-000,White Sugar,Pams,3kg,6.19,"Flour, Sugar & Baking"
pakn_save_lincoln_road_5002752-EA-000,92086ded-a55d-4241-a364-7d7ea91531b4,PAK'nSAVE Lincoln Road,PAK'nSAVE,West Auckland,5002752-EA-000,White Sugar,Chelsea,500g,2.29,"Flour, Sugar & Baking"
pakn_save_lincoln_road_5003683-EA-000,92086ded-a55d-4241-a364-7d7ea91531b4,PAK'nSAVE Lincoln Road,PAK'nSAVE,West Auckland,5003683-EA-000,Soft Brown Sugar,Pams,1kg,2.19,"Flour, Sugar & Baking"
pakn_save_lincoln_road_5002762-EA-000,92086ded-a55d-4241-a364-7d7ea91531b4,PAK'nSAVE Lincoln Road,PAK'nSAVE,West Auckland,5002762-EA-000,Soft Brown Sugar,Chelsea,500g,2.29,"Flour, Sugar & Baking"
pakn_save_lincoln_road_5002763-EA-000,92086ded-a55d-4241-a364-7d7ea91531b4,PAK'nSAVE Lincoln Road,PAK'nSAVE,West Auckland,5002763-EA-000,Soft Brown Sugar,Chelsea,1kg,3.59,"Flour, Sugar & Baking"
pakn_save_lincoln_road_5020639-EA-000,92086ded-a55d-4241-a364-7d7ea91531b4,PAK'nSAVE Lincoln Road,PAK'nSAVE,West Auckland,5020639-EA-000,Mini Frozen Hash Browns,Pams,750g,4.04,Frozen Foods
pakn_save_sylvia_park_5045856-KGM-000,c0f80e87-16be-4488-9553-da437e8c6c2a,PAK'nSAVE Sylvia Park,PAK'nSAVE,East Auckland,5045856-KGM-000,Brown Onions,,kg,1.99,Fresh Vegetables
pakn_save_sylvia_park_5223140-KGM-000,c0f80e87-16be-4488-9553-da437e8c6c2a,PAK'nSAVE Sylvia Park,PAK'nSAVE,East Auckland,5223140-KGM-000,Peeled Red Onions,,kg,4.99,Fresh Vegetables
pakn_save_sylvia_park_5264183-EA-000,c0f80e87-16be-4488-9553-da437e8c6c2a,PAK'nSAVE Sylvia Park,PAK'nSAVE,East Auckland,5264183-EA-000,Red Onions,Pams,1kg,3.99,Fresh Vegetables
pakn_save_sylvia_park_5040009-EA-000,c0f80e87-16be-4488-9553-da437e8c6c2a,PAK'nSAVE Sylvia Park,PAK'nSAVE,East Auckland,5040009-EA-000,Spring Onions,,ea,2.29,Fresh Vegetables
pakn_save_sylvia_park_5009708-EA-000,c0f80e87-16be-4488-9553-da437e8c6c2a,PAK'nSAVE Sylvia Park,PAK'nSAVE,East Auckland,5009708-EA-000,Onion Soup Mix Sachet,Maggi,32g,1.39,Fresh Vegetables
pakn_save_sylvia_park_5045849-KGM-000,c0f80e87-16be-4488-9553-da437e8c6c2a,PAK'nSAVE Sylvia Park,PAK'nSAVE,East Auckland,5045849-KGM-000,White Washed Potatoes,,kg,3.29,Fresh Vegetables
pakn_save_sylvia_park_5045841-KGM-000,c0f80e87-16be-4488-9553-da437e8c6c2a,PAK'nSAVE Sylvia Park,PAK'nSAVE,East Auckland,5045841-KGM-000,Yellow Agria Potatoes,,kg,3.89,Fresh Vegetables
pakn_save_sylvia_park_5264171-EA-000,c0f80e87-16be-4488-9553-da437e8c6c2a,PAK'nSAVE Sylvia Park,PAK'nSAVE,East Auckland,5264171-EA-000,Washed White Potatoes,Pams,2.5kg,6.99,Fresh Vegetables
pakn_save_sylvia_park_5264170-EA-000,c0f80e87-16be-4488-9553-da437e8c6c2a,PAK'nSAVE Sylvia Park,PAK'nSAVE,East Auckland,5264170-EA-000,Washed White Potatoes,Pams,4kg,12.99,Fresh Vegetables
pakn_save_sylvia_park_5264173-EA-000,c0f80e87-16be-4488-9553-da437e8c6c2a,PAK'nSAVE Sylvia Park,PAK'nSAVE,East Auckland,5264173-EA-000,Washed Roasting & Mashing Potatoes,Pams,2.5kg,6.99,Fresh Vegetables
pakn_save_sylvia_park_5046145-EA-000,c0f80e87-16be-4488-9553-da437e8c6c2a,PAK'nSAVE Sylvia Park,PAK'nSAVE,East Auckland,5046145-EA-000,Garlic,,7pk,1.99,Fresh Vegetables
pakn_save_sylvia_park_5008899-EA-000,c0f80e87-16be-4488-9553-da437e8c6c2a,PAK'nSAVE Sylvia Park,PAK'nSAVE,East Auckland,5008899-EA-000,Crushed Garlic,Pams,230g,2.29,Fresh Vegetables
pakn_save_sylvia_park_5046565-KGM-000,c0f80e87-16be-4488-9553-da437e8c6c2a,PAK'nSAVE Sylvia Park,PAK'nSAVE,East Auckland,5046565-KGM-000,Loose Garlic,,kg,39.99,Fresh Vegetables
pakn_save_sylvia_park_5046212-EA-000,c0f80e87-16be-4488-9553-da437e8c6c2a,PAK'nSAVE Sylvia Park,PAK'nSAVE,East Auckland,5046212-EA-000,Crushed Garlic,Healthy n Fresh,380g,4.29,Fresh Vegetables
pakn_save_sylvia_park_5046757-EA-000,c0f80e87-16be-4488-9553-da437e8c6c2a,PAK'nSAVE Sylvia Park,PAK'nSAVE,East Auckland,5046757-EA-000,Peeled Garlic,,500g,3.99,Fresh Vegetables
pakn_save_sylvia_park_5039965-KGM-000,c0f80e87-16be-4488-9553-da437e8c6c2a,PAK'nSAVE Sylvia Park,PAK'nSAVE,East Auckland,5039965-KGM-000,Carrots,,kg,2.39,Fresh Vegetables
pakn_save_sylvia_park_5264169-EA-000,c0f80e87-16be-4488-9553-da437e8c6c2a,PAK'nSAVE Sylvia Park,PAK'nSAVE,East Auckland,5264169-EA-000,Fresh Carrots,Value,2kg,4.99,Fresh Vegetables
pakn_save_sylvia_park_5245226-EA-000,c0f80e87-16be-4488-9553-da437e8c6c2a,PAK'nSAVE Sylvia Park,PAK'nSAVE,East Auckland,5245226-EA-000,Beta Bites Snacking Carrots,Wilcox,250g,3.99,Fresh Vegetables
pakn_save_sylvia_park_5046562-EA-000,c0f80e87-16be-4488-9553-da437e8c6c2a,PAK'nSAVE Sylvia Park,PAK'nSAVE,East Auckland,5046562-EA-000,NZ Celery,,ea,2.0,Fresh Vegetables
pakn_save_sylvia_park_5039953-KGM-000,c0f80e87-16be-4488-9553-da437e8c6c2a,PAK'nSAVE Sylvia Park,PAK'nSAVE,East Auckland,5039953-KGM-000,Beetroot,,kg,4.99,Fresh Vegetables
pakn_save_sylvia_park_5039956-EA-000,c0f80e87-16be-4488-9553-da437e8c6c2a,PAK'nSAVE Sylvia Park,PAK'nSAVE,East Auckland,5039956-EA-000,Broccoli,,ea,1.99,Fresh Vegetables
pakn_save_sylvia_park_5039966-EA-000,c0f80e87-16be-4488-9553-da437e8c6c2a,PAK'nSAVE Sylvia Park,PAK'nSAVE,East Auckland,5039966-EA-000,Cauliflower,,ea,2.99,Fresh Vegetables
pakn_save_sylvia_park_5294382-EA-000,c0f80e87-16be-4488-9553-da437e8c6c2a,PAK'nSAVE Sylvia Park,PAK'nSAVE,East Auckland,5294382-EA-000,Frozen Whole Florets Broccoli,SB,1kg,5.54,Frozen Foods
pakn_save_sylvia_park_5046517-EA-000,c0f80e87-16be-4488-9553-da437e8c6c2a,PAK'nSAVE Sylvia Park,PAK'nSAVE,East Auckland,5046517-EA-000,Green Cabbage Half,,ea,2.99,Fresh Vegetables
pakn_save_sylvia_park_5012239-EA-000,c0f80e87-16be-4488-9553-da437e8c6c2a,PAK'nSAVE Sylvia Park,PAK'nSAVE,East Auckland,5012239-EA-000,Broccoli & Cauliflower Medley,Wattie's,650g,5.19,Fresh Vegetables
pakn_save_sylvia_park_5040098-KGM-000,c0f80e87-16be-4488-9553-da437e8c6c2a,PAK'nSAVE Sylvia Park,PAK'nSAVE,East Auckland,5040098-KGM-000,Loose Red Tomatoes,,kg,5.99,Fresh Vegetables
pakn_save_sylvia_park_5259530-EA-000,c0f80e87-16be-4488-9553-da437e8c6c2a,PAK'nSAVE Sylvia Park,PAK'nSAVE,East Auckland,5259530-EA-000,Classic Tomatoes.,Sunburst,200g,5.99,Fresh Vegetables
pakn_save_sylvia_park_5028889-EA-000,c0f80e87-16be-4488-9553-da437e8c6c2a,PAK'nSAVE Sylvia Park,PAK'nSAVE,East Auckland,5028889-EA-000,Telegraph Cucumber,,ea,2.99,Fresh Vegetables
pakn_save_sylvia_park_5092718-EA-000,c0f80e87-16be-4488-9553-da437e8c6c2a,PAK'nSAVE Sylvia Park,PAK'nSAVE,East Auckland,5092718-EA-000,Chopped Tomatoes in Juice,Pams Value,400g,0.89,Canned Goods
pakn_save_sylvia_park_5040543-EA-000,c0f80e87-16be-4488-9553-da437e8c6c2a,PAK'nSAVE Sylvia Park,PAK'nSAVE,East Auckland,5040543-EA-000,Angel Naturally Sweet Tomatoes,Beekist,200g,5.99,Fresh Vegetables
pakn_save_sylvia_park_5040464-EA-000,c0f80e87-16be-4488-9553-da437e8c6c2a,PAK'nSAVE Sylvia Park,PAK'nSAVE,East Auckland,5040464-EA-000,Baby Spinach,Pams,120g,2.89,Fresh Vegetables
pakn_save_sylvia_park_5331778-EA-000,c0f80e87-16be-4488-9553-da437e8c6c2a,PAK'nSAVE Sylvia Park,PAK'nSAVE,East Auckland,5331778-EA-000,Baby Spinach,Pams,300g,5.99,Fresh Vegetables
pakn_save_sylvia_park_5089918-EA-000,c0f80e87-16be-4488-9553-da437e8c6c2a,PAK'nSAVE Sylvia Park,PAK'nSAVE,East Auckland,5089918-EA-000,Frozen Blanched Spinach,SB,1kg,5.54,Frozen Foods
pakn_save_sylvia_park_5046727-EA-000,c0f80e87-16be-4488-9553-da437e8c6c2a,PAK'nSAVE Sylvia Park,PAK'nSAVE,East Auckland,5046727-EA-000,Baby Spinach,,300g,5.99,Fresh Vegetables
pakn_save_sylvia_park_5039990-EA-000,c0f80e87-16be-4488-9553-da437e8c6c2a,PAK'nSAVE Sylvia Park,PAK'nSAVE,East Auckland,5039990-EA-000,Bagged Iceberg Lettuce,,ea,2.99,Fresh Vegetables
pakn_save_sylvia_park_5046440-EA-000,c0f80e87-16be-4488-9553-da437e8c6c2a,PAK'nSAVE Sylvia Park,PAK'nSAVE,East Auckland,5046440-EA-000,Fresh Cut Lettuce,,ea,1.99,Fresh Vegetables
pakn_save_sylvia_park_5303543-EA-000,c0f80e87-16be-4488-9553-da437e8c6c2a,PAK'nSAVE Sylvia Park,PAK'nSAVE,East Auckland,5303543-EA-000,Iceberg Lettuce,Pams,1pk,2.99,Fresh Vegetables
pakn_save_sylvia_park_5040462-EA-000,c0f80e87-16be-4488-9553-da437e8c6c2a,PAK'nSAVE Sylvia Park,PAK'nSAVE,East Auckland,5040462-EA-000,Baby Leaf Lettuce,Pams,100g,3.79,Fresh Vegetables
pakn_save_sylvia_park_5047010-EA-000,c0f80e87-16be-4488-9553-da437e8c6c2a,PAK'nSAVE Sylvia Park,PAK'nSAVE,East Auckland,5047010-EA-000,Fancy Green Lettuce,,ea,2.99,Fresh Vegetables
pakn_save_sylvia_park_5345931-EA-000,c0f80e87-16be-4488-9553-da437e8c6c2a,PAK'nSAVE Sylvia Park,PAK'nSAVE,East Auckland,5345931-EA-000,Strawberry Tomatoes,,180g,5.99,Fresh Fruit
pakn_save_sylvia_park_5345926-EA-000,c0f80e87-16be-4488-9553-da437e8c6c2a,PAK'nSAVE Sylvia Park,PAK'nSAVE,East Auckland,5345926-EA-000,Cherry Tomatoes,Pams,180g,5.99,Fresh Vegetables
pakn_save_sylvia_park_5046533-KGM-000,c0f80e87-16be-4488-9553-da437e8c6c2a,PAK'nSAVE Sylvia Park,PAK'nSAVE,East Auckland,5046533-KGM-000,White Button Mushrooms,,kg,9.99,Fresh Vegetables
pakn_save_sylvia_park_5326590-EA-000,c0f80e87-16be-4488-9553-da437e8c6c2a,PAK'nSAVE Sylvia Park,PAK'nSAVE,East Auckland,5326590-EA-000,White Button Mushrooms,Pams,400g,5.99,Fresh Vegetables
pakn_save_sylvia_park_5294812-EA-000,c0f80e87-16be-4488-9553-da437e8c6c2a,PAK'nSAVE Sylvia Park,PAK'nSAVE,East Auckland,5294812-EA-000,White Button Mushrooms,Meadow Mushrooms,200g,3.99,Fresh Vegetables
pakn_save_sylvia_park_5040006-KGM-000,c0f80e87-16be-4488-9553-da437e8c6c2a,PAK'nSAVE Sylvia Park,PAK'nSAVE,East Auckland,5040006-KGM-000,Portabello Flat Mushrooms,,kg,14.99,Fresh Vegetables
pakn_save_sylvia_park_5009709-EA-000,c0f80e87-16be-4488-9553-da437e8c6c2a,PAK'nSAVE Sylvia Park,PAK'nSAVE,East Auckland,5009709-EA-000,Creamy Mushroom Soup Mix Sachet,Maggi,37g,1.39,Fresh Vegetables
pakn_save_sylvia_park_5025801-EA-000,c0f80e87-16be-4488-9553-da437e8c6c2a,PAK'nSAVE Sylvia Park,PAK'nSAVE,East Auckland,5025801-EA-000,Roasted Red Peppers In Oil,Golden Sun,680g,6.49,Fresh Vegetables
pakn_save_sylvia_park_5046525-KGM-000,c0f80e87-16be-4488-9553-da437e8c6c2a,PAK'nSAVE Sylvia Park,PAK'nSAVE,East Auckland,5046525-KGM-000,Royal Gala Apples,,kg,4.49,Fresh Fruit
pakn_save_sylvia_park_5039945-KGM-000,c0f80e87-16be-4488-9553-da437e8c6c2a,PAK'nSAVE Sylvia Park,PAK'nSAVE,East Auckland,5039945-KGM-000,Granny Smith Apples,,kg,4.49,Fresh Fruit
pakn_save_sylvia_park_5045864-KGM-000,c0f80e87-16be-4488-9553-da437e8c6c2a,PAK'nSAVE Sylvia Park,PAK'nSAVE,East Auckland,5045864-KGM-000,Rose Apples,,kg,3.99,Fresh Fruit
pakn_save_sylvia_park_5046462-KGM-000,c0f80e87-16be-4488-9553-da437e8c6c2a,PAK'nSAVE Sylvia Park,PAK'nSAVE,East Auckland,5046462-KGM-000,Ambrosia Apples,,kg,5.99,Fresh Fruit
pakn_save_sylvia_park_5040512-EA-000,c0f80e87-16be-4488-9553-da437e8c6c2a,PAK'nSAVE Sylvia Park,PAK'nSAVE,East Auckland,5040512-EA-000,NZ Rose Apples,,1.5kg,6.99,Fresh Fruit
pakn_save_sylvia_park_5046542-KGM-000,c0f80e87-16be-4488-9553-da437e8c6c2a,PAK'nSAVE Sylvia Park,PAK'nSAVE,East Auckland,5046542-KGM-000,Bananas,,kg,3.29,Fresh Fruit
pakn_save_sylvia_park_5007770-EA-000,c0f80e87-16be-4488-9553-da437e8c6c2a,PAK'nSAVE Sylvia Park,PAK'nSAVE,East Auckland,5007770-EA-000,Bobby Bananas Bunch,Dole,ea,3.99,Fresh Fruit
pakn_save_sylvia_park_5040730-EA-000,c0f80e87-16be-4488-9553-da437e8c6c2a,PAK'nSAVE Sylvia Park,PAK'nSAVE,East Auckland,5040730-EA-000,Fairtrade Bananas,,1pk,4.99,Fresh Fruit
pakn_save_sylvia_park_5205142-EA-000,c0f80e87-16be-4488-9553-da437e8c6c2a,PAK'nSAVE Sylvia Park,PAK'nSAVE,East Auckland,5205142-EA-000,Spinach Apple Blueberry & Banana Vege Fruit Sticks,Mother Earth,152g,2.49,Fresh Fruit
pakn_save_sylvia_park_5017392-EA-000,c0f80e87-16be-4488-9553-da437e8c6c2a,PAK'nSAVE Sylvia Park,PAK'nSAVE,East Auckland,5017392-EA-000,Banana Flavour Liquid Breakfast,Sanitarium Up & Go,6 x 250ml,10.69,Fresh Fruit
pakn_save_sylvia_park_5046611-KGM-000,c0f80e87-16be-4488-9553-da437e8c6c2a,PAK'nSAVE Sylvia Park,PAK'nSAVE,East Auckland,5046611-KGM-000,Navel Oranges Imported,,kg,2.99,Fresh Fruit
pakn_save_sylvia_park_5040011-KGM-000,c0f80e87-16be-4488-9553-da437e8c6c2a,PAK'nSAVE Sylvia Park,PAK'nSAVE,East Auckland,5040011-KGM-000,Orange Kumara,,kg,4.99,Fresh Fruit
pakn_save_sylvia_park_5046917-KGM-000,c0f80e87-16be-4488-9553-da437e8c6c2a,PAK'nSAVE Sylvia Park,PAK'nSAVE,East Auckland,5046917-KGM-000,Imported Mandarins,,kg,4.99,Fresh Fruit
pakn_save_sylvia_park_5039995-KGM-000,c0f80e87-16be-4488-9553-da437e8c6c2a,PAK'nSAVE Sylvia Park,PAK'nSAVE,East Auckland,5039995-KGM-000,Mandarins,,kg,4.99,Fresh Fruit
pakn_save_sylvia_park_5046477-KGM-000,c0f80e87-16be-4488-9553-da437e8c6c2a,PAK'nSAVE Sylvia Park,PAK'nSAVE,East Auckland,5046477-KGM-000,Lemons,,kg,3.99,Fresh Fruit
pakn_save_sylvia_park_5203150-EA-000,c0f80e87-16be-4488-9553-da437e8c6c2a,PAK'nSAVE Sylvia Park,PAK'nSAVE,East Auckland,5203150-EA-000,Lemon Baking Juice,Pams,250ml,2.09,Fresh Fruit
pakn_save_sylvia_park_5003304-EA-000,c0f80e87-16be-4488-9553-da437e8c6c2a,PAK'nSAVE Sylvia Park,PAK'nSAVE,East Auckland,5003304-EA-000,Lemon Treats Biscuits,Griffin's,250g,2.79,Fresh Fruit
pakn_save_sylvia_park_5286628-KGM-000,c0f80e87-16be-4488-9553-da437e8c6c2a,PAK'nSAVE Sylvia Park,PAK'nSAVE,East Auckland,5286628-KGM-000,Lemons,,kg,3.99,Fresh Fruit
pakn_save_sylvia_park_5345885-EA-000,c0f80e87-16be-4488-9553-da437e8c6c2a,PAK'nSAVE Sylvia Park,PAK'nSAVE,East Auckland,5345885-EA-000,Rocketslaw Salad with Creamy Lemon Mayonnaise,Salad,350g,5.49,Fresh Fruit
pakn_save_sylvia_park_5310072-EA-000,c0f80e87-16be-4488-9553-da437e8c6c2a,PAK'nSAVE Sylvia Park,PAK'nSAVE,East Auckland,5310072-EA-000,Snap Frozen Mixed Berries,The Berry Fix,1.5kg,15.49,Frozen Foods
pakn_save_sylvia_park_5316337-EA-000,c0f80e87-16be-4488-9553-da437e8c6c2a,PAK'nSAVE Sylvia Park,PAK'nSAVE,East Auckland,5316337-EA-000,Mixed Berries,Frozen Harvest,500g,7.09,Frozen Foods
pakn_save_sylvia_park_5004944-EA-000,c0f80e87-16be-4488-9553-da437e8c6c2a,PAK'nSAVE Sylvia Park,PAK'nSAVE,East Auckland,5004944-EA-000,Mixed Berries,Pams,500g,6.99,Fresh Fruit
pakn_save_sylvia_park_5310065-EA-000,c0f80e87-16be-4488-9553-da437e8c6c2a,PAK'nSAVE Sylvia Park,PAK'nSAVE,East Auckland,5310065-EA-000,Five Berry Medley,Fruzio,750g,10.99,Fresh Fruit
pakn_save_sylvia_park_5312786-EA-000,c0f80e87-16be-4488-9553-da437e8c6c2a,PAK'nSAVE Sylvia Park,PAK'nSAVE,East Auckland,5312786-EA-000,Mixed Berry,Fruzio,750g,10.49,Fresh Fruit
pakn_save_sylvia_park_5105651-KGM-000,c0f80e87-16be-4488-9553-da437e8c6c2a,PAK'nSAVE Sylvia Park,PAK'nSAVE,East Auckland,5105651-KGM-000,Skinless Chicken Breast,,kg,13.99,Chicken & Poultry
pakn_save_sylvia_park_5118844-KGM-000,c0f80e87-16be-4488-9553-da437e8c6c2a,PAK'nSAVE Sylvia Park,PAK'nSAVE,East Auckland,5118844-KGM-000,NZ Chicken Thighs Bone In,,kg,9.99,Chicken & Poultry
pakn_save_sylvia_park_5115633-KGM-000,c0f80e87-16be-4488-9553-da437e8c6c2a,PAK'nSAVE Sylvia Park,PAK'nSAVE,East Auckland,5115633-KGM-000,NZ Skinless Chicken Thigh Fillet,,kg,15.99,Chicken & Poultry
pakn_save_sylvia_park_5108515-KGM-000,c0f80e87-16be-4488-9553-da437e8c6c2a,PAK'nSAVE Sylvia Park,PAK'nSAVE,East Auckland,5108515-KGM-000,NZ Chicken Thigh Bone in Cutlets,,kg,15.49,Chicken & Poultry
pakn_save_sylvia_park_5113040-KGM-000,c0f80e87-16be-4488-9553-da437e8c6c2a,PAK'nSAVE Sylvia Park,PAK'nSAVE,East Auckland,5113040-KGM-000,NZ Chicken Tenderloins,,kg,20.49,Chicken & Poultry
pakn_save_sylvia_park_5264638-EA-000,c0f80e87-16be-4488-9553-da437e8c6c2a,PAK'nSAVE Sylvia Park,PAK'nSAVE,East Auckland,5264638-EA-000,Tenderbasted Chicken Thighs,Tegel,4kg,31.29,Chicken & Poultry
pakn_save_sylvia_park_5105213-KGM-000,c0f80e87-16be-4488-9553-da437e8c6c2a,PAK'nSAVE Sylvia Park,PAK'nSAVE,East Auckland,5105213-KGM-000,NZ Chicken Drumsticks,,kg,4.89,Chicken & Poultry
pakn_save_sylvia_park_5100208-KGM-000,c0f80e87-16be-4488-9553-da437e8c6c2a,PAK'nSAVE Sylvia Park,PAK'nSAVE,East Auckland,5100208-KGM-000,Chicken Nibbles,,kg,6.89,Chicken & Poultry
pakn_save_sylvia_park_5103529-KGM-000,c0f80e87-16be-4488-9553-da437e8c6c2a,PAK'nSAVE Sylvia Park,PAK'nSAVE,East Auckland,5103529-KGM-000,NZ Chicken Drumsticks,,kg,4.89,Chicken & Poultry
pakn_save_sylvia_park_5269885-EA-000,c0f80e87-16be-4488-9553-da437e8c6c2a,PAK'nSAVE Sylvia Park,PAK'nSAVE,East Auckland,5269885-EA-000,100% Certified Organic Free Range Chicken Drumsticks,Bostock Brothers,900g,12.67,Chicken & Poultry
pakn_save_sylvia_park_5269886-EA-000,c0f80e87-16be-4488-9553-da437e8c6c2a,PAK'nSAVE Sylvia Park,PAK'nSAVE,East Auckland,5269886-EA-000,100% Certified Organic Free Range Chicken Nibbles,Bostock Brothers,900g,12.67,Chicken & Poultry
pakn_save_sylvia_park_5339780-EA-000,c0f80e87-16be-4488-9553-da437e8c6c2a,PAK'nSAVE Sylvia Park,PAK'nSAVE,East Auckland,5339780-EA-000,Whole Chicken,Pams,1.35kg,7.99,Chicken & Poultry
pakn_save_sylvia_park_5007056-EA-000,c0f80e87-16be-4488-9553-da437e8c6c2a,PAK'nSAVE Sylvia Park,PAK'nSAVE,East Auckland,5007056-EA-000,Frozen Whole Chicken,Ingham's,2.3kg,11.59,Frozen Foods
pakn_save_sylvia_park_5004502-EA-000,c0f80e87-16be-4488-9553-da437e8c6c2a,PAK'nSAVE Sylvia Park,PAK'nSAVE,East Auckland,5004502-EA-000,Frozen Whole Chicken,Ingham's,850g,5.0,Frozen Foods
pakn_save_sylvia_park_5026819-EA-000,c0f80e87-16be-4488-9553-da437e8c6c2a,PAK'nSAVE Sylvia Park,PAK'nSAVE,East Auckland,5026819-EA-000,Whole Chicken Large,Pams,1.9kg,15.99,Chicken & Poultry
pakn_save_sylvia_park_5322808-EA-000,c0f80e87-16be-4488-9553-da437e8c6c2a,PAK'nSAVE Sylvia Park,PAK'nSAVE,East Auckland,5322808-EA-000,Free Range Oven Ready Sage & Onion Roast Fresh Chicken,Tegel,1.5kg,14.79,Chicken & Poultry
pakn_save_sylvia_park_5104350-KGM-000,c0f80e87-16be-4488-9553-da437e8c6c2a,PAK'nSAVE Sylvia Park,PAK'nSAVE,East Auckland,5104350-KGM-000,NZ Beef Mince,,kg,17.99,Beef & Lamb
pakn_save_sylvia_park_5125914-KGM-000,c0f80e87-16be-4488-9553-da437e8c6c2a,PAK'nSAVE Sylvia Park,PAK'nSAVE,East Auckland,5125914-KGM-000,NZ Beef Prime Mince,,kg,19.99,Beef & Lamb
pakn_save_sylvia_park_5101189-KGM-000,c0f80e87-16be-4488-9553-da437e8c6c2a,PAK'nSAVE Sylvia Park,PAK'nSAVE,East Auckland,5101189-KGM-000,NZ Premium Beef Mince,,kg,24.99,Beef & Lamb
pakn_save_sylvia_park_5102202-KGM-000,c0f80e87-16be-4488-9553-da437e8c6c2a,PAK'nSAVE Sylvia Park,PAK'nSAVE,East Auckland,5102202-KGM-000,NZ Stir Fry Beef,,kg,31.99,Beef & Lamb
pakn_save_sylvia_park_5343415-EA-000,c0f80e87-16be-4488-9553-da437e8c6c2a,PAK'nSAVE Sylvia Park,PAK'nSAVE,East Auckland,5343415-EA-000,Gluten Free Sweet & Spicy Minced Beef Ready Sauce,Lee Kum Kee,120g,2.49,Beef & Lamb
pakn_save_sylvia_park_5103401-KGM-000,c0f80e87-16be-4488-9553-da437e8c6c2a,PAK'nSAVE Sylvia Park,PAK'nSAVE,East Auckland,5103401-KGM-000,Beef Rump Steak,,kg,25.99,Beef & Lamb
pakn_save_sylvia_park_5123919-KGM-000,c0f80e87-16be-4488-9553-da437e8c6c2a,PAK'nSAVE Sylvia Park,PAK'nSAVE,East Auckland,5123919-KGM-000,NZ Beef Sirloin Steak,,kg,37.99,Beef & Lamb
pakn_save_sylvia_park_5100275-KGM-000,c0f80e87-16be-4488-9553-da437e8c6c2a,PAK'nSAVE Sylvia Park,PAK'nSAVE,East Auckland,5100275-KGM-000,NZ Beef Blade Steak,,kg,29.99,Beef & Lamb
pakn_save_sylvia_park_5100260-KGM-000,c0f80e87-16be-4488-9553-da437e8c6c2a,PAK'nSAVE Sylvia Park,PAK'nSAVE,East Auckland,5100260-KGM-000,NZ Beef Chuck Steak,,kg,29.99,Beef & Lamb
pakn_save_sylvia_park_5100727-KGM-000,c0f80e87-16be-4488-9553-da437e8c6c2a,PAK'nSAVE Sylvia Park,PAK'nSAVE,East Auckland,5100727-KGM-000,NZ Tenderised Beef Steak,,kg,29.99,Beef & Lamb
pakn_save_sylvia_park_5102423-KGM-000,c0f80e87-16be-4488-9553-da437e8c6c2a,PAK'nSAVE Sylvia Park,PAK'nSAVE,East Auckland,5102423-KGM-000,NZ Beef Bolar Roast,,kg,18.99,Beef & Lamb
pakn_save_sylvia_park_5101925-KGM-000,c0f80e87-16be-4488-9553-da437e8c6c2a,PAK'nSAVE Sylvia Park,PAK'nSAVE,East Auckland,5101925-KGM-000,NZ Beef Topside Roast,,kg,27.99,Beef & Lamb
pakn_save_sylvia_park_5085463-EA-000,c0f80e87-16be-4488-9553-da437e8c6c2a,PAK'nSAVE Sylvia Park,PAK'nSAVE,East Auckland,5085463-EA-000,Beef Thin Sliced Roast,Farmland,100g,5.29,Beef & Lamb
pakn_save_sylvia_park_5106653-KGM-000,c0f80e87-16be-4488-9553-da437e8c6c2a,PAK'nSAVE Sylvia Park,PAK'nSAVE,East Auckland,5106653-KGM-000,NZ Beef Brisket,,kg,18.49,Beef & Lamb
pakn_save_sylvia_park_5297546-KGM-000,c0f80e87-16be-4488-9553-da437e8c6c2a,PAK'nSAVE Sylvia Park,PAK'nSAVE,East Auckland,5297546-KGM-000,Sliced Roast Beef Pre-Pack,,kg,49.99,Beef & Lamb
pakn_save_sylvia_park_5100697-KGM-000,c0f80e87-16be-4488-9553-da437e8c6c2a,PAK'nSAVE Sylvia Park,PAK'nSAVE,East Auckland,5100697-KGM-000,NZ Pork Loin Chops,,kg,16.99,Beef & Lamb
pakn_save_sylvia_park_5103018-KGM-000,c0f80e87-16be-4488-9553-da437e8c6c2a,PAK'nSAVE Sylvia Park,PAK'nSAVE,East Auckland,5103018-KGM-000,NZ Pork Shoulder Chops,,kg,9.99,Beef & Lamb
pakn_save_sylvia_park_5101306-KGM-000,c0f80e87-16be-4488-9553-da437e8c6c2a,PAK'nSAVE Sylvia Park,PAK'nSAVE,East Auckland,5101306-KGM-000,Lamb Shoulder Chops,,kg,21.99,Beef & Lamb
pakn_save_sylvia_park_5100303-KGM-000,c0f80e87-16be-4488-9553-da437e8c6c2a,PAK'nSAVE Sylvia Park,PAK'nSAVE,East Auckland,5100303-KGM-000,Lamb Loin Chops,,kg,35.79,Beef & Lamb
pakn_save_sylvia_park_5100600-KGM-000,c0f80e87-16be-4488-9553-da437e8c6c2a,PAK'nSAVE Sylvia Park,PAK'nSAVE,East Auckland,5100600-KGM-000,NZ Lamb Neck Chops,,kg,19.99,Beef & Lamb
pakn_save_sylvia_park_5019426-EA-000,c0f80e87-16be-4488-9553-da437e8c6c2a,PAK'nSAVE Sylvia Park,PAK'nSAVE,East Auckland,5019426-EA-000,Streaky Bacon,Pams,250g,5.99,Pork & Ham
pakn_save_sylvia_park_5033085-EA-000,c0f80e87-16be-4488-9553-da437e8c6c2a,PAK'nSAVE Sylvia Park,PAK'nSAVE,East Auckland,5033085-EA-000,Manuka Smoked Streaky Bacon,Grandpa's Meat & Bacon Co.,1kg,14.99,Pork & Ham
pakn_save_sylvia_park_5011576-EA-000,c0f80e87-16be-4488-9553-da437e8c6c2a,PAK'nSAVE Sylvia Park,PAK'nSAVE,East Auckland,5011576-EA-000,Shoulder Bacon,Beehive,200g,2.99,Pork & Ham
pakn_save_sylvia_park_5033086-EA-000,c0f80e87-16be-4488-9553-da437e8c6c2a,PAK'nSAVE Sylvia Park,PAK'nSAVE,East Auckland,5033086-EA-000,Manuka Smoked Streaky Bacon,Grandpa's Meat & Bacon Co.,250g,4.99,Pork & Ham
pakn_save_sylvia_park_5084510-EA-000,c0f80e87-16be-4488-9553-da437e8c6c2a,PAK'nSAVE Sylvia Park,PAK'nSAVE,East Auckland,5084510-EA-000,Streaky Bacon,Pams,1kg,17.99,Pork & Ham
pakn_save_sylvia_park_5019277-EA-000,c0f80e87-16be-4488-9553-da437e8c6c2a,PAK'nSAVE Sylvia Park,PAK'nSAVE,East Auckland,5019277-EA-000,Shaved Leg Ham,Country Pride,200g,3.59,Pork & Ham
pakn_save_sylvia_park_5013751-EA-000,c0f80e87-16be-4488-9553-da437e8c6c2a,PAK'nSAVE Sylvia Park,PAK'nSAVE,East Auckland,5013751-EA-000,Shaved Champagne Ham,Beehive,100g,2.39,Pork & Ham
pakn_save_sylvia_park_5039342-EA-000,c0f80e87-16be-4488-9553-da437e8c6c2a,PAK'nSAVE Sylvia Park,PAK'nSAVE,East Auckland,5039342-EA-000,Shaved Champagne Leg Ham,Hellers,100g,2.89,Pork & Ham
pakn_save_sylvia_park_5297548-KGM-000,c0f80e87-16be-4488-9553-da437e8c6c2a,PAK'nSAVE Sylvia Park,PAK'nSAVE,East Auckland,5297548-KGM-000,Shaved Ham Medium Pre-Pack,,kg,17.9,Pork & Ham
pakn_save_sylvia_park_5241237-EA-000,c0f80e87-16be-4488-9553-da437e8c6c2a,PAK'nSAVE Sylvia Park,PAK'nSAVE,East Auckland,5241237-EA-000,Shaved Champagne Leg Ham,Hellers,200g,5.8,Pork & Ham
pakn_save_sylvia_park_5005864-EA-000,c0f80e87-16be-4488-9553-da437e8c6c2a,PAK'nSAVE Sylvia Park,PAK'nSAVE,East Auckland,5005864-EA-000,Chunky Cheese Sausages,Hellers,1kg,8.99,"Cheese, Butter & Yoghurt"
pakn_save_sylvia_park_5312237-EA-000,c0f80e87-16be-4488-9553-da437e8c6c2a,PAK'nSAVE Sylvia Park,PAK'nSAVE,East Auckland,5312237-EA-000,Classic Beef Sausages,Pams,6 x 75g,8.49,Beef & Lamb
pakn_save_sylvia_park_5026055-EA-000,c0f80e87-16be-4488-9553-da437e8c6c2a,PAK'nSAVE Sylvia Park,PAK'nSAVE,East Auckland,5026055-EA-000,Chinese Honey Sausages,Hellers,1kg,8.99,"Breakfast Cereals, Oats & Spreads"
pakn_save_sylvia_park_5028230-EA-000,c0f80e87-16be-4488-9553-da437e8c6c2a,PAK'nSAVE Sylvia Park,PAK'nSAVE,East Auckland,5028230-EA-000,Trusty BBQ Pre-Cooked Sausages,Hellers,1kg,10.99,Pork & Ham
pakn_save_sylvia_park_5082985-EA-000,c0f80e87-16be-4488-9553-da437e8c6c2a,PAK'nSAVE Sylvia Park,PAK'nSAVE,East Auckland,5082985-EA-000,Craft Angus Beef Sausages,Hellers,6pk,11.99,Beef & Lamb
pakn_save_sylvia_park_5335006-EA-000,c0f80e87-16be-4488-9553-da437e8c6c2a,PAK'nSAVE Sylvia Park,PAK'nSAVE,East Auckland,5335006-EA-000,Sliced Smoked Salmon,Shore Mariner,100g,6.99,Fresh Seafood
pakn_save_sylvia_park_5220978-EA-000,c0f80e87-16be-4488-9553-da437e8c6c2a,PAK'nSAVE Sylvia Park,PAK'nSAVE,East Auckland,5220978-EA-000,Natural Hot Smoked Salmon,Pams,150g,11.99,Fresh Seafood
pakn_save_sylvia_park_5234368-KGM-000,c0f80e87-16be-4488-9553-da437e8c6c2a,PAK'nSAVE Sylvia Park,PAK'nSAVE,East Auckland,5234368-KGM-000,Tasmanian Salmon Fillet Skin On Bone In TP,,kg,51.99,Fresh Seafood
pakn_save_sylvia_park_5030954-EA-000,c0f80e87-16be-4488-9553-da437e8c6c2a,PAK'nSAVE Sylvia Park,PAK'nSAVE,East Auckland,5030954-EA-000,Wild Alaskan Pink Salmon,John West,210g,5.01,Fresh Seafood
pakn_save_sylvia_park_5220975-EA-000,c0f80e87-16be-4488-9553-da437e8c6c2a,PAK'nSAVE Sylvia Park,PAK'nSAVE,East Auckland,5220975-EA-000,Sliced Smoked Salmon,Pams,100g,8.49,Fresh Seafood
pakn_save_sylvia_park_5333248-EA-000,c0f80e87-16be-4488-9553-da437e8c6c2a,PAK'nSAVE Sylvia Park,PAK'nSAVE,East Auckland,5333248-EA-000,Tuna Fillet With Prawn In Broth Wet Cat Food,Applaws,70g,2.29,Fresh Seafood
pakn_save_sylvia_park_5117267-KGM-000,c0f80e87-16be-4488-9553-da437e8c6c2a,PAK'nSAVE Sylvia Park,PAK'nSAVE,East Auckland,5117267-KGM-000,Yellowfin Tuna Steaks,,kg,48.79,Beef & Lamb
pakn_save_sylvia_park_5110480-KGM-000,c0f80e87-16be-4488-9553-da437e8c6c2a,PAK'nSAVE Sylvia Park,PAK'nSAVE,East Auckland,5110480-KGM-000,Yellowfin Tuna Loin,,kg,48.79,Pantry Staples
pakn_save_sylvia_park_5289840-EA-000,c0f80e87-16be-4488-9553-da437e8c6c2a,PAK'nSAVE Sylvia Park,PAK'nSAVE,East Auckland,5289840-EA-000,Tuna Steak,Sea Treasure Seafoods,220g,9.79,Beef & Lamb
pakn_save_sylvia_park_5296121-EA-000,c0f80e87-16be-4488-9553-da437e8c6c2a,PAK'nSAVE Sylvia Park,PAK'nSAVE,East Auckland,5296121-EA-000,Raw Stir-Fry Prawns,Fisherking,800g,17.49,Fresh Seafood
pakn_save_sylvia_park_5295570-EA-000,c0f80e87-16be-4488-9553-da437e8c6c2a,PAK'nSAVE Sylvia Park,PAK'nSAVE,East Auckland,5295570-EA-000,Raw Prawn Cutlets,Fisherking,800g,12.99,Fresh Seafood
pakn_save_sylvia_park_5320569-EA-000,c0f80e87-16be-4488-9553-da437e8c6c2a,PAK'nSAVE Sylvia Park,PAK'nSAVE,East Auckland,5320569-EA-000,Raw Prawn Cutlets 51/60,Sea Cuisine,300g,6.79,Fresh Seafood
pakn_save_sylvia_park_5257283-EA-000,c0f80e87-16be-4488-9553-da437e8c6c2a,PAK'nSAVE Sylvia Park,PAK'nSAVE,East Auckland,5257283-EA-000,Raw Medium Prawn Cutlets,Shore Mariner,1kg,20.99,Fresh Seafood
pakn_save_sylvia_park_5329072-EA-000,c0f80e87-16be-4488-9553-da437e8c6c2a,PAK'nSAVE Sylvia Park,PAK'nSAVE,East Auckland,5329072-EA-000,Raw Prawn Meat Pieces,Pams Value,500g,9.39,Fresh Seafood
pakn_save_sylvia_park_5204775-EA-000,c0f80e87-16be-4488-9553-da437e8c6c2a,PAK'nSAVE Sylvia Park,PAK'nSAVE,East Auckland,5204775-EA-000,Grainfree Salmon Whitefish & Olive Oil Premium Adult Cat Food,Fussy Cat,2.5kg,22.99,Fresh Seafood
pakn_save_sylvia_park_5018684-EA-000,c0f80e87-16be-4488-9553-da437e8c6c2a,PAK'nSAVE Sylvia Park,PAK'nSAVE,East Auckland,5018684-EA-000,Grainfree Salmon Whitefish & Olive Oil Premium Adult Cat Food,Fussy Cat,500g,6.49,Fresh Seafood
pakn_save_sylvia_park_5323878-EA-000,c0f80e87-16be-4488-9553-da437e8c6c2a,PAK'nSAVE Sylvia Park,PAK'nSAVE,East Auckland,5323878-EA-000,Adult Gravy Lovers Ocean Whitefish & Tuna Feast Seafood Flavor Gravy Wet Cat Food,Purina Fancy Feast,85g,1.59,Fresh Seafood
pakn_save_sylvia_park_5323868-EA-000,c0f80e87-16be-4488-9553-da437e8c6c2a,PAK'nSAVE Sylvia Park,PAK'nSAVE,East Auckland,5323868-EA-000,Ocean Whitefish & Tuna Feast Classic Pate Adult Wet Cat Food,Purina Fancy Feast,85g,1.59,Fresh Seafood
pakn_save_sylvia_park_5286098-EA-000,c0f80e87-16be-4488-9553-da437e8c6c2a,PAK'nSAVE Sylvia Park,PAK'nSAVE,East Auckland,5286098-EA-000,Fish & White Wine Chowder,The Good Taste Co.,500g,5.19,Fresh Seafood
pakn_save_sylvia_park_5000527-EA-000,c0f80e87-16be-4488-9553-da437e8c6c2a,PAK'nSAVE Sylvia Park,PAK'nSAVE,East Auckland,5000527-EA-000,Blue Milk,Anchor,2l,5.69,Fresh Milk & Plant Milk
pakn_save_sylvia_park_5201487-EA-000,c0f80e87-16be-4488-9553-da437e8c6c2a,PAK'nSAVE Sylvia Park,PAK'nSAVE,East Auckland,5201487-EA-000,Lite Milk,Pams Value,2l,4.79,Fresh Milk & Plant Milk
pakn_save_sylvia_park_5201490-EA-000,c0f80e87-16be-4488-9553-da437e8c6c2a,PAK'nSAVE Sylvia Park,PAK'nSAVE,East Auckland,5201490-EA-000,Standard Milk,Pams Value,3l,7.11,Fresh Milk & Plant Milk
pakn_save_sylvia_park_5201489-EA-000,c0f80e87-16be-4488-9553-da437e8c6c2a,PAK'nSAVE Sylvia Park,PAK'nSAVE,East Auckland,5201489-EA-000,Lite Milk,Pams Value,3l,7.11,Fresh Milk & Plant Milk
pakn_save_sylvia_park_5201479-EA-000,c0f80e87-16be-4488-9553-da437e8c6c2a,PAK'nSAVE Sylvia Park,PAK'nSAVE,East Auckland,5201479-EA-000,Standard Milk,Pams Value,2l,4.79,Fresh Milk & Plant Milk
pakn_save_sylvia_park_5201486-EA-000,c0f80e87-16be-4488-9553-da437e8c6c2a,PAK'nSAVE Sylvia Park,PAK'nSAVE,East Auckland,5201486-EA-000,Trim Milk,Pams Value,2l,4.79,Fresh Milk & Plant Milk
pakn_save_sylvia_park_5000520-EA-000,c0f80e87-16be-4488-9553-da437e8c6c2a,PAK'nSAVE Sylvia Park,PAK'nSAVE,East Auckland,5000520-EA-000,Trim Milk,Anchor,1l,3.57,Fresh Milk & Plant Milk
pakn_save_sylvia_park_5000521-EA-000,c0f80e87-16be-4488-9553-da437e8c6c2a,PAK'nSAVE Sylvia Park,PAK'nSAVE,East Auckland,5000521-EA-000,Trim Milk,Anchor,2l,5.69,Fresh Milk & Plant Milk
pakn_save_sylvia_park_5025424-EA-000,c0f80e87-16be-4488-9553-da437e8c6c2a,PAK'nSAVE Sylvia Park,PAK'nSAVE,East Auckland,5025424-EA-000,Calci + Trim Milk,Anchor,1l,3.69,Fresh Milk & Plant Milk
pakn_save_sylvia_park_5000519-EA-000,c0f80e87-16be-4488-9553-da437e8c6c2a,PAK'nSAVE Sylvia Park,PAK'nSAVE,East Auckland,5000519-EA-000,Calci + Trim Milk,Anchor,2l,6.81,Fresh Milk & Plant Milk
pakn_save_sylvia_park_5003852-EA-000,c0f80e87-16be-4488-9553-da437e8c6c2a,PAK'nSAVE Sylvia Park,PAK'nSAVE,East Auckland,5003852-EA-000,Regular Soy Milk,Pams,1l,2.49,Fresh Milk & Plant Milk
pakn_save_sylvia_park_5004887-EA-000,c0f80e87-16be-4488-9553-da437e8c6c2a,PAK'nSAVE Sylvia Park,PAK'nSAVE,East Auckland,5004887-EA-000,Lite Soy Milk,Pams Plant Based,1l,2.49,Fresh Milk & Plant Milk
pakn_save_sylvia_park_5010269-EA-000,c0f80e87-16be-4488-9553-da437e8c6c2a,PAK'nSAVE Sylvia Park,PAK'nSAVE,East Auckland,5010269-EA-000,Regular Soy Milk,Sanitarium So Good,1l,3.49,Fresh Milk & Plant Milk
pakn_save_sylvia_park_5014956-EA-000,c0f80e87-16be-4488-9553-da437e8c6c2a,PAK'nSAVE Sylvia Park,PAK'nSAVE,East Auckland,5014956-EA-000,Regular Soy Milky,Vitasoy,1l,3.79,Fresh Milk & Plant Milk
pakn_save_sylvia_park_5200391-EA-000,c0f80e87-16be-4488-9553-da437e8c6c2a,PAK'nSAVE Sylvia Park,PAK'nSAVE,East Auckland,5200391-EA-000,Protein Plus Soy Milk,Vitasoy,1l,3.89,Fresh Milk & Plant Milk
pakn_save_sylvia_park_5014501-EA-000,c0f80e87-16be-4488-9553-da437e8c6c2a,PAK'nSAVE Sylvia Park,PAK'nSAVE,East Auckland,5014501-EA-000,Unsweetened Oat Milk,Vitasoy,1l,2.69,Fresh Milk & Plant Milk
pakn_save_sylvia_park_5294478-EA-000,c0f80e87-16be-4488-9553-da437e8c6c2a,PAK'nSAVE Sylvia Park,PAK'nSAVE,East Auckland,5294478-EA-000,Oat Milk Barista Grade,Boring,1l,3.99,Fresh Milk & Plant Milk
pakn_save_sylvia_park_5288640-EA-000,c0f80e87-16be-4488-9553-da437e8c6c2a,PAK'nSAVE Sylvia Park,PAK'nSAVE,East Auckland,5288640-EA-000,Oat Milky,Vitasoy,1l,3.59,Fresh Milk & Plant Milk
pakn_save_sylvia_park_5273198-EA-000,c0f80e87-16be-4488-9553-da437e8c6c2a,PAK'nSAVE Sylvia Park,PAK'nSAVE,East Auckland,5273198-EA-000,No Added Sugar Oat Milk,Sanitarium So Good,1l,3.79,Fresh Milk & Plant Milk
pakn_save_sylvia_park_5294477-EA-000,c0f80e87-16be-4488-9553-da437e8c6c2a,PAK'nSAVE Sylvia Park,PAK'nSAVE,East Auckland,5294477-EA-000,No Added Sugar Oat Milk,Boring,1l,3.99,Fresh Milk & Plant Milk
pakn_save_sylvia_park_5037993-EA-000,c0f80e87-16be-4488-9553-da437e8c6c2a,PAK'nSAVE Sylvia Park,PAK'nSAVE,East Auckland,5037993-EA-000,Unsweetened Almond Milk,Vitasoy,1l,2.69,Fresh Milk & Plant Milk
pakn_save_sylvia_park_5029021-EA-000,c0f80e87-16be-4488-9553-da437e8c6c2a,PAK'nSAVE Sylvia Park,PAK'nSAVE,East Auckland,5029021-EA-000,Unsweetened Almond Milk,Pams Plant Based,1l,3.39,Fresh Milk & Plant Milk
pakn_save_sylvia_park_5223053-EA-000,c0f80e87-16be-4488-9553-da437e8c6c2a,PAK'nSAVE Sylvia Park,PAK'nSAVE,East Auckland,5223053-EA-000,Regular Almond Milky,Vitasoy,1l,4.19,Fresh Milk & Plant Milk
pakn_save_sylvia_park_5030647-EA-000,c0f80e87-16be-4488-9553-da437e8c6c2a,PAK'nSAVE Sylvia Park,PAK'nSAVE,East Auckland,5030647-EA-000,Unsweetened Almond Milk UHT,Sanitarium So Good,1l,3.49,Fresh Milk & Plant Milk
pakn_save_sylvia_park_5030869-EA-000,c0f80e87-16be-4488-9553-da437e8c6c2a,PAK'nSAVE Sylvia Park,PAK'nSAVE,East Auckland,5030869-EA-000,Original Almond Milk,Sanitarium So Good,1l,3.49,Fresh Milk & Plant Milk
pakn_save_sylvia_park_5269558-EA-000,c0f80e87-16be-4488-9553-da437e8c6c2a,PAK'nSAVE Sylvia Park,PAK'nSAVE,East Auckland,5269558-EA-000,Free Range Size 6 Eggs,Woodland,18pk,12.19,Eggs
pakn_save_sylvia_park_5023568-EA-000,c0f80e87-16be-4488-9553-da437e8c6c2a,PAK'nSAVE Sylvia Park,PAK'nSAVE,East Auckland,5023568-EA-000,Free Range Size 6 Eggs,Woodland,10pk,9.39,Eggs
pakn_save_sylvia_park_5342311-EA-000,c0f80e87-16be-4488-9553-da437e8c6c2a,PAK'nSAVE Sylvia Park,PAK'nSAVE,East Auckland,5342311-EA-000,Size 7 Eggs,New Day,12pk,10.99,Eggs
pakn_save_sylvia_park_5295826-EA-000,c0f80e87-16be-4488-9553-da437e8c6c2a,PAK'nSAVE Sylvia Park,PAK'nSAVE,East Auckland,5295826-EA-000,Mixed Grade Eggs,Pams Free Range,18pk,12.79,Eggs
pakn_save_sylvia_park_5317482-EA-000,c0f80e87-16be-4488-9553-da437e8c6c2a,PAK'nSAVE Sylvia Park,PAK'nSAVE,East Auckland,5317482-EA-000,Free Range Size 7 Eggs,Better Eggs,12pk,9.49,Eggs
pakn_save_sylvia_park_5281163-EA-000,c0f80e87-16be-4488-9553-da437e8c6c2a,PAK'nSAVE Sylvia Park,PAK'nSAVE,East Auckland,5281163-EA-000,Pack Colony Caged Eggs Size 7,Rise N Shine,12pk,7.29,Eggs
pakn_save_sylvia_park_5281167-EA-000,c0f80e87-16be-4488-9553-da437e8c6c2a,PAK'nSAVE Sylvia Park,PAK'nSAVE,East Auckland,5281167-EA-000,Colony Caged Eggs Size 8,Rise N Shine,10pk,6.99,Eggs
pakn_save_sylvia_park_5314652-EA-000,c0f80e87-16be-4488-9553-da437e8c6c2a,PAK'nSAVE Sylvia Park,PAK'nSAVE,East Auckland,5314652-EA-000,Fresh Colony Caged Size 6 Eggs,Farmer Brown,18pk,12.19,Eggs
pakn_save_sylvia_park_5309533-EA-000,c0f80e87-16be-4488-9553-da437e8c6c2a,PAK'nSAVE Sylvia Park,PAK'nSAVE,East Auckland,5309533-EA-000,Fresh Colony Caged Size 8 Eggs,Farmer Brown,10pk,7.49,Eggs
pakn_save_sylvia_park_5309530-EA-000,c0f80e87-16be-4488-9553-da437e8c6c2a,PAK'nSAVE Sylvia Park,PAK'nSAVE,East Auckland,5309530-EA-000,Fresh Colony Caged Size 7 Eggs,Farmer Brown,18pk,12.99,Eggs
pakn_save_sylvia_park_5306817-EA-000,c0f80e87-16be-4488-9553-da437e8c6c2a,PAK'nSAVE Sylvia Park,PAK'nSAVE,East Auckland,5306817-EA-000,Grated Cheddar Cheese,Rolling Meadow,500g,8.46,"Cheese, Butter & Yoghurt"
pakn_save_sylvia_park_5268696-EA-000,c0f80e87-16be-4488-9553-da437e8c6c2a,PAK'nSAVE Sylvia Park,PAK'nSAVE,East Auckland,5268696-EA-000,Tasty Cheddar Cheese,Pams,800g,12.83,"Cheese, Butter & Yoghurt"
pakn_save_sylvia_park_5007358-EA-000,c0f80e87-16be-4488-9553-da437e8c6c2a,PAK'nSAVE Sylvia Park,PAK'nSAVE,East Auckland,5007358-EA-000,Tasty Cheddar Cheese,Pams,500g,9.94,"Cheese, Butter & Yoghurt"
pakn_save_sylvia_park_5287702-EA-000,c0f80e87-16be-4488-9553-da437e8c6c2a,PAK'nSAVE Sylvia Park,PAK'nSAVE,East Auckland,5287702-EA-000,Cheddar Natural Slices,Dairyworks,2 x 250g,9.62,"Cheese, Butter & Yoghurt"
pakn_save_sylvia_park_5232073-EA-000,c0f80e87-16be-4488-9553-da437e8c6c2a,PAK'nSAVE Sylvia Park,PAK'nSAVE,East Auckland,5232073-EA-000,American Style Cheddar Cheese Slices,Dairyworks,200g,5.45,"Cheese, Butter & Yoghurt"
pakn_save_sylvia_park_5007482-EA-000,c0f80e87-16be-4488-9553-da437e8c6c2a,PAK'nSAVE Sylvia Park,PAK'nSAVE,East Auckland,5007482-EA-000,Mozzarella Grated Cheese,Pams,375g,8.81,"Cheese, Butter & Yoghurt"
pakn_save_sylvia_park_5017804-EA-000,c0f80e87-16be-4488-9553-da437e8c6c2a,PAK'nSAVE Sylvia Park,PAK'nSAVE,East Auckland,5017804-EA-000,Mozzarella Grated Cheese,Rolling Meadow,500g,9.64,"Cheese, Butter & Yoghurt"
pakn_save_sylvia_park_5024961-EA-000,c0f80e87-16be-4488-9553-da437e8c6c2a,PAK'nSAVE Sylvia Park,PAK'nSAVE,East Auckland,5024961-EA-000,Mozzarella Cheese,Perfect Italiano,500g,15.29,"Cheese, Butter & Yoghurt"
pakn_save_sylvia_park_5256743-EA-000,c0f80e87-16be-4488-9553-da437e8c6c2a,PAK'nSAVE Sylvia Park,PAK'nSAVE,East Auckland,5256743-EA-000,Hand Crafted Fresh Mozzarella,Pams Finest,150g,6.29,"Cheese, Butter & Yoghurt"
pakn_save_sylvia_park_5289384-EA-000,c0f80e87-16be-4488-9553-da437e8c6c2a,PAK'nSAVE Sylvia Park,PAK'nSAVE,East Auckland,5289384-EA-000,Mozzarella Cheese,The Cuisine Canteen,200g,7.89,"Cheese, Butter & Yoghurt"
pakn_save_sylvia_park_5008536-EA-000,c0f80e87-16be-4488-9553-da437e8c6c2a,PAK'nSAVE Sylvia Park,PAK'nSAVE,East Auckland,5008536-EA-000,Traditional Grated Parmesan Cheese,Perfect Italiano,125g,5.69,"Cheese, Butter & Yoghurt"
pakn_save_sylvia_park_5013767-EA-000,c0f80e87-16be-4488-9553-da437e8c6c2a,PAK'nSAVE Sylvia Park,PAK'nSAVE,East Auckland,5013767-EA-000,Parmesan Cheese,Mainland,200g,8.99,"Cheese, Butter & Yoghurt"
pakn_save_sylvia_park_5016706-EA-000,c0f80e87-16be-4488-9553-da437e8c6c2a,PAK'nSAVE Sylvia Park,PAK'nSAVE,East Auckland,5016706-EA-000,Grated Parmesan Cheese,Mainland,200g,10.29,"Cheese, Butter & Yoghurt"
pakn_save_sylvia_park_5082381-EA-000,c0f80e87-16be-4488-9553-da437e8c6c2a,PAK'nSAVE Sylvia Park,PAK'nSAVE,East Auckland,5082381-EA-000,Shaved Parmesan Cheese,Mainland,100g,5.89,"Cheese, Butter & Yoghurt"
pakn_save_sylvia_park_5022806-EA-000,c0f80e87-16be-4488-9553-da437e8c6c2a,PAK'nSAVE Sylvia Park,PAK'nSAVE,East Auckland,5022806-EA-000,Parmesan Powder Cheese,Dairyworks,100g,6.1,"Cheese, Butter & Yoghurt"
pakn_save_sylvia_park_5003216-EA-000,c0f80e87-16be-4488-9553-da437e8c6c2a,PAK'nSAVE Sylvia Park,PAK'nSAVE,East Auckland,5003216-EA-000,Salted Butter,Mainland,250g,6.99,"Cheese, Butter & Yoghurt"
pakn_save_sylvia_park_5002842-EA-000,c0f80e87-16be-4488-9553-da437e8c6c2a,PAK'nSAVE Sylvia Park,PAK'nSAVE,East Auckland,5002842-EA-000,Salted Butter,Mainland,500g,9.49,"Cheese, Butter & Yoghurt"
pakn_save_sylvia_park_5205003-EA-000,c0f80e87-16be-4488-9553-da437e8c6c2a,PAK'nSAVE Sylvia Park,PAK'nSAVE,East Auckland,5205003-EA-000,Salted Grass Fed New Zealand Butter,Westgold,400g,7.39,"Cheese, Butter & Yoghurt"
pakn_save_sylvia_park_5013505-EA-000,c0f80e87-16be-4488-9553-da437e8c6c2a,PAK'nSAVE Sylvia Park,PAK'nSAVE,East Auckland,5013505-EA-000,Salted Buttersoft Spreadable Butter,Mainland,375g,11.79,"Cheese, Butter & Yoghurt"
pakn_save_sylvia_park_5020175-EA-000,c0f80e87-16be-4488-9553-da437e8c6c2a,PAK'nSAVE Sylvia Park,PAK'nSAVE,East Auckland,5020175-EA-000,Premium New Zealand Lightly Salted Butter,Lewis Road Creamery,250g,7.97,"Cheese, Butter & Yoghurt"
pakn_save_sylvia_park_5002843-EA-000,c0f80e87-16be-4488-9553-da437e8c6c2a,PAK'nSAVE Sylvia Park,PAK'nSAVE,East Auckland,5002843-EA-000,Unsalted Butter,Mainland,500g,9.49,"Cheese, Butter & Yoghurt"
pakn_save_sylvia_park_5020174-EA-000,c0f80e87-16be-4488-9553-da437e8c6c2a,PAK'nSAVE Sylvia Park,PAK'nSAVE,East Auckland,5020174-EA-000,Premium New Zealand Unsalted Butter,Lewis Road Creamery,250g,7.97,"Cheese, Butter & Yoghurt"
pakn_save_sylvia_park_5281810-EA-000,c0f80e87-16be-4488-9553-da437e8c6c2a,PAK'nSAVE Sylvia Park,PAK'nSAVE,East Auckland,5281810-EA-000,Greek Natural Thick 'n Creamy Yoghurt,Fresh 'n Fruity,1kg,6.39,"Cheese, Butter & Yoghurt"
pakn_save_sylvia_park_5223553-EA-000,c0f80e87-16be-4488-9553-da437e8c6c2a,PAK'nSAVE Sylvia Park,PAK'nSAVE,East Auckland,5223553-EA-000,Kalo Natural Greek Yoghurt,Meadow Fresh,800g,7.59,"Cheese, Butter & Yoghurt"
pakn_save_sylvia_park_5220024-EA-000,c0f80e87-16be-4488-9553-da437e8c6c2a,PAK'nSAVE Sylvia Park,PAK'nSAVE,East Auckland,5220024-EA-000,Greek Style Natural Yoghurt,Gopala,750g,4.99,"Cheese, Butter & Yoghurt"
pakn_save_sylvia_park_5212777-EA-000,c0f80e87-16be-4488-9553-da437e8c6c2a,PAK'nSAVE Sylvia Park,PAK'nSAVE,East Auckland,5212777-EA-000,Protein+ Natural Unsweetened Greek Style Yoghurt,Anchor,950g,7.99,"Cheese, Butter & Yoghurt"
pakn_save_sylvia_park_5007515-EA-000,c0f80e87-16be-4488-9553-da437e8c6c2a,PAK'nSAVE Sylvia Park,PAK'nSAVE,East Auckland,5007515-EA-000,Natural Greek Style Yogurt,Yoplait,1kg,6.79,"Cheese, Butter & Yoghurt"
pakn_save_sylvia_park_5005219-EA-000,c0f80e87-16be-4488-9553-da437e8c6c2a,PAK'nSAVE Sylvia Park,PAK'nSAVE,East Auckland,5005219-EA-000,All Natural Plain Unsweetened Yoghurt,De Winkel,1kg,5.49,"Cheese, Butter & Yoghurt"
pakn_save_sylvia_park_5274474-EA-000,c0f80e87-16be-4488-9553-da437e8c6c2a,PAK'nSAVE Sylvia Park,PAK'nSAVE,East Auckland,5274474-EA-000,All Natural Plain Unsweetened Yoghurt,De Winkel,4 x 125g,5.79,"Cheese, Butter & Yoghurt"
pakn_save_sylvia_park_5112185-EA-000,c0f80e87-16be-4488-9553-da437e8c6c2a,PAK'nSAVE Sylvia Park,PAK'nSAVE,East Auckland,5112185-EA-000,Frozen Biofeel Plain Probiotic Yogurt Drink,Biofeel,5 x 63ml,2.79,"Cheese, Butter & Yoghurt"
pakn_save_sylvia_park_5040641-EA-000,c0f80e87-16be-4488-9553-da437e8c6c2a,PAK'nSAVE Sylvia Park,PAK'nSAVE,East Auckland,5040641-EA-000,Fresh Cream,Pams,500ml,4.76,"Cheese, Butter & Yoghurt"
pakn_save_sylvia_park_5028852-EA-000,c0f80e87-16be-4488-9553-da437e8c6c2a,PAK'nSAVE Sylvia Park,PAK'nSAVE,East Auckland,5028852-EA-000,Fresh Cream,Pams,300ml,3.17,"Cheese, Butter & Yoghurt"
pakn_save_sylvia_park_5028855-EA-000,c0f80e87-16be-4488-9553-da437e8c6c2a,PAK'nSAVE Sylvia Park,PAK'nSAVE,East Auckland,5028855-EA-000,Cream,Pams,1l,9.26,"Cheese, Butter & Yoghurt"
pakn_save_sylvia_park_5026102-EA-000,c0f80e87-16be-4488-9553-da437e8c6c2a,PAK'nSAVE Sylvia Park,PAK'nSAVE,East Auckland,5026102-EA-000,Pure Cream,Anchor,500ml,4.95,"Cheese, Butter & Yoghurt"
pakn_save_sylvia_park_5000524-EA-000,c0f80e87-16be-4488-9553-da437e8c6c2a,PAK'nSAVE Sylvia Park,PAK'nSAVE,East Auckland,5000524-EA-000,Pure Cream,Anchor,2l,18.0,"Cheese, Butter & Yoghurt"
pakn_save_sylvia_park_5027140-EA-000,c0f80e87-16be-4488-9553-da437e8c6c2a,PAK'nSAVE Sylvia Park,PAK'nSAVE,East Auckland,5027140-EA-000,Traditional Sour Cream,Meadow Fresh,250g,2.99,"Cheese, Butter & Yoghurt"
pakn_save_sylvia_park_5027137-EA-000,c0f80e87-16be-4488-9553-da437e8c6c2a,PAK'nSAVE Sylvia Park,PAK'nSAVE,East Auckland,5027137-EA-000,Traditional Sour Cream,Meadow Fresh,125g,2.19,"Cheese, Butter & Yoghurt"
pakn_save_sylvia_park_5027139-EA-000,c0f80e87-16be-4488-9553-da437e8c6c2a,PAK'nSAVE Sylvia Park,PAK'nSAVE,East Auckland,5027139-EA-000,Lite Sour Cream,Meadow Fresh,250g,2.99,"Cheese, Butter & Yoghurt"
pakn_save_sylvia_park_5027102-EA-000,c0f80e87-16be-4488-9553-da437e8c6c2a,PAK'nSAVE Sylvia Park,PAK'nSAVE,East Auckland,5027102-EA-000,Sour Cream,Meadow Fresh,500g,6.89,"Cheese, Butter & Yoghurt"
pakn_save_sylvia_park_5253380-EA-000,c0f80e87-16be-4488-9553-da437e8c6c2a,PAK'nSAVE Sylvia Park,PAK'nSAVE,East Auckland,5253380-EA-000,Sour Cream,Tatua,500g,6.69,"Cheese, Butter & Yoghurt"
pakn_save_sylvia_park_5004743-EA-000,c0f80e87-16be-4488-9553-da437e8c6c2a,PAK'nSAVE Sylvia Park,PAK'nSAVE,East Auckland,5004743-EA-000,Jasmine Rice,Pams,1kg,2.69,"Rice, Pasta & Noodles"
pakn_save_sylvia_park_5021496-EA-000,c0f80e87-16be-4488-9553-da437e8c6c2a,PAK'nSAVE Sylvia Park,PAK'nSAVE,East Auckland,5021496-EA-000,Jasmine Rice,SunRice,1kg,3.54,"Rice, Pasta & Noodles"
pakn_save_sylvia_park_5303803-EA-000,c0f80e87-16be-4488-9553-da437e8c6c2a,PAK'nSAVE Sylvia Park,PAK'nSAVE,East Auckland,5303803-EA-000,Thai Jasmine Rice,Fortune,5kg,14.69,"Rice, Pasta & Noodles"
pakn_save_sylvia_park_5002638-EA-000,c0f80e87-16be-4488-9553-da437e8c6c2a,PAK'nSAVE Sylvia Park,PAK'nSAVE,East Auckland,5002638-EA-000,Fragrant Jasmine Aromatic Long Grain Rice,King's Choice,1kg,3.49,"Rice, Pasta & Noodles"
pakn_save_sylvia_park_5303222-EA-000,c0f80e87-16be-4488-9553-da437e8c6c2a,PAK'nSAVE Sylvia Park,PAK'nSAVE,East Auckland,5303222-EA-000,Thai Jasmine Rice,Fortune,1kg,3.49,"Rice, Pasta & Noodles"
pakn_save_sylvia_park_5005241-EA-000,c0f80e87-16be-4488-9553-da437e8c6c2a,PAK'nSAVE Sylvia Park,PAK'nSAVE,East Auckland,5005241-EA-000,Basmati Rice,Pams,1kg,3.19,"Rice, Pasta & Noodles"
pakn_save_sylvia_park_5002637-EA-000,c0f80e87-16be-4488-9553-da437e8c6c2a,PAK'nSAVE Sylvia Park,PAK'nSAVE,East Auckland,5002637-EA-000,Highland Basmati Aromatic Long Grain Rice,King's Choice,1kg,3.69,"Rice, Pasta & Noodles"
pakn_save_sylvia_park_5315537-EA-000,c0f80e87-16be-4488-9553-da437e8c6c2a,PAK'nSAVE Sylvia Park,PAK'nSAVE,East Auckland,5315537-EA-000,Basmati Steamed Rice,Pams,250g,2.59,"Rice, Pasta & Noodles"
pakn_save_sylvia_park_5271269-EA-000,c0f80e87-16be-4488-9553-da437e8c6c2a,PAK'nSAVE Sylvia Park,PAK'nSAVE,East Auckland,5271269-EA-000,Gold Everyday Basmati Rice,Dawaat,5kg,13.69,"Rice, Pasta & Noodles"
pakn_save_sylvia_park_5017768-EA-000,c0f80e87-16be-4488-9553-da437e8c6c2a,PAK'nSAVE Sylvia Park,PAK'nSAVE,East Auckland,5017768-EA-000,Basmati Rice Cups,SunRice,2x120G,2.99,"Rice, Pasta & Noodles"
pakn_save_sylvia_park_5002082-EA-000,c0f80e87-16be-4488-9553-da437e8c6c2a,PAK'nSAVE Sylvia Park,PAK'nSAVE,East Auckland,5002082-EA-000,Spaghetti In Tomato Sauce,Wattie's,420g,1.89,"Rice, Pasta & Noodles"
pakn_save_sylvia_park_5319769-EA-000,c0f80e87-16be-4488-9553-da437e8c6c2a,PAK'nSAVE Sylvia Park,PAK'nSAVE,East Auckland,5319769-EA-000,Spaghetti,Pasta Maria,400g,1.29,"Rice, Pasta & Noodles"
pakn_save_sylvia_park_5002634-EA-000,c0f80e87-16be-4488-9553-da437e8c6c2a,PAK'nSAVE Sylvia Park,PAK'nSAVE,East Auckland,5002634-EA-000,Spaghetti Pasta,Diamond,500g,2.29,"Rice, Pasta & Noodles"
pakn_save_sylvia_park_5025406-EA-000,c0f80e87-16be-4488-9553-da437e8c6c2a,PAK'nSAVE Sylvia Park,PAK'nSAVE,East Auckland,5025406-EA-000,Spaghetti In Tomato Sauce,Wattie's,3 x 420g,6.29,"Rice, Pasta & Noodles"
pakn_save_sylvia_park_5002077-EA-000,c0f80e87-16be-4488-9553-da437e8c6c2a,PAK'nSAVE Sylvia Park,PAK'nSAVE,East Auckland,5002077-EA-000,Spaghetti In Tomato Sauce,Oak,420g,1.79,"Rice, Pasta & Noodles"
pakn_save_sylvia_park_5319766-EA-000,c0f80e87-16be-4488-9553-da437e8c6c2a,PAK'nSAVE Sylvia Park,PAK'nSAVE,East Auckland,5319766-EA-000,Penne Pasta,Pasta Maria,400g,1.29,"Rice, Pasta & Noodles"
pakn_save_sylvia_park_5002515-EA-000,c0f80e87-16be-4488-9553-da437e8c6c2a,PAK'nSAVE Sylvia Park,PAK'nSAVE,East Auckland,5002515-EA-000,Penne Pasta,Diamond,500g,2.29,"Rice, Pasta & Noodles"
pakn_save_sylvia_park_5002631-EA-000,c0f80e87-16be-4488-9553-da437e8c6c2a,PAK'nSAVE Sylvia Park,PAK'nSAVE,East Auckland,5002631-EA-000,Penne No 18 Pasta,San Remo,500g,2.79,"Rice, Pasta & Noodles"
pakn_save_sylvia_park_5038062-EA-000,c0f80e87-16be-4488-9553-da437e8c6c2a,PAK'nSAVE Sylvia Park,PAK'nSAVE,East Auckland,5038062-EA-000,Wholemeal Penne Pasta,Diamond,500g,2.29,"Rice, Pasta & Noodles"
pakn_save_sylvia_park_5218360-EA-000,c0f80e87-16be-4488-9553-da437e8c6c2a,PAK'nSAVE Sylvia Park,PAK'nSAVE,East Auckland,5218360-EA-000,Gluten Free Penne,Diamond,250g,4.49,"Rice, Pasta & Noodles"
pakn_save_sylvia_park_5012937-EA-000,c0f80e87-16be-4488-9553-da437e8c6c2a,PAK'nSAVE Sylvia Park,PAK'nSAVE,East Auckland,5012937-EA-000,Round Cut Egg Noodles,High Mark,280g,2.69,"Rice, Pasta & Noodles"
pakn_save_sylvia_park_5010232-EA-000,c0f80e87-16be-4488-9553-da437e8c6c2a,PAK'nSAVE Sylvia Park,PAK'nSAVE,East Auckland,5010232-EA-000,Ribbon Cut Egg Noodles,High Mark,280g,2.69,"Rice, Pasta & Noodles"
pakn_save_sylvia_park_5011508-EA-000,c0f80e87-16be-4488-9553-da437e8c6c2a,PAK'nSAVE Sylvia Park,PAK'nSAVE,East Auckland,5011508-EA-000,Fine Cut Egg Noodles,High Mark,280g,2.69,"Rice, Pasta & Noodles"
pakn_save_sylvia_park_5019201-EA-000,c0f80e87-16be-4488-9553-da437e8c6c2a,PAK'nSAVE Sylvia Park,PAK'nSAVE,East Auckland,5019201-EA-000,Hokkien Noodles Twin Pack,Pams,2 x 200g,2.8,"Rice, Pasta & Noodles"
pakn_save_sylvia_park_5107441-EA-000,c0f80e87-16be-4488-9553-da437e8c6c2a,PAK'nSAVE Sylvia Park,PAK'nSAVE,East Auckland,5107441-EA-000,Hokkien Noodles,No 1 Foods,500g,4.29,"Rice, Pasta & Noodles"
pakn_save_sylvia_park_5206566-EA-000,c0f80e87-16be-4488-9553-da437e8c6c2a,PAK'nSAVE Sylvia Park,PAK'nSAVE,East Auckland,5206566-EA-000,Chicken Instant Noodles,Yum Yum,5 x 60g,2.79,"Rice, Pasta & Noodles"
pakn_save_sylvia_park_5029917-EA-000,c0f80e87-16be-4488-9553-da437e8c6c2a,PAK'nSAVE Sylvia Park,PAK'nSAVE,East Auckland,5029917-EA-000,Mi Goreng BBQ Chicken Instant Noodles,Indomie,5 x 85g,4.89,"Rice, Pasta & Noodles"
pakn_save_sylvia_park_5006409-EA-000,c0f80e87-16be-4488-9553-da437e8c6c2a,PAK'nSAVE Sylvia Park,PAK'nSAVE,East Auckland,5006409-EA-000,Mi Goreng Instant Noodles,Indomie,5pk,4.89,"Rice, Pasta & Noodles"
pakn_save_sylvia_park_5009982-EA-000,c0f80e87-16be-4488-9553-da437e8c6c2a,PAK'nSAVE Sylvia Park,PAK'nSAVE,East Auckland,5009982-EA-000,Chicken Instant Noodle Cup,Fantastic,70g,1.89,"Rice, Pasta & Noodles"
pakn_save_sylvia_park_5009983-EA-000,c0f80e87-16be-4488-9553-da437e8c6c2a,PAK'nSAVE Sylvia Park,PAK'nSAVE,East Auckland,5009983-EA-000,Beef Instant Noodle Cup,Fantastic,70g,1.89,"Rice, Pasta & Noodles"
pakn_save_sylvia_park_5343766-EA-000,c0f80e87-16be-4488-9553-da437e8c6c2a,PAK'nSAVE Sylvia Park,PAK'nSAVE,East Auckland,5343766-EA-000,Rolled Oats,Pams,750g,2.29,"Breakfast Cereals, Oats & Spreads"
pakn_save_sylvia_park_5011855-EA-000,c0f80e87-16be-4488-9553-da437e8c6c2a,PAK'nSAVE Sylvia Park,PAK'nSAVE,East Auckland,5011855-EA-000,Rolled Oats,Harraways,1.5kg,6.99,"Breakfast Cereals, Oats & Spreads"
pakn_save_sylvia_park_5016454-EA-000,c0f80e87-16be-4488-9553-da437e8c6c2a,PAK'nSAVE Sylvia Park,PAK'nSAVE,East Auckland,5016454-EA-000,Wholegrain Oats,Pams,1kg,3.69,"Bread, Wraps & Bakery"
pakn_save_sylvia_park_5011507-EA-000,c0f80e87-16be-4488-9553-da437e8c6c2a,PAK'nSAVE Sylvia Park,PAK'nSAVE,East Auckland,5011507-EA-000,Rolled Oats,Harraways,800g,5.19,"Breakfast Cereals, Oats & Spreads"
pakn_save_sylvia_park_5005002-EA-000,c0f80e87-16be-4488-9553-da437e8c6c2a,PAK'nSAVE Sylvia Park,PAK'nSAVE,East Auckland,5005002-EA-000,Creamy Oats,Pams,800g,3.29,"Breakfast Cereals, Oats & Spreads"
pakn_save_sylvia_park_5302626-EA-000,c0f80e87-16be-4488-9553-da437e8c6c2a,PAK'nSAVE Sylvia Park,PAK'nSAVE,East Auckland,5302626-EA-000,Cocoa Puffs Breakfast Cereal,Pams,500g,3.69,"Breakfast Cereals, Oats & Spreads"
pakn_save_sylvia_park_5014712-EA-000,c0f80e87-16be-4488-9553-da437e8c6c2a,PAK'nSAVE Sylvia Park,PAK'nSAVE,East Auckland,5014712-EA-000,Wild Berry Bites Breakfast Cereal,Sanitarium Weet-Bix,500g,6.49,"Breakfast Cereals, Oats & Spreads"
pakn_save_sylvia_park_5002800-EA-000,c0f80e87-16be-4488-9553-da437e8c6c2a,PAK'nSAVE Sylvia Park,PAK'nSAVE,East Auckland,5002800-EA-000,Breakfast Cereal,Sanitarium Weet-Bix,750g,6.19,"Breakfast Cereals, Oats & Spreads"
pakn_save_sylvia_park_5003723-EA-000,c0f80e87-16be-4488-9553-da437e8c6c2a,PAK'nSAVE Sylvia Park,PAK'nSAVE,East Auckland,5003723-EA-000,Cornflakes,Pams,500g,4.09,"Breakfast Cereals, Oats & Spreads"
pakn_save_sylvia_park_5299989-EA-000,c0f80e87-16be-4488-9553-da437e8c6c2a,PAK'nSAVE Sylvia Park,PAK'nSAVE,East Auckland,5299989-EA-000,Nutri-Grain Breakfast Cereal,Kellogg's,470g,8.99,"Breakfast Cereals, Oats & Spreads"
pakn_save_sylvia_park_5035008-EA-000,c0f80e87-16be-4488-9553-da437e8c6c2a,PAK'nSAVE Sylvia Park,PAK'nSAVE,East Auckland,5035008-EA-000,Breakfast Cereal,Sanitarium Weet-Bix,1.2kg,8.49,"Breakfast Cereals, Oats & Spreads"
pakn_save_sylvia_park_5002799-EA-000,c0f80e87-16be-4488-9553-da437e8c6c2a,PAK'nSAVE Sylvia Park,PAK'nSAVE,East Auckland,5002799-EA-000,Breakfast Cereal,Sanitarium Weet-Bix,375g,4.49,"Breakfast Cereals, Oats & Spreads"
pakn_save_sylvia_park_5326165-EA-000,c0f80e87-16be-4488-9553-da437e8c6c2a,PAK'nSAVE Sylvia Park,PAK'nSAVE,East Auckland,5326165-EA-000,Bites Coco Crunch Breakfast Cereal,Sanitarium Weet-Bix,500g,6.49,"Breakfast Cereals, Oats & Spreads"
pakn_save_sylvia_park_5026067-EA-000,c0f80e87-16be-4488-9553-da437e8c6c2a,PAK'nSAVE Sylvia Park,PAK'nSAVE,East Auckland,5026067-EA-000,White Toast Bread,Nature's Fresh,700g,3.82,"Bread, Wraps & Bakery"
pakn_save_sylvia_park_5009506-EA-000,c0f80e87-16be-4488-9553-da437e8c6c2a,PAK'nSAVE Sylvia Park,PAK'nSAVE,East Auckland,5009506-EA-000,Supersoft White Toast Bread,Tip Top,700g,3.89,"Bread, Wraps & Bakery"
pakn_save_sylvia_park_5026013-EA-000,c0f80e87-16be-4488-9553-da437e8c6c2a,PAK'nSAVE Sylvia Park,PAK'nSAVE,East Auckland,5026013-EA-000,White Super Thick Toast Bread,Nature's Fresh,700g,3.82,"Bread, Wraps & Bakery"
pakn_save_sylvia_park_5092911-EA-000,c0f80e87-16be-4488-9553-da437e8c6c2a,PAK'nSAVE Sylvia Park,PAK'nSAVE,East Auckland,5092911-EA-000,White Toast Fresh Sliced Bread,Pams Value,600g,2.02,"Bread, Wraps & Bakery"
pakn_save_sylvia_park_5013058-EA-000,c0f80e87-16be-4488-9553-da437e8c6c2a,PAK'nSAVE Sylvia Park,PAK'nSAVE,East Auckland,5013058-EA-000,White Toast Bread,Sunny Crust,600g,2.62,"Bread, Wraps & Bakery"
pakn_save_sylvia_park_5338629-EA-000,c0f80e87-16be-4488-9553-da437e8c6c2a,PAK'nSAVE Sylvia Park,PAK'nSAVE,East Auckland,5338629-EA-000,Glorious Grains Original Wholegrain Bread,Ploughmans Bakery,700g,3.99,"Bread, Wraps & Bakery"
pakn_save_sylvia_park_5018055-EA-000,c0f80e87-16be-4488-9553-da437e8c6c2a,PAK'nSAVE Sylvia Park,PAK'nSAVE,East Auckland,5018055-EA-000,Wholegrain Tortillas,Pams,6pk,2.99,"Bread, Wraps & Bakery"
pakn_save_sylvia_park_5341016-EA-000,c0f80e87-16be-4488-9553-da437e8c6c2a,PAK'nSAVE Sylvia Park,PAK'nSAVE,East Auckland,5341016-EA-000,Wholegrain Soft Wraps,Rebel Bakehouse,6 x 63g,5.39,"Bread, Wraps & Bakery"
pakn_save_sylvia_park_5308179-EA-000,c0f80e87-16be-4488-9553-da437e8c6c2a,PAK'nSAVE Sylvia Park,PAK'nSAVE,East Auckland,5308179-EA-000,Low Carb Tortillas,Farrah's,10pk,4.49,"Bread, Wraps & Bakery"
pakn_save_sylvia_park_5269394-EA-000,c0f80e87-16be-4488-9553-da437e8c6c2a,PAK'nSAVE Sylvia Park,PAK'nSAVE,East Auckland,5269394-EA-000,White Wraps,Pams,8pk,4.39,"Bread, Wraps & Bakery"
pakn_save_sylvia_park_5016678-EA-000,c0f80e87-16be-4488-9553-da437e8c6c2a,PAK'nSAVE Sylvia Park,PAK'nSAVE,East Auckland,5016678-EA-000,Wraps Premium White,Farrah's,6pk,4.79,"Bread, Wraps & Bakery"
pakn_save_sylvia_park_5016682-EA-000,c0f80e87-16be-4488-9553-da437e8c6c2a,PAK'nSAVE Sylvia Park,PAK'nSAVE,East Auckland,5016682-EA-000,Wraps Wholemeal,Farrah's,6pk,4.79,"Bread, Wraps & Bakery"
pakn_save_sylvia_park_5006275-EA-000,c0f80e87-16be-4488-9553-da437e8c6c2a,PAK'nSAVE Sylvia Park,PAK'nSAVE,East Auckland,5006275-EA-000,White Round Pita Bread,Pams,8 x 43.8g,3.59,"Bread, Wraps & Bakery"
pakn_save_sylvia_park_5229326-EA-000,c0f80e87-16be-4488-9553-da437e8c6c2a,PAK'nSAVE Sylvia Park,PAK'nSAVE,East Auckland,5229326-EA-000,Round Wholemeal Pita,Pams,8pk,3.59,"Bread, Wraps & Bakery"
pakn_save_sylvia_park_5028784-EA-000,c0f80e87-16be-4488-9553-da437e8c6c2a,PAK'nSAVE Sylvia Park,PAK'nSAVE,East Auckland,5028784-EA-000,Wholemeal Pita Breads,Giannis,8pk,4.09,"Bread, Wraps & Bakery"
pakn_save_sylvia_park_5008178-EA-000,c0f80e87-16be-4488-9553-da437e8c6c2a,PAK'nSAVE Sylvia Park,PAK'nSAVE,East Auckland,5008178-EA-000,Original Pita Bread,Danny's,5pk,5.49,"Bread, Wraps & Bakery"
pakn_save_sylvia_park_5025975-EA-000,c0f80e87-16be-4488-9553-da437e8c6c2a,PAK'nSAVE Sylvia Park,PAK'nSAVE,East Auckland,5025975-EA-000,Classic White Pita Breads,Giannis,8pk,4.09,"Bread, Wraps & Bakery"
pakn_save_sylvia_park_5323568-EA-000,c0f80e87-16be-4488-9553-da437e8c6c2a,PAK'nSAVE Sylvia Park,PAK'nSAVE,East Auckland,5323568-EA-000,King Size Burger Buns,Pams,8pk,4.94,"Bread, Wraps & Bakery"
pakn_save_sylvia_park_5122400-EA-000,c0f80e87-16be-4488-9553-da437e8c6c2a,PAK'nSAVE Sylvia Park,PAK'nSAVE,East Auckland,5122400-EA-000,Plain Round Rolls,,12pk,4.29,"Bread, Wraps & Bakery"
pakn_save_sylvia_park_5009507-EA-000,c0f80e87-16be-4488-9553-da437e8c6c2a,PAK'nSAVE Sylvia Park,PAK'nSAVE,East Auckland,5009507-EA-000,Supersoft Burger Buns,Tip Top,6pk,4.39,"Bread, Wraps & Bakery"
pakn_save_sylvia_park_5323567-EA-000,c0f80e87-16be-4488-9553-da437e8c6c2a,PAK'nSAVE Sylvia Park,PAK'nSAVE,East Auckland,5323567-EA-000,Brioche Style Burger Buns,Pams,6pk,5.32,"Bread, Wraps & Bakery"
pakn_save_sylvia_park_5106662-EA-000,c0f80e87-16be-4488-9553-da437e8c6c2a,PAK'nSAVE Sylvia Park,PAK'nSAVE,East Auckland,5106662-EA-000,Hamburger Buns,,6pk,4.49,"Bread, Wraps & Bakery"
pakn_save_sylvia_park_5003829-EA-000,c0f80e87-16be-4488-9553-da437e8c6c2a,PAK'nSAVE Sylvia Park,PAK'nSAVE,East Auckland,5003829-EA-000,Pure Plain Flour,Pams,1.5kg,1.89,"Flour, Sugar & Baking"
pakn_save_sylvia_park_5003830-EA-000,c0f80e87-16be-4488-9553-da437e8c6c2a,PAK'nSAVE Sylvia Park,PAK'nSAVE,East Auckland,5003830-EA-000,Pure Plain Flour,Pams,5kg,6.49,"Flour, Sugar & Baking"
pakn_save_sylvia_park_5327096-EA-000,c0f80e87-16be-4488-9553-da437e8c6c2a,PAK'nSAVE Sylvia Park,PAK'nSAVE,East Auckland,5327096-EA-000,Gluten Free Plain Flour,Pams,750g,5.09,"Flour, Sugar & Baking"
pakn_save_sylvia_park_5027521-EA-000,c0f80e87-16be-4488-9553-da437e8c6c2a,PAK'nSAVE Sylvia Park,PAK'nSAVE,East Auckland,5027521-EA-000,Gluten Free Plain Flour,Edmonds,750g,5.99,"Flour, Sugar & Baking"
pakn_save_sylvia_park_5003844-EA-000,c0f80e87-16be-4488-9553-da437e8c6c2a,PAK'nSAVE Sylvia Park,PAK'nSAVE,East Auckland,5003844-EA-000,Self Raising Flour,Pams,1.5kg,2.55,"Flour, Sugar & Baking"
pakn_save_sylvia_park_5286792-EA-000,c0f80e87-16be-4488-9553-da437e8c6c2a,PAK'nSAVE Sylvia Park,PAK'nSAVE,East Auckland,5286792-EA-000,Self Raising Flour,Edmonds,1.5kg,3.69,"Flour, Sugar & Baking"
pakn_save_sylvia_park_5027519-EA-000,c0f80e87-16be-4488-9553-da437e8c6c2a,PAK'nSAVE Sylvia Park,PAK'nSAVE,East Auckland,5027519-EA-000,Gluten Free Self Raising Flour,Edmonds,750g,5.99,"Flour, Sugar & Baking"
pakn_save_sylvia_park_5003885-EA-000,c0f80e87-16be-4488-9553-da437e8c6c2a,PAK'nSAVE Sylvia Park,PAK'nSAVE,East Auckland,5003885-EA-000,White Sugar,Pams,1.5kg,2.99,"Flour, Sugar & Baking"
pakn_save_sylvia_park_5002760-EA-000,c0f80e87-16be-4488-9553-da437e8c6c2a,PAK'nSAVE Sylvia Park,PAK'nSAVE,East Auckland,5002760-EA-000,White Sugar,Chelsea,1.5kg,3.29,"Flour, Sugar & Baking"
pakn_save_sylvia_park_5020337-EA-000,c0f80e87-16be-4488-9553-da437e8c6c2a,PAK'nSAVE Sylvia Park,PAK'nSAVE,East Auckland,5020337-EA-000,White Sugar,Pams,500g,2.19,"Flour, Sugar & Baking"
pakn_save_sylvia_park_5004782-EA-000,c0f80e87-16be-4488-9553-da437e8c6c2a,PAK'nSAVE Sylvia Park,PAK'nSAVE,East Auckland,5004782-EA-000,White Sugar,Pams,3kg,6.19,"Flour, Sugar & Baking"
pakn_save_sylvia_park_5002752-EA-000,c0f80e87-16be-4488-9553-da437e8c6c2a,PAK'nSAVE Sylvia Park,PAK'nSAVE,East Auckland,5002752-EA-000,White Sugar,Chelsea,500g,2.29,"Flour, Sugar & Baking"
pakn_save_sylvia_park_5003683-EA-000,c0f80e87-16be-4488-9553-da437e8c6c2a,PAK'nSAVE Sylvia Park,PAK'nSAVE,East Auckland,5003683-EA-000,Soft Brown Sugar,Pams,1kg,2.19,"Flour, Sugar & Baking"
pakn_save_sylvia_park_5002762-EA-000,c0f80e87-16be-4488-9553-da437e8c6c2a,PAK'nSAVE Sylvia Park,PAK'nSAVE,East Auckland,5002762-EA-000,Soft Brown Sugar,Chelsea,500g,2.09,"Flour, Sugar & Baking"
pakn_save_sylvia_park_5002763-EA-000,c0f80e87-16be-4488-9553-da437e8c6c2a,PAK'nSAVE Sylvia Park,PAK'nSAVE,East Auckland,5002763-EA-000,Soft Brown Sugar,Chelsea,1kg,3.79,"Flour, Sugar & Baking"
pakn_save_sylvia_park_5020639-EA-000,c0f80e87-16be-4488-9553-da437e8c6c2a,PAK'nSAVE Sylvia Park,PAK'nSAVE,East Auckland,5020639-EA-000,Mini Frozen Hash Browns,Pams,750g,4.04,Frozen Foods
pakn_save_sylvia_park_5005907-EA-000,c0f80e87-16be-4488-9553-da437e8c6c2a,PAK'nSAVE Sylvia Park,PAK'nSAVE,East Auckland,5005907-EA-000,Triangle Frozen Hash Browns,Pams,750g,4.04,Frozen Foods
pakn_save_sylvia_park_5003695-EA-000,c0f80e87-16be-4488-9553-da437e8c6c2a,PAK'nSAVE Sylvia Park,PAK'nSAVE,East Auckland,5003695-EA-000,Canola Oil,Pams,500ml,1.89,Cooking Oils & Vinegars
pakn_save_sylvia_park_5045051-EA-000,c0f80e87-16be-4488-9553-da437e8c6c2a,PAK'nSAVE Sylvia Park,PAK'nSAVE,East Auckland,5045051-EA-000,Canola Oil,Pacific Crown,2l,10.99,Cooking Oils & Vinegars
pakn_save_manukau_5045856-KGM-000,9cd8eb60-3222-4efc-bd7c-50e03e6a81a4,PAK'nSAVE Manukau,PAK'nSAVE,South Auckland,5045856-KGM-000,Brown Onions,,kg,2.49,Fresh Vegetables
pakn_save_manukau_5223140-KGM-000,9cd8eb60-3222-4efc-bd7c-50e03e6a81a4,PAK'nSAVE Manukau,PAK'nSAVE,South Auckland,5223140-KGM-000,Peeled Red Onions,,kg,5.79,Fresh Vegetables
pakn_save_manukau_5264183-EA-000,9cd8eb60-3222-4efc-bd7c-50e03e6a81a4,PAK'nSAVE Manukau,PAK'nSAVE,South Auckland,5264183-EA-000,Red Onions,Pams,1kg,4.99,Fresh Vegetables
pakn_save_manukau_5040009-EA-000,9cd8eb60-3222-4efc-bd7c-50e03e6a81a4,PAK'nSAVE Manukau,PAK'nSAVE,South Auckland,5040009-EA-000,Spring Onions,,ea,2.99,Fresh Vegetables
pakn_save_manukau_5009708-EA-000,9cd8eb60-3222-4efc-bd7c-50e03e6a81a4,PAK'nSAVE Manukau,PAK'nSAVE,South Auckland,5009708-EA-000,Onion Soup Mix Sachet,Maggi,32g,1.39,Fresh Vegetables
pakn_save_manukau_5045849-KGM-000,9cd8eb60-3222-4efc-bd7c-50e03e6a81a4,PAK'nSAVE Manukau,PAK'nSAVE,South Auckland,5045849-KGM-000,White Washed Potatoes,,kg,3.99,Fresh Vegetables
pakn_save_manukau_5264180-EA-000,9cd8eb60-3222-4efc-bd7c-50e03e6a81a4,PAK'nSAVE Manukau,PAK'nSAVE,South Auckland,5264180-EA-000,Brushed Agria Potatoes,Pams,3kg,10.99,Fresh Vegetables
pakn_save_manukau_5045841-KGM-000,9cd8eb60-3222-4efc-bd7c-50e03e6a81a4,PAK'nSAVE Manukau,PAK'nSAVE,South Auckland,5045841-KGM-000,Yellow Agria Potatoes,,kg,3.99,Fresh Vegetables
pakn_save_manukau_5264171-EA-000,9cd8eb60-3222-4efc-bd7c-50e03e6a81a4,PAK'nSAVE Manukau,PAK'nSAVE,South Auckland,5264171-EA-000,Washed White Potatoes,Pams,2.5kg,6.99,Fresh Vegetables
pakn_save_manukau_5264170-EA-000,9cd8eb60-3222-4efc-bd7c-50e03e6a81a4,PAK'nSAVE Manukau,PAK'nSAVE,South Auckland,5264170-EA-000,Washed White Potatoes,Pams,4kg,12.99,Fresh Vegetables
pakn_save_manukau_5046145-EA-000,9cd8eb60-3222-4efc-bd7c-50e03e6a81a4,PAK'nSAVE Manukau,PAK'nSAVE,South Auckland,5046145-EA-000,Garlic,,7pk,2.49,Fresh Vegetables
pakn_save_manukau_5046565-KGM-000,9cd8eb60-3222-4efc-bd7c-50e03e6a81a4,PAK'nSAVE Manukau,PAK'nSAVE,South Auckland,5046565-KGM-000,Loose Garlic,,kg,24.99,Fresh Vegetables
pakn_save_manukau_5241730-EA-000,9cd8eb60-3222-4efc-bd7c-50e03e6a81a4,PAK'nSAVE Manukau,PAK'nSAVE,South Auckland,5241730-EA-000,Naturals Eco Garlic Powder,Mrs Rogers,40g,1.99,Fresh Vegetables
pakn_save_manukau_5046212-EA-000,9cd8eb60-3222-4efc-bd7c-50e03e6a81a4,PAK'nSAVE Manukau,PAK'nSAVE,South Auckland,5046212-EA-000,Crushed Garlic,Healthy n Fresh,380g,4.29,Fresh Vegetables
pakn_save_manukau_5046757-EA-000,9cd8eb60-3222-4efc-bd7c-50e03e6a81a4,PAK'nSAVE Manukau,PAK'nSAVE,South Auckland,5046757-EA-000,Peeled Garlic,,500g,3.99,Fresh Vegetables
pakn_save_manukau_5039965-KGM-000,9cd8eb60-3222-4efc-bd7c-50e03e6a81a4,PAK'nSAVE Manukau,PAK'nSAVE,South Auckland,5039965-KGM-000,Carrots,,kg,2.29,Fresh Vegetables
pakn_save_manukau_5264169-EA-000,9cd8eb60-3222-4efc-bd7c-50e03e6a81a4,PAK'nSAVE Manukau,PAK'nSAVE,South Auckland,5264169-EA-000,Fresh Carrots,Value,2kg,4.99,Fresh Vegetables
pakn_save_manukau_5245226-EA-000,9cd8eb60-3222-4efc-bd7c-50e03e6a81a4,PAK'nSAVE Manukau,PAK'nSAVE,South Auckland,5245226-EA-000,Beta Bites Snacking Carrots,Wilcox,250g,3.49,Fresh Vegetables
pakn_save_manukau_5241265-EA-000,9cd8eb60-3222-4efc-bd7c-50e03e6a81a4,PAK'nSAVE Manukau,PAK'nSAVE,South Auckland,5241265-EA-000,Carrot Batons,Pams,300g,3.79,Fresh Vegetables
pakn_save_manukau_5241267-EA-000,9cd8eb60-3222-4efc-bd7c-50e03e6a81a4,PAK'nSAVE Manukau,PAK'nSAVE,South Auckland,5241267-EA-000,Shredded Carrots,Pams,300g,3.79,Fresh Vegetables
pakn_save_manukau_5039956-EA-000,9cd8eb60-3222-4efc-bd7c-50e03e6a81a4,PAK'nSAVE Manukau,PAK'nSAVE,South Auckland,5039956-EA-000,Broccoli,,ea,2.29,Fresh Vegetables
pakn_save_manukau_5039966-EA-000,9cd8eb60-3222-4efc-bd7c-50e03e6a81a4,PAK'nSAVE Manukau,PAK'nSAVE,South Auckland,5039966-EA-000,Cauliflower,,ea,2.99,Fresh Vegetables
pakn_save_manukau_5294382-EA-000,9cd8eb60-3222-4efc-bd7c-50e03e6a81a4,PAK'nSAVE Manukau,PAK'nSAVE,South Auckland,5294382-EA-000,Frozen Whole Florets Broccoli,SB,1kg,5.54,Frozen Foods
pakn_save_manukau_5046517-EA-000,9cd8eb60-3222-4efc-bd7c-50e03e6a81a4,PAK'nSAVE Manukau,PAK'nSAVE,South Auckland,5046517-EA-000,Green Cabbage Half,,ea,2.99,Fresh Vegetables
pakn_save_manukau_5040608-EA-000,9cd8eb60-3222-4efc-bd7c-50e03e6a81a4,PAK'nSAVE Manukau,PAK'nSAVE,South Auckland,5040608-EA-000,Bellaverde Sweet Stem Broccoli,,250g,4.79,Fresh Vegetables
pakn_save_manukau_5040098-KGM-000,9cd8eb60-3222-4efc-bd7c-50e03e6a81a4,PAK'nSAVE Manukau,PAK'nSAVE,South Auckland,5040098-KGM-000,Loose Red Tomatoes,,kg,8.99,Fresh Vegetables
pakn_save_manukau_5259530-EA-000,9cd8eb60-3222-4efc-bd7c-50e03e6a81a4,PAK'nSAVE Manukau,PAK'nSAVE,South Auckland,5259530-EA-000,Classic Tomatoes.,Sunburst,200g,5.99,Fresh Vegetables
pakn_save_manukau_5028889-EA-000,9cd8eb60-3222-4efc-bd7c-50e03e6a81a4,PAK'nSAVE Manukau,PAK'nSAVE,South Auckland,5028889-EA-000,Telegraph Cucumber,,ea,2.99,Fresh Vegetables
pakn_save_manukau_5092718-EA-000,9cd8eb60-3222-4efc-bd7c-50e03e6a81a4,PAK'nSAVE Manukau,PAK'nSAVE,South Auckland,5092718-EA-000,Chopped Tomatoes in Juice,Pams Value,400g,0.89,Canned Goods
pakn_save_manukau_5345926-EA-000,9cd8eb60-3222-4efc-bd7c-50e03e6a81a4,PAK'nSAVE Manukau,PAK'nSAVE,South Auckland,5345926-EA-000,Cherry Tomatoes,Pams,180g,5.99,Fresh Vegetables
pakn_save_manukau_5040464-EA-000,9cd8eb60-3222-4efc-bd7c-50e03e6a81a4,PAK'nSAVE Manukau,PAK'nSAVE,South Auckland,5040464-EA-000,Baby Spinach,Pams,120g,2.89,Fresh Vegetables
pakn_save_manukau_5331778-EA-000,9cd8eb60-3222-4efc-bd7c-50e03e6a81a4,PAK'nSAVE Manukau,PAK'nSAVE,South Auckland,5331778-EA-000,Baby Spinach,Pams,300g,5.99,Fresh Vegetables
pakn_save_manukau_5040724-EA-000,9cd8eb60-3222-4efc-bd7c-50e03e6a81a4,PAK'nSAVE Manukau,PAK'nSAVE,South Auckland,5040724-EA-000,Baby Spinach,LeaderBrand,120g,3.99,Fresh Vegetables
pakn_save_manukau_5040743-EA-000,9cd8eb60-3222-4efc-bd7c-50e03e6a81a4,PAK'nSAVE Manukau,PAK'nSAVE,South Auckland,5040743-EA-000,Spinach,Pams,ea,5.49,Fresh Vegetables
pakn_save_manukau_5046727-EA-000,9cd8eb60-3222-4efc-bd7c-50e03e6a81a4,PAK'nSAVE Manukau,PAK'nSAVE,South Auckland,5046727-EA-000,Baby Spinach,,300g,5.99,Fresh Vegetables
pakn_save_manukau_5039990-EA-000,9cd8eb60-3222-4efc-bd7c-50e03e6a81a4,PAK'nSAVE Manukau,PAK'nSAVE,South Auckland,5039990-EA-000,Bagged Iceberg Lettuce,,ea,2.99,Fresh Vegetables
pakn_save_manukau_5046440-EA-000,9cd8eb60-3222-4efc-bd7c-50e03e6a81a4,PAK'nSAVE Manukau,PAK'nSAVE,South Auckland,5046440-EA-000,Fresh Cut Lettuce,,ea,1.49,Fresh Vegetables
pakn_save_manukau_5303543-EA-000,9cd8eb60-3222-4efc-bd7c-50e03e6a81a4,PAK'nSAVE Manukau,PAK'nSAVE,South Auckland,5303543-EA-000,Iceberg Lettuce,Pams,1pk,2.99,Fresh Vegetables
pakn_save_manukau_5040462-EA-000,9cd8eb60-3222-4efc-bd7c-50e03e6a81a4,PAK'nSAVE Manukau,PAK'nSAVE,South Auckland,5040462-EA-000,Baby Leaf Lettuce,Pams,100g,3.99,Fresh Vegetables
pakn_save_manukau_5047010-EA-000,9cd8eb60-3222-4efc-bd7c-50e03e6a81a4,PAK'nSAVE Manukau,PAK'nSAVE,South Auckland,5047010-EA-000,Fancy Green Lettuce,,ea,2.49,Fresh Vegetables
pakn_save_manukau_5046503-EA-000,9cd8eb60-3222-4efc-bd7c-50e03e6a81a4,PAK'nSAVE Manukau,PAK'nSAVE,South Auckland,5046503-EA-000,Red Capsicum,,ea,3.99,Fresh Vegetables
pakn_save_manukau_5046533-KGM-000,9cd8eb60-3222-4efc-bd7c-50e03e6a81a4,PAK'nSAVE Manukau,PAK'nSAVE,South Auckland,5046533-KGM-000,White Button Mushrooms,,kg,9.99,Fresh Vegetables
pakn_save_manukau_5326590-EA-000,9cd8eb60-3222-4efc-bd7c-50e03e6a81a4,PAK'nSAVE Manukau,PAK'nSAVE,South Auckland,5326590-EA-000,White Button Mushrooms,Pams,400g,5.99,Fresh Vegetables
pakn_save_manukau_5294812-EA-000,9cd8eb60-3222-4efc-bd7c-50e03e6a81a4,PAK'nSAVE Manukau,PAK'nSAVE,South Auckland,5294812-EA-000,White Button Mushrooms,Meadow Mushrooms,200g,4.49,Fresh Vegetables
pakn_save_manukau_5040006-KGM-000,9cd8eb60-3222-4efc-bd7c-50e03e6a81a4,PAK'nSAVE Manukau,PAK'nSAVE,South Auckland,5040006-KGM-000,Portabello Flat Mushrooms,,kg,14.99,Fresh Vegetables
pakn_save_manukau_5276031-EA-000,9cd8eb60-3222-4efc-bd7c-50e03e6a81a4,PAK'nSAVE Manukau,PAK'nSAVE,South Auckland,5276031-EA-000,Small Portabello Mushrooms,Meadow Mushrooms,200g,4.99,Fresh Vegetables
pakn_save_manukau_5298394-EA-000,9cd8eb60-3222-4efc-bd7c-50e03e6a81a4,PAK'nSAVE Manukau,PAK'nSAVE,South Auckland,5298394-EA-000,Capsicum,Value,500g,8.99,Fresh Vegetables
pakn_save_manukau_5046525-KGM-000,9cd8eb60-3222-4efc-bd7c-50e03e6a81a4,PAK'nSAVE Manukau,PAK'nSAVE,South Auckland,5046525-KGM-000,Royal Gala Apples,,kg,4.99,Fresh Fruit
pakn_save_manukau_5040702-EA-000,9cd8eb60-3222-4efc-bd7c-50e03e6a81a4,PAK'nSAVE Manukau,PAK'nSAVE,South Auckland,5040702-EA-000,Royal Gala Apples,Yummy Fruit,1.5kg,7.49,Fresh Fruit
pakn_save_manukau_5039945-KGM-000,9cd8eb60-3222-4efc-bd7c-50e03e6a81a4,PAK'nSAVE Manukau,PAK'nSAVE,South Auckland,5039945-KGM-000,Granny Smith Apples,,kg,4.99,Fresh Fruit
pakn_save_manukau_5045864-KGM-000,9cd8eb60-3222-4efc-bd7c-50e03e6a81a4,PAK'nSAVE Manukau,PAK'nSAVE,South Auckland,5045864-KGM-000,Rose Apples,,kg,3.99,Fresh Fruit
pakn_save_manukau_5046462-KGM-000,9cd8eb60-3222-4efc-bd7c-50e03e6a81a4,PAK'nSAVE Manukau,PAK'nSAVE,South Auckland,5046462-KGM-000,Ambrosia Apples,,kg,5.99,Fresh Fruit
pakn_save_manukau_5046542-KGM-000,9cd8eb60-3222-4efc-bd7c-50e03e6a81a4,PAK'nSAVE Manukau,PAK'nSAVE,South Auckland,5046542-KGM-000,Bananas,,kg,3.79,Fresh Fruit
pakn_save_manukau_5046240-EA-000,9cd8eb60-3222-4efc-bd7c-50e03e6a81a4,PAK'nSAVE Manukau,PAK'nSAVE,South Auckland,5046240-EA-000,Bananas Snack Pack,Dole,1pk,2.99,Fresh Fruit
pakn_save_manukau_5205142-EA-000,9cd8eb60-3222-4efc-bd7c-50e03e6a81a4,PAK'nSAVE Manukau,PAK'nSAVE,South Auckland,5205142-EA-000,Spinach Apple Blueberry & Banana Vege Fruit Sticks,Mother Earth,152g,2.49,Fresh Fruit
pakn_save_manukau_5017392-EA-000,9cd8eb60-3222-4efc-bd7c-50e03e6a81a4,PAK'nSAVE Manukau,PAK'nSAVE,South Auckland,5017392-EA-000,Banana Flavour Liquid Breakfast,Sanitarium Up & Go,6 x 250ml,10.69,Fresh Fruit
pakn_save_manukau_5039951-KGM-000,9cd8eb60-3222-4efc-bd7c-50e03e6a81a4,PAK'nSAVE Manukau,PAK'nSAVE,South Auckland,5039951-KGM-000,Loose Green Bananas,,kg,3.99,Fresh Fruit
pakn_save_manukau_5040011-KGM-000,9cd8eb60-3222-4efc-bd7c-50e03e6a81a4,PAK'nSAVE Manukau,PAK'nSAVE,South Auckland,5040011-KGM-000,Orange Kumara,,kg,5.99,Fresh Fruit
pakn_save_manukau_5040012-EA-000,9cd8eb60-3222-4efc-bd7c-50e03e6a81a4,PAK'nSAVE Manukau,PAK'nSAVE,South Auckland,5040012-EA-000,Navel Oranges,Pams,1.5kg,6.99,Fresh Fruit
pakn_save_manukau_5039995-KGM-000,9cd8eb60-3222-4efc-bd7c-50e03e6a81a4,PAK'nSAVE Manukau,PAK'nSAVE,South Auckland,5039995-KGM-000,Mandarins,,kg,3.99,Fresh Fruit
pakn_save_manukau_5046477-KGM-000,9cd8eb60-3222-4efc-bd7c-50e03e6a81a4,PAK'nSAVE Manukau,PAK'nSAVE,South Auckland,5046477-KGM-000,Lemons,,kg,4.99,Fresh Fruit
pakn_save_manukau_5006676-EA-000,9cd8eb60-3222-4efc-bd7c-50e03e6a81a4,PAK'nSAVE Manukau,PAK'nSAVE,South Auckland,5006676-EA-000,Juice Kitchen Premium Orange Juice,Keri,1l,3.69,Fresh Fruit
pakn_save_manukau_5203150-EA-000,9cd8eb60-3222-4efc-bd7c-50e03e6a81a4,PAK'nSAVE Manukau,PAK'nSAVE,South Auckland,5203150-EA-000,Lemon Baking Juice,Pams,250ml,2.09,Fresh Fruit
pakn_save_manukau_5039989-EA-000,9cd8eb60-3222-4efc-bd7c-50e03e6a81a4,PAK'nSAVE Manukau,PAK'nSAVE,South Auckland,5039989-EA-000,Lemons,Pams Fresh,1kg,4.99,Fresh Fruit
pakn_save_manukau_5003304-EA-000,9cd8eb60-3222-4efc-bd7c-50e03e6a81a4,PAK'nSAVE Manukau,PAK'nSAVE,South Auckland,5003304-EA-000,Lemon Treats Biscuits,Griffin's,250g,2.79,Fresh Fruit
pakn_save_manukau_5345885-EA-000,9cd8eb60-3222-4efc-bd7c-50e03e6a81a4,PAK'nSAVE Manukau,PAK'nSAVE,South Auckland,5345885-EA-000,Rocketslaw Salad with Creamy Lemon Mayonnaise,Salad,350g,5.49,Fresh Fruit
pakn_save_manukau_5310072-EA-000,9cd8eb60-3222-4efc-bd7c-50e03e6a81a4,PAK'nSAVE Manukau,PAK'nSAVE,South Auckland,5310072-EA-000,Snap Frozen Mixed Berries,The Berry Fix,1.5kg,15.49,Frozen Foods
pakn_save_manukau_5004944-EA-000,9cd8eb60-3222-4efc-bd7c-50e03e6a81a4,PAK'nSAVE Manukau,PAK'nSAVE,South Auckland,5004944-EA-000,Mixed Berries,Pams,500g,6.99,Fresh Fruit
pakn_save_manukau_5310065-EA-000,9cd8eb60-3222-4efc-bd7c-50e03e6a81a4,PAK'nSAVE Manukau,PAK'nSAVE,South Auckland,5310065-EA-000,Five Berry Medley,Fruzio,750g,10.99,Fresh Fruit
pakn_save_manukau_5312786-EA-000,9cd8eb60-3222-4efc-bd7c-50e03e6a81a4,PAK'nSAVE Manukau,PAK'nSAVE,South Auckland,5312786-EA-000,Mixed Berry,Fruzio,750g,10.49,Fresh Fruit
pakn_save_manukau_5310067-EA-000,9cd8eb60-3222-4efc-bd7c-50e03e6a81a4,PAK'nSAVE Manukau,PAK'nSAVE,South Auckland,5310067-EA-000,Certified Organic Mixed Berries,Goodness Kitchen,400g,7.99,Fresh Fruit
pakn_save_manukau_5105651-KGM-000,9cd8eb60-3222-4efc-bd7c-50e03e6a81a4,PAK'nSAVE Manukau,PAK'nSAVE,South Auckland,5105651-KGM-000,Skinless Chicken Breast,,kg,14.99,Chicken & Poultry
pakn_save_manukau_5221711-EA-000,9cd8eb60-3222-4efc-bd7c-50e03e6a81a4,PAK'nSAVE Manukau,PAK'nSAVE,South Auckland,5221711-EA-000,Boneless Skinless Chicken Breast,Pams Free Range,400g,9.49,Chicken & Poultry
pakn_save_manukau_5118844-KGM-000,9cd8eb60-3222-4efc-bd7c-50e03e6a81a4,PAK'nSAVE Manukau,PAK'nSAVE,South Auckland,5118844-KGM-000,NZ Chicken Thighs Bone In,,kg,9.99,Chicken & Poultry
pakn_save_manukau_5221708-EA-000,9cd8eb60-3222-4efc-bd7c-50e03e6a81a4,PAK'nSAVE Manukau,PAK'nSAVE,South Auckland,5221708-EA-000,Boneless Skinless Chicken Thighs,Pams Free Range,400g,9.99,Chicken & Poultry
pakn_save_manukau_5115633-KGM-000,9cd8eb60-3222-4efc-bd7c-50e03e6a81a4,PAK'nSAVE Manukau,PAK'nSAVE,South Auckland,5115633-KGM-000,NZ Skinless Chicken Thigh Fillet,,kg,15.99,Chicken & Poultry
pakn_save_manukau_5108515-KGM-000,9cd8eb60-3222-4efc-bd7c-50e03e6a81a4,PAK'nSAVE Manukau,PAK'nSAVE,South Auckland,5108515-KGM-000,NZ Chicken Thigh Bone in Cutlets,,kg,15.99,Chicken & Poultry
pakn_save_manukau_5105213-KGM-000,9cd8eb60-3222-4efc-bd7c-50e03e6a81a4,PAK'nSAVE Manukau,PAK'nSAVE,South Auckland,5105213-KGM-000,NZ Chicken Drumsticks,,kg,4.89,Chicken & Poultry
pakn_save_manukau_5100208-KGM-000,9cd8eb60-3222-4efc-bd7c-50e03e6a81a4,PAK'nSAVE Manukau,PAK'nSAVE,South Auckland,5100208-KGM-000,Chicken Nibbles,,kg,6.89,Chicken & Poultry
pakn_save_manukau_5103529-KGM-000,9cd8eb60-3222-4efc-bd7c-50e03e6a81a4,PAK'nSAVE Manukau,PAK'nSAVE,South Auckland,5103529-KGM-000,NZ Chicken Drumsticks,,kg,4.89,Chicken & Poultry
pakn_save_manukau_5102903-KGM-000,9cd8eb60-3222-4efc-bd7c-50e03e6a81a4,PAK'nSAVE Manukau,PAK'nSAVE,South Auckland,5102903-KGM-000,NZ Chicken Legs,,kg,10.99,Chicken & Poultry
pakn_save_manukau_5119365-KGM-000,9cd8eb60-3222-4efc-bd7c-50e03e6a81a4,PAK'nSAVE Manukau,PAK'nSAVE,South Auckland,5119365-KGM-000,NZ Chicken Wings,,kg,10.99,Chicken & Poultry
pakn_save_manukau_5339780-EA-000,9cd8eb60-3222-4efc-bd7c-50e03e6a81a4,PAK'nSAVE Manukau,PAK'nSAVE,South Auckland,5339780-EA-000,Whole Chicken,Pams,1.35kg,7.99,Chicken & Poultry
pakn_save_manukau_5004502-EA-000,9cd8eb60-3222-4efc-bd7c-50e03e6a81a4,PAK'nSAVE Manukau,PAK'nSAVE,South Auckland,5004502-EA-000,Frozen Whole Chicken,Ingham's,850g,5.0,Frozen Foods
pakn_save_manukau_5322808-EA-000,9cd8eb60-3222-4efc-bd7c-50e03e6a81a4,PAK'nSAVE Manukau,PAK'nSAVE,South Auckland,5322808-EA-000,Free Range Oven Ready Sage & Onion Roast Fresh Chicken,Tegel,1.5kg,14.79,Chicken & Poultry
pakn_save_manukau_5041957-EA-000,9cd8eb60-3222-4efc-bd7c-50e03e6a81a4,PAK'nSAVE Manukau,PAK'nSAVE,South Auckland,5041957-EA-000,Free Range Whole Chicken,Waitoa,1.5kg,16.49,Chicken & Poultry
pakn_save_manukau_5007208-EA-000,9cd8eb60-3222-4efc-bd7c-50e03e6a81a4,PAK'nSAVE Manukau,PAK'nSAVE,South Auckland,5007208-EA-000,Frozen Whole Chicken,Ingham's,1.5kg,11.49,Frozen Foods
pakn_save_manukau_5104350-KGM-000,9cd8eb60-3222-4efc-bd7c-50e03e6a81a4,PAK'nSAVE Manukau,PAK'nSAVE,South Auckland,5104350-KGM-000,NZ Beef Mince,,kg,19.99,Beef & Lamb
pakn_save_manukau_5125914-KGM-000,9cd8eb60-3222-4efc-bd7c-50e03e6a81a4,PAK'nSAVE Manukau,PAK'nSAVE,South Auckland,5125914-KGM-000,NZ Beef Prime Mince,,kg,23.99,Beef & Lamb
pakn_save_manukau_5318932-EA-000,9cd8eb60-3222-4efc-bd7c-50e03e6a81a4,PAK'nSAVE Manukau,PAK'nSAVE,South Auckland,5318932-EA-000,Beef Mince,Affco,1kg,21.99,Beef & Lamb
pakn_save_manukau_5349090-EA-000,9cd8eb60-3222-4efc-bd7c-50e03e6a81a4,PAK'nSAVE Manukau,PAK'nSAVE,South Auckland,5349090-EA-000,Beef Mince,Hellers,340g,8.99,Beef & Lamb
pakn_save_manukau_5276234-EA-000,9cd8eb60-3222-4efc-bd7c-50e03e6a81a4,PAK'nSAVE Manukau,PAK'nSAVE,South Auckland,5276234-EA-000,Craft Angus Beef Meatballs,Hellers,400g,11.99,Beef & Lamb
pakn_save_manukau_5103401-KGM-000,9cd8eb60-3222-4efc-bd7c-50e03e6a81a4,PAK'nSAVE Manukau,PAK'nSAVE,South Auckland,5103401-KGM-000,Beef Rump Steak,,kg,22.99,Beef & Lamb
pakn_save_manukau_5123919-KGM-000,9cd8eb60-3222-4efc-bd7c-50e03e6a81a4,PAK'nSAVE Manukau,PAK'nSAVE,South Auckland,5123919-KGM-000,NZ Beef Sirloin Steak,,kg,34.99,Beef & Lamb
pakn_save_manukau_5103224-KGM-000,9cd8eb60-3222-4efc-bd7c-50e03e6a81a4,PAK'nSAVE Manukau,PAK'nSAVE,South Auckland,5103224-KGM-000,NZ Beef Schnitzel,,kg,26.99,Beef & Lamb
pakn_save_manukau_5102637-KGM-000,9cd8eb60-3222-4efc-bd7c-50e03e6a81a4,PAK'nSAVE Manukau,PAK'nSAVE,South Auckland,5102637-KGM-000,Beef Scotch Fillet Steak,,kg,44.99,Beef & Lamb
pakn_save_manukau_5102010-KGM-000,9cd8eb60-3222-4efc-bd7c-50e03e6a81a4,PAK'nSAVE Manukau,PAK'nSAVE,South Auckland,5102010-KGM-000,NZ Beef Topside Steak,,kg,29.99,Beef & Lamb
pakn_save_manukau_5102423-KGM-000,9cd8eb60-3222-4efc-bd7c-50e03e6a81a4,PAK'nSAVE Manukau,PAK'nSAVE,South Auckland,5102423-KGM-000,NZ Beef Bolar Roast,,kg,18.99,Beef & Lamb
pakn_save_manukau_5101925-KGM-000,9cd8eb60-3222-4efc-bd7c-50e03e6a81a4,PAK'nSAVE Manukau,PAK'nSAVE,South Auckland,5101925-KGM-000,NZ Beef Topside Roast,,kg,28.99,Beef & Lamb
pakn_save_manukau_5106653-KGM-000,9cd8eb60-3222-4efc-bd7c-50e03e6a81a4,PAK'nSAVE Manukau,PAK'nSAVE,South Auckland,5106653-KGM-000,NZ Beef Brisket,,kg,18.49,Beef & Lamb
pakn_save_manukau_5297546-KGM-000,9cd8eb60-3222-4efc-bd7c-50e03e6a81a4,PAK'nSAVE Manukau,PAK'nSAVE,South Auckland,5297546-KGM-000,Sliced Roast Beef Pre-Pack,,kg,49.5,Beef & Lamb
pakn_save_manukau_5010093-EA-000,9cd8eb60-3222-4efc-bd7c-50e03e6a81a4,PAK'nSAVE Manukau,PAK'nSAVE,South Auckland,5010093-EA-000,Roast Beef Rice Risotto Rice & Flavour Mix,Diamond,200g,3.39,"Rice, Pasta & Noodles"
pakn_save_manukau_5100697-KGM-000,9cd8eb60-3222-4efc-bd7c-50e03e6a81a4,PAK'nSAVE Manukau,PAK'nSAVE,South Auckland,5100697-KGM-000,NZ Pork Loin Chops,,kg,17.99,Beef & Lamb
pakn_save_manukau_5103018-KGM-000,9cd8eb60-3222-4efc-bd7c-50e03e6a81a4,PAK'nSAVE Manukau,PAK'nSAVE,South Auckland,5103018-KGM-000,NZ Pork Shoulder Chops,,kg,9.99,Beef & Lamb
pakn_save_manukau_5101306-KGM-000,9cd8eb60-3222-4efc-bd7c-50e03e6a81a4,PAK'nSAVE Manukau,PAK'nSAVE,South Auckland,5101306-KGM-000,Lamb Shoulder Chops,,kg,23.99,Beef & Lamb
pakn_save_manukau_5100303-KGM-000,9cd8eb60-3222-4efc-bd7c-50e03e6a81a4,PAK'nSAVE Manukau,PAK'nSAVE,South Auckland,5100303-KGM-000,Lamb Loin Chops,,kg,33.49,Beef & Lamb
pakn_save_manukau_5100600-KGM-000,9cd8eb60-3222-4efc-bd7c-50e03e6a81a4,PAK'nSAVE Manukau,PAK'nSAVE,South Auckland,5100600-KGM-000,NZ Lamb Neck Chops,,kg,22.99,Beef & Lamb
pakn_save_manukau_5019426-EA-000,9cd8eb60-3222-4efc-bd7c-50e03e6a81a4,PAK'nSAVE Manukau,PAK'nSAVE,South Auckland,5019426-EA-000,Streaky Bacon,Pams,250g,5.99,Pork & Ham
pakn_save_manukau_5033086-EA-000,9cd8eb60-3222-4efc-bd7c-50e03e6a81a4,PAK'nSAVE Manukau,PAK'nSAVE,South Auckland,5033086-EA-000,Manuka Smoked Streaky Bacon,Grandpa's Meat & Bacon Co.,250g,4.99,Pork & Ham
pakn_save_manukau_5084510-EA-000,9cd8eb60-3222-4efc-bd7c-50e03e6a81a4,PAK'nSAVE Manukau,PAK'nSAVE,South Auckland,5084510-EA-000,Streaky Bacon,Pams,1kg,17.99,Pork & Ham
pakn_save_manukau_5018448-EA-000,9cd8eb60-3222-4efc-bd7c-50e03e6a81a4,PAK'nSAVE Manukau,PAK'nSAVE,South Auckland,5018448-EA-000,Middle Bacon,Medallion,800g,13.79,Pork & Ham
pakn_save_manukau_5037815-EA-000,9cd8eb60-3222-4efc-bd7c-50e03e6a81a4,PAK'nSAVE Manukau,PAK'nSAVE,South Auckland,5037815-EA-000,Streaky Bacon,Pams,500g,10.99,Pork & Ham
pakn_save_manukau_5019277-EA-000,9cd8eb60-3222-4efc-bd7c-50e03e6a81a4,PAK'nSAVE Manukau,PAK'nSAVE,South Auckland,5019277-EA-000,Shaved Leg Ham,Country Pride,200g,3.59,Pork & Ham
pakn_save_manukau_5013751-EA-000,9cd8eb60-3222-4efc-bd7c-50e03e6a81a4,PAK'nSAVE Manukau,PAK'nSAVE,South Auckland,5013751-EA-000,Shaved Champagne Ham,Beehive,100g,2.39,Pork & Ham
pakn_save_manukau_5039342-EA-000,9cd8eb60-3222-4efc-bd7c-50e03e6a81a4,PAK'nSAVE Manukau,PAK'nSAVE,South Auckland,5039342-EA-000,Shaved Champagne Leg Ham,Hellers,100g,2.89,Pork & Ham
pakn_save_manukau_5023557-EA-000,9cd8eb60-3222-4efc-bd7c-50e03e6a81a4,PAK'nSAVE Manukau,PAK'nSAVE,South Auckland,5023557-EA-000,Shaved Champagne Ham,Beehive,200g,5.99,Pork & Ham
pakn_save_manukau_5013752-EA-000,9cd8eb60-3222-4efc-bd7c-50e03e6a81a4,PAK'nSAVE Manukau,PAK'nSAVE,South Auckland,5013752-EA-000,Shaved Honey Baked Ham,Beehive,100g,2.39,"Breakfast Cereals, Oats & Spreads"
pakn_save_manukau_5005864-EA-000,9cd8eb60-3222-4efc-bd7c-50e03e6a81a4,PAK'nSAVE Manukau,PAK'nSAVE,South Auckland,5005864-EA-000,Chunky Cheese Sausages,Hellers,1kg,8.99,"Cheese, Butter & Yoghurt"
pakn_save_manukau_5312237-EA-000,9cd8eb60-3222-4efc-bd7c-50e03e6a81a4,PAK'nSAVE Manukau,PAK'nSAVE,South Auckland,5312237-EA-000,Classic Beef Sausages,Pams,6 x 75g,8.49,Beef & Lamb
pakn_save_manukau_5026055-EA-000,9cd8eb60-3222-4efc-bd7c-50e03e6a81a4,PAK'nSAVE Manukau,PAK'nSAVE,South Auckland,5026055-EA-000,Chinese Honey Sausages,Hellers,1kg,8.99,"Breakfast Cereals, Oats & Spreads"
pakn_save_manukau_5028230-EA-000,9cd8eb60-3222-4efc-bd7c-50e03e6a81a4,PAK'nSAVE Manukau,PAK'nSAVE,South Auckland,5028230-EA-000,Trusty BBQ Pre-Cooked Sausages,Hellers,1kg,10.99,Pork & Ham
pakn_save_manukau_5082985-EA-000,9cd8eb60-3222-4efc-bd7c-50e03e6a81a4,PAK'nSAVE Manukau,PAK'nSAVE,South Auckland,5082985-EA-000,Craft Angus Beef Sausages,Hellers,6pk,11.99,Beef & Lamb
pakn_save_manukau_5335006-EA-000,9cd8eb60-3222-4efc-bd7c-50e03e6a81a4,PAK'nSAVE Manukau,PAK'nSAVE,South Auckland,5335006-EA-000,Sliced Smoked Salmon,Shore Mariner,100g,6.99,Fresh Seafood
pakn_save_manukau_5220978-EA-000,9cd8eb60-3222-4efc-bd7c-50e03e6a81a4,PAK'nSAVE Manukau,PAK'nSAVE,South Auckland,5220978-EA-000,Natural Hot Smoked Salmon,Pams,150g,11.99,Fresh Seafood
pakn_save_manukau_5234368-KGM-000,9cd8eb60-3222-4efc-bd7c-50e03e6a81a4,PAK'nSAVE Manukau,PAK'nSAVE,South Auckland,5234368-KGM-000,Tasmanian Salmon Fillet Skin On Bone In TP,,kg,51.99,Fresh Seafood
pakn_save_manukau_5030954-EA-000,9cd8eb60-3222-4efc-bd7c-50e03e6a81a4,PAK'nSAVE Manukau,PAK'nSAVE,South Auckland,5030954-EA-000,Wild Alaskan Pink Salmon,John West,210g,5.01,Fresh Seafood
pakn_save_manukau_5220975-EA-000,9cd8eb60-3222-4efc-bd7c-50e03e6a81a4,PAK'nSAVE Manukau,PAK'nSAVE,South Auckland,5220975-EA-000,Sliced Smoked Salmon,Pams,100g,9.39,Fresh Seafood
pakn_save_manukau_5333249-EA-000,9cd8eb60-3222-4efc-bd7c-50e03e6a81a4,PAK'nSAVE Manukau,PAK'nSAVE,South Auckland,5333249-EA-000,Tuna Fillet In Broth Wet Cat Food,Applaws,70g,2.29,Fresh Seafood
pakn_save_manukau_5296121-EA-000,9cd8eb60-3222-4efc-bd7c-50e03e6a81a4,PAK'nSAVE Manukau,PAK'nSAVE,South Auckland,5296121-EA-000,Raw Stir-Fry Prawns,Fisherking,800g,16.39,Fresh Seafood
pakn_save_manukau_5295570-EA-000,9cd8eb60-3222-4efc-bd7c-50e03e6a81a4,PAK'nSAVE Manukau,PAK'nSAVE,South Auckland,5295570-EA-000,Raw Prawn Cutlets,Fisherking,800g,10.88,Fresh Seafood
pakn_save_manukau_5320569-EA-000,9cd8eb60-3222-4efc-bd7c-50e03e6a81a4,PAK'nSAVE Manukau,PAK'nSAVE,South Auckland,5320569-EA-000,Raw Prawn Cutlets 51/60,Sea Cuisine,300g,6.79,Fresh Seafood
pakn_save_manukau_5257283-EA-000,9cd8eb60-3222-4efc-bd7c-50e03e6a81a4,PAK'nSAVE Manukau,PAK'nSAVE,South Auckland,5257283-EA-000,Raw Medium Prawn Cutlets,Shore Mariner,1kg,20.99,Fresh Seafood
pakn_save_manukau_5092258-EA-000,9cd8eb60-3222-4efc-bd7c-50e03e6a81a4,PAK'nSAVE Manukau,PAK'nSAVE,South Auckland,5092258-EA-000,Premium Cooked Prawn Meat,Kingfisher Seafood,500g,17.49,Fresh Seafood
pakn_save_manukau_5294962-EA-000,9cd8eb60-3222-4efc-bd7c-50e03e6a81a4,PAK'nSAVE Manukau,PAK'nSAVE,South Auckland,5294962-EA-000,Natural White Fish Fillets,Pams,1kg,13.49,Fresh Seafood
pakn_save_manukau_5204775-EA-000,9cd8eb60-3222-4efc-bd7c-50e03e6a81a4,PAK'nSAVE Manukau,PAK'nSAVE,South Auckland,5204775-EA-000,Grainfree Salmon Whitefish & Olive Oil Premium Adult Cat Food,Fussy Cat,2.5kg,22.99,Fresh Seafood
pakn_save_manukau_5018684-EA-000,9cd8eb60-3222-4efc-bd7c-50e03e6a81a4,PAK'nSAVE Manukau,PAK'nSAVE,South Auckland,5018684-EA-000,Grainfree Salmon Whitefish & Olive Oil Premium Adult Cat Food,Fussy Cat,500g,6.49,Fresh Seafood
pakn_save_manukau_5286098-EA-000,9cd8eb60-3222-4efc-bd7c-50e03e6a81a4,PAK'nSAVE Manukau,PAK'nSAVE,South Auckland,5286098-EA-000,Fish & White Wine Chowder,The Good Taste Co.,500g,5.19,Fresh Seafood
pakn_save_manukau_5000527-EA-000,9cd8eb60-3222-4efc-bd7c-50e03e6a81a4,PAK'nSAVE Manukau,PAK'nSAVE,South Auckland,5000527-EA-000,Blue Milk,Anchor,2l,5.69,Fresh Milk & Plant Milk
pakn_save_manukau_5201487-EA-000,9cd8eb60-3222-4efc-bd7c-50e03e6a81a4,PAK'nSAVE Manukau,PAK'nSAVE,South Auckland,5201487-EA-000,Lite Milk,Pams Value,2l,4.79,Fresh Milk & Plant Milk
pakn_save_manukau_5201490-EA-000,9cd8eb60-3222-4efc-bd7c-50e03e6a81a4,PAK'nSAVE Manukau,PAK'nSAVE,South Auckland,5201490-EA-000,Standard Milk,Pams Value,3l,7.11,Fresh Milk & Plant Milk
pakn_save_manukau_5201489-EA-000,9cd8eb60-3222-4efc-bd7c-50e03e6a81a4,PAK'nSAVE Manukau,PAK'nSAVE,South Auckland,5201489-EA-000,Lite Milk,Pams Value,3l,7.11,Fresh Milk & Plant Milk
pakn_save_manukau_5201479-EA-000,9cd8eb60-3222-4efc-bd7c-50e03e6a81a4,PAK'nSAVE Manukau,PAK'nSAVE,South Auckland,5201479-EA-000,Standard Milk,Pams Value,2l,4.79,Fresh Milk & Plant Milk
pakn_save_manukau_5201486-EA-000,9cd8eb60-3222-4efc-bd7c-50e03e6a81a4,PAK'nSAVE Manukau,PAK'nSAVE,South Auckland,5201486-EA-000,Trim Milk,Pams Value,2l,4.79,Fresh Milk & Plant Milk
pakn_save_manukau_5000520-EA-000,9cd8eb60-3222-4efc-bd7c-50e03e6a81a4,PAK'nSAVE Manukau,PAK'nSAVE,South Auckland,5000520-EA-000,Trim Milk,Anchor,1l,3.57,Fresh Milk & Plant Milk
pakn_save_manukau_5000521-EA-000,9cd8eb60-3222-4efc-bd7c-50e03e6a81a4,PAK'nSAVE Manukau,PAK'nSAVE,South Auckland,5000521-EA-000,Trim Milk,Anchor,2l,5.69,Fresh Milk & Plant Milk
pakn_save_manukau_5025424-EA-000,9cd8eb60-3222-4efc-bd7c-50e03e6a81a4,PAK'nSAVE Manukau,PAK'nSAVE,South Auckland,5025424-EA-000,Calci + Trim Milk,Anchor,1l,3.69,Fresh Milk & Plant Milk
pakn_save_manukau_5000519-EA-000,9cd8eb60-3222-4efc-bd7c-50e03e6a81a4,PAK'nSAVE Manukau,PAK'nSAVE,South Auckland,5000519-EA-000,Calci + Trim Milk,Anchor,2l,6.81,Fresh Milk & Plant Milk
pakn_save_manukau_5003852-EA-000,9cd8eb60-3222-4efc-bd7c-50e03e6a81a4,PAK'nSAVE Manukau,PAK'nSAVE,South Auckland,5003852-EA-000,Regular Soy Milk,Pams,1l,2.49,Fresh Milk & Plant Milk
pakn_save_manukau_5004887-EA-000,9cd8eb60-3222-4efc-bd7c-50e03e6a81a4,PAK'nSAVE Manukau,PAK'nSAVE,South Auckland,5004887-EA-000,Lite Soy Milk,Pams Plant Based,1l,2.49,Fresh Milk & Plant Milk
pakn_save_manukau_5010269-EA-000,9cd8eb60-3222-4efc-bd7c-50e03e6a81a4,PAK'nSAVE Manukau,PAK'nSAVE,South Auckland,5010269-EA-000,Regular Soy Milk,Sanitarium So Good,1l,3.49,Fresh Milk & Plant Milk
pakn_save_manukau_5014956-EA-000,9cd8eb60-3222-4efc-bd7c-50e03e6a81a4,PAK'nSAVE Manukau,PAK'nSAVE,South Auckland,5014956-EA-000,Regular Soy Milky,Vitasoy,1l,3.79,Fresh Milk & Plant Milk
pakn_save_manukau_5200391-EA-000,9cd8eb60-3222-4efc-bd7c-50e03e6a81a4,PAK'nSAVE Manukau,PAK'nSAVE,South Auckland,5200391-EA-000,Protein Plus Soy Milk,Vitasoy,1l,3.89,Fresh Milk & Plant Milk
pakn_save_manukau_5014501-EA-000,9cd8eb60-3222-4efc-bd7c-50e03e6a81a4,PAK'nSAVE Manukau,PAK'nSAVE,South Auckland,5014501-EA-000,Unsweetened Oat Milk,Vitasoy,1l,2.69,Fresh Milk & Plant Milk
pakn_save_manukau_5294478-EA-000,9cd8eb60-3222-4efc-bd7c-50e03e6a81a4,PAK'nSAVE Manukau,PAK'nSAVE,South Auckland,5294478-EA-000,Oat Milk Barista Grade,Boring,1l,3.99,Fresh Milk & Plant Milk
pakn_save_manukau_5288640-EA-000,9cd8eb60-3222-4efc-bd7c-50e03e6a81a4,PAK'nSAVE Manukau,PAK'nSAVE,South Auckland,5288640-EA-000,Oat Milky,Vitasoy,1l,3.59,Fresh Milk & Plant Milk
pakn_save_manukau_5273198-EA-000,9cd8eb60-3222-4efc-bd7c-50e03e6a81a4,PAK'nSAVE Manukau,PAK'nSAVE,South Auckland,5273198-EA-000,No Added Sugar Oat Milk,Sanitarium So Good,1l,3.79,Fresh Milk & Plant Milk
pakn_save_manukau_5294477-EA-000,9cd8eb60-3222-4efc-bd7c-50e03e6a81a4,PAK'nSAVE Manukau,PAK'nSAVE,South Auckland,5294477-EA-000,No Added Sugar Oat Milk,Boring,1l,3.99,Fresh Milk & Plant Milk
pakn_save_manukau_5037993-EA-000,9cd8eb60-3222-4efc-bd7c-50e03e6a81a4,PAK'nSAVE Manukau,PAK'nSAVE,South Auckland,5037993-EA-000,Unsweetened Almond Milk,Vitasoy,1l,2.69,Fresh Milk & Plant Milk
pakn_save_manukau_5029021-EA-000,9cd8eb60-3222-4efc-bd7c-50e03e6a81a4,PAK'nSAVE Manukau,PAK'nSAVE,South Auckland,5029021-EA-000,Unsweetened Almond Milk,Pams Plant Based,1l,3.39,Fresh Milk & Plant Milk
pakn_save_manukau_5223053-EA-000,9cd8eb60-3222-4efc-bd7c-50e03e6a81a4,PAK'nSAVE Manukau,PAK'nSAVE,South Auckland,5223053-EA-000,Regular Almond Milky,Vitasoy,1l,4.19,Fresh Milk & Plant Milk
pakn_save_manukau_5030647-EA-000,9cd8eb60-3222-4efc-bd7c-50e03e6a81a4,PAK'nSAVE Manukau,PAK'nSAVE,South Auckland,5030647-EA-000,Unsweetened Almond Milk UHT,Sanitarium So Good,1l,3.99,Fresh Milk & Plant Milk
pakn_save_manukau_5030869-EA-000,9cd8eb60-3222-4efc-bd7c-50e03e6a81a4,PAK'nSAVE Manukau,PAK'nSAVE,South Auckland,5030869-EA-000,Original Almond Milk,Sanitarium So Good,1l,3.99,Fresh Milk & Plant Milk
pakn_save_manukau_5322427-EA-000,9cd8eb60-3222-4efc-bd7c-50e03e6a81a4,PAK'nSAVE Manukau,PAK'nSAVE,South Auckland,5322427-EA-000,Mixed Grade Free Range Eggs,eg.,12pk,8.99,Eggs
pakn_save_manukau_5269558-EA-000,9cd8eb60-3222-4efc-bd7c-50e03e6a81a4,PAK'nSAVE Manukau,PAK'nSAVE,South Auckland,5269558-EA-000,Free Range Size 6 Eggs,Woodland,18pk,8.88,Eggs
pakn_save_manukau_5023568-EA-000,9cd8eb60-3222-4efc-bd7c-50e03e6a81a4,PAK'nSAVE Manukau,PAK'nSAVE,South Auckland,5023568-EA-000,Free Range Size 6 Eggs,Woodland,10pk,9.39,Eggs
pakn_save_manukau_5342311-EA-000,9cd8eb60-3222-4efc-bd7c-50e03e6a81a4,PAK'nSAVE Manukau,PAK'nSAVE,South Auckland,5342311-EA-000,Size 7 Eggs,New Day,12pk,10.99,Eggs
pakn_save_manukau_5322428-EA-000,9cd8eb60-3222-4efc-bd7c-50e03e6a81a4,PAK'nSAVE Manukau,PAK'nSAVE,South Auckland,5322428-EA-000,Mixed Grade Free Range Eggs,eg.,20pk,14.99,Eggs
pakn_save_manukau_5281163-EA-000,9cd8eb60-3222-4efc-bd7c-50e03e6a81a4,PAK'nSAVE Manukau,PAK'nSAVE,South Auckland,5281163-EA-000,Pack Colony Caged Eggs Size 7,Rise N Shine,12pk,7.29,Eggs
pakn_save_manukau_5281167-EA-000,9cd8eb60-3222-4efc-bd7c-50e03e6a81a4,PAK'nSAVE Manukau,PAK'nSAVE,South Auckland,5281167-EA-000,Colony Caged Eggs Size 8,Rise N Shine,10pk,6.99,Eggs
pakn_save_manukau_5309535-EA-000,9cd8eb60-3222-4efc-bd7c-50e03e6a81a4,PAK'nSAVE Manukau,PAK'nSAVE,South Auckland,5309535-EA-000,Fresh Colony Caged Size 6 Eggs,Farmer Brown,12pk,7.39,Eggs
pakn_save_manukau_5309533-EA-000,9cd8eb60-3222-4efc-bd7c-50e03e6a81a4,PAK'nSAVE Manukau,PAK'nSAVE,South Auckland,5309533-EA-000,Fresh Colony Caged Size 8 Eggs,Farmer Brown,10pk,7.49,Eggs
pakn_save_manukau_5306817-EA-000,9cd8eb60-3222-4efc-bd7c-50e03e6a81a4,PAK'nSAVE Manukau,PAK'nSAVE,South Auckland,5306817-EA-000,Grated Cheddar Cheese,Rolling Meadow,500g,8.46,"Cheese, Butter & Yoghurt"
pakn_save_manukau_5268696-EA-000,9cd8eb60-3222-4efc-bd7c-50e03e6a81a4,PAK'nSAVE Manukau,PAK'nSAVE,South Auckland,5268696-EA-000,Tasty Cheddar Cheese,Pams,800g,12.83,"Cheese, Butter & Yoghurt"
pakn_save_manukau_5007358-EA-000,9cd8eb60-3222-4efc-bd7c-50e03e6a81a4,PAK'nSAVE Manukau,PAK'nSAVE,South Auckland,5007358-EA-000,Tasty Cheddar Cheese,Pams,500g,9.94,"Cheese, Butter & Yoghurt"
pakn_save_manukau_5287702-EA-000,9cd8eb60-3222-4efc-bd7c-50e03e6a81a4,PAK'nSAVE Manukau,PAK'nSAVE,South Auckland,5287702-EA-000,Cheddar Natural Slices,Dairyworks,2 x 250g,9.62,"Cheese, Butter & Yoghurt"
pakn_save_manukau_5325367-EA-000,9cd8eb60-3222-4efc-bd7c-50e03e6a81a4,PAK'nSAVE Manukau,PAK'nSAVE,South Auckland,5325367-EA-000,American Style Cheddar Cheese Natural Slices,Mainland,180g,5.99,"Cheese, Butter & Yoghurt"
pakn_save_manukau_5007482-EA-000,9cd8eb60-3222-4efc-bd7c-50e03e6a81a4,PAK'nSAVE Manukau,PAK'nSAVE,South Auckland,5007482-EA-000,Mozzarella Grated Cheese,Pams,375g,8.81,"Cheese, Butter & Yoghurt"
pakn_save_manukau_5017804-EA-000,9cd8eb60-3222-4efc-bd7c-50e03e6a81a4,PAK'nSAVE Manukau,PAK'nSAVE,South Auckland,5017804-EA-000,Mozzarella Grated Cheese,Rolling Meadow,500g,9.64,"Cheese, Butter & Yoghurt"
pakn_save_manukau_5024961-EA-000,9cd8eb60-3222-4efc-bd7c-50e03e6a81a4,PAK'nSAVE Manukau,PAK'nSAVE,South Auckland,5024961-EA-000,Mozzarella Cheese,Perfect Italiano,500g,15.29,"Cheese, Butter & Yoghurt"
pakn_save_manukau_5235298-EA-000,9cd8eb60-3222-4efc-bd7c-50e03e6a81a4,PAK'nSAVE Manukau,PAK'nSAVE,South Auckland,5235298-EA-000,Mozzarella Grated Cheese,Eclipse Cheese,500g,9.49,"Cheese, Butter & Yoghurt"
pakn_save_manukau_5289384-EA-000,9cd8eb60-3222-4efc-bd7c-50e03e6a81a4,PAK'nSAVE Manukau,PAK'nSAVE,South Auckland,5289384-EA-000,Mozzarella Cheese,The Cuisine Canteen,200g,7.89,"Cheese, Butter & Yoghurt"
pakn_save_manukau_5347658-EA-000,9cd8eb60-3222-4efc-bd7c-50e03e6a81a4,PAK'nSAVE Manukau,PAK'nSAVE,South Auckland,5347658-EA-000,Parmesan Cheese,Perfect Italiano,200g,7.99,"Cheese, Butter & Yoghurt"
pakn_save_manukau_5232466-EA-000,9cd8eb60-3222-4efc-bd7c-50e03e6a81a4,PAK'nSAVE Manukau,PAK'nSAVE,South Auckland,5232466-EA-000,Grated Parmesan Cheese,Dairyworks,200g,7.0,"Cheese, Butter & Yoghurt"
pakn_save_manukau_5013767-EA-000,9cd8eb60-3222-4efc-bd7c-50e03e6a81a4,PAK'nSAVE Manukau,PAK'nSAVE,South Auckland,5013767-EA-000,Parmesan Cheese,Mainland,200g,8.99,"Cheese, Butter & Yoghurt"
pakn_save_manukau_5016706-EA-000,9cd8eb60-3222-4efc-bd7c-50e03e6a81a4,PAK'nSAVE Manukau,PAK'nSAVE,South Auckland,5016706-EA-000,Grated Parmesan Cheese,Mainland,200g,10.29,"Cheese, Butter & Yoghurt"
pakn_save_manukau_5022806-EA-000,9cd8eb60-3222-4efc-bd7c-50e03e6a81a4,PAK'nSAVE Manukau,PAK'nSAVE,South Auckland,5022806-EA-000,Parmesan Powder Cheese,Dairyworks,100g,6.1,"Cheese, Butter & Yoghurt"
pakn_save_manukau_5003216-EA-000,9cd8eb60-3222-4efc-bd7c-50e03e6a81a4,PAK'nSAVE Manukau,PAK'nSAVE,South Auckland,5003216-EA-000,Salted Butter,Mainland,250g,6.99,"Cheese, Butter & Yoghurt"
pakn_save_manukau_5002842-EA-000,9cd8eb60-3222-4efc-bd7c-50e03e6a81a4,PAK'nSAVE Manukau,PAK'nSAVE,South Auckland,5002842-EA-000,Salted Butter,Mainland,500g,9.49,"Cheese, Butter & Yoghurt"
pakn_save_manukau_5205003-EA-000,9cd8eb60-3222-4efc-bd7c-50e03e6a81a4,PAK'nSAVE Manukau,PAK'nSAVE,South Auckland,5205003-EA-000,Salted Grass Fed New Zealand Butter,Westgold,400g,5.99,"Cheese, Butter & Yoghurt"
pakn_save_manukau_5013505-EA-000,9cd8eb60-3222-4efc-bd7c-50e03e6a81a4,PAK'nSAVE Manukau,PAK'nSAVE,South Auckland,5013505-EA-000,Salted Buttersoft Spreadable Butter,Mainland,375g,11.79,"Cheese, Butter & Yoghurt"
pakn_save_manukau_5020175-EA-000,9cd8eb60-3222-4efc-bd7c-50e03e6a81a4,PAK'nSAVE Manukau,PAK'nSAVE,South Auckland,5020175-EA-000,Premium New Zealand Lightly Salted Butter,Lewis Road Creamery,250g,7.97,"Cheese, Butter & Yoghurt"
pakn_save_manukau_5002843-EA-000,9cd8eb60-3222-4efc-bd7c-50e03e6a81a4,PAK'nSAVE Manukau,PAK'nSAVE,South Auckland,5002843-EA-000,Unsalted Butter,Mainland,500g,9.49,"Cheese, Butter & Yoghurt"
pakn_save_manukau_5200783-EA-000,9cd8eb60-3222-4efc-bd7c-50e03e6a81a4,PAK'nSAVE Manukau,PAK'nSAVE,South Auckland,5200783-EA-000,Unsalted Butter,Petit Normand,200g,6.39,"Cheese, Butter & Yoghurt"
pakn_save_manukau_5281810-EA-000,9cd8eb60-3222-4efc-bd7c-50e03e6a81a4,PAK'nSAVE Manukau,PAK'nSAVE,South Auckland,5281810-EA-000,Greek Natural Thick 'n Creamy Yoghurt,Fresh 'n Fruity,1kg,6.39,"Cheese, Butter & Yoghurt"
pakn_save_manukau_5223553-EA-000,9cd8eb60-3222-4efc-bd7c-50e03e6a81a4,PAK'nSAVE Manukau,PAK'nSAVE,South Auckland,5223553-EA-000,Kalo Natural Greek Yoghurt,Meadow Fresh,800g,7.59,"Cheese, Butter & Yoghurt"
pakn_save_manukau_5220024-EA-000,9cd8eb60-3222-4efc-bd7c-50e03e6a81a4,PAK'nSAVE Manukau,PAK'nSAVE,South Auckland,5220024-EA-000,Greek Style Natural Yoghurt,Gopala,750g,4.99,"Cheese, Butter & Yoghurt"
pakn_save_manukau_5328756-EA-000,9cd8eb60-3222-4efc-bd7c-50e03e6a81a4,PAK'nSAVE Manukau,PAK'nSAVE,South Auckland,5328756-EA-000,More Than Protein Natural Greek Yoghurt,The Collective,850g,8.49,"Cheese, Butter & Yoghurt"
pakn_save_manukau_5212777-EA-000,9cd8eb60-3222-4efc-bd7c-50e03e6a81a4,PAK'nSAVE Manukau,PAK'nSAVE,South Auckland,5212777-EA-000,Protein+ Natural Unsweetened Greek Style Yoghurt,Anchor,950g,8.79,"Cheese, Butter & Yoghurt"
pakn_save_manukau_5005219-EA-000,9cd8eb60-3222-4efc-bd7c-50e03e6a81a4,PAK'nSAVE Manukau,PAK'nSAVE,South Auckland,5005219-EA-000,All Natural Plain Unsweetened Yoghurt,De Winkel,1kg,5.49,"Cheese, Butter & Yoghurt"
pakn_save_manukau_5274474-EA-000,9cd8eb60-3222-4efc-bd7c-50e03e6a81a4,PAK'nSAVE Manukau,PAK'nSAVE,South Auckland,5274474-EA-000,All Natural Plain Unsweetened Yoghurt,De Winkel,4 x 125g,5.79,"Cheese, Butter & Yoghurt"
pakn_save_manukau_5112185-EA-000,9cd8eb60-3222-4efc-bd7c-50e03e6a81a4,PAK'nSAVE Manukau,PAK'nSAVE,South Auckland,5112185-EA-000,Frozen Biofeel Plain Probiotic Yogurt Drink,Biofeel,5 x 63ml,2.79,"Cheese, Butter & Yoghurt"
pakn_save_manukau_5040641-EA-000,9cd8eb60-3222-4efc-bd7c-50e03e6a81a4,PAK'nSAVE Manukau,PAK'nSAVE,South Auckland,5040641-EA-000,Fresh Cream,Pams,500ml,4.76,"Cheese, Butter & Yoghurt"
pakn_save_manukau_5028852-EA-000,9cd8eb60-3222-4efc-bd7c-50e03e6a81a4,PAK'nSAVE Manukau,PAK'nSAVE,South Auckland,5028852-EA-000,Fresh Cream,Pams,300ml,3.17,"Cheese, Butter & Yoghurt"
pakn_save_manukau_5028855-EA-000,9cd8eb60-3222-4efc-bd7c-50e03e6a81a4,PAK'nSAVE Manukau,PAK'nSAVE,South Auckland,5028855-EA-000,Cream,Pams,1l,9.26,"Cheese, Butter & Yoghurt"
pakn_save_manukau_5026102-EA-000,9cd8eb60-3222-4efc-bd7c-50e03e6a81a4,PAK'nSAVE Manukau,PAK'nSAVE,South Auckland,5026102-EA-000,Pure Cream,Anchor,500ml,4.95,"Cheese, Butter & Yoghurt"
pakn_save_manukau_5000524-EA-000,9cd8eb60-3222-4efc-bd7c-50e03e6a81a4,PAK'nSAVE Manukau,PAK'nSAVE,South Auckland,5000524-EA-000,Pure Cream,Anchor,2l,18.0,"Cheese, Butter & Yoghurt"
pakn_save_manukau_5027140-EA-000,9cd8eb60-3222-4efc-bd7c-50e03e6a81a4,PAK'nSAVE Manukau,PAK'nSAVE,South Auckland,5027140-EA-000,Traditional Sour Cream,Meadow Fresh,250g,3.99,"Cheese, Butter & Yoghurt"
pakn_save_manukau_5027139-EA-000,9cd8eb60-3222-4efc-bd7c-50e03e6a81a4,PAK'nSAVE Manukau,PAK'nSAVE,South Auckland,5027139-EA-000,Lite Sour Cream,Meadow Fresh,250g,3.99,"Cheese, Butter & Yoghurt"
pakn_save_manukau_5027102-EA-000,9cd8eb60-3222-4efc-bd7c-50e03e6a81a4,PAK'nSAVE Manukau,PAK'nSAVE,South Auckland,5027102-EA-000,Sour Cream,Meadow Fresh,500g,6.89,"Cheese, Butter & Yoghurt"
pakn_save_manukau_5253380-EA-000,9cd8eb60-3222-4efc-bd7c-50e03e6a81a4,PAK'nSAVE Manukau,PAK'nSAVE,South Auckland,5253380-EA-000,Sour Cream,Tatua,500g,6.69,"Cheese, Butter & Yoghurt"
pakn_save_manukau_5303622-EA-000,9cd8eb60-3222-4efc-bd7c-50e03e6a81a4,PAK'nSAVE Manukau,PAK'nSAVE,South Auckland,5303622-EA-000,Sour Cream Straight Up Squeezers,The Collective,250g,4.19,"Cheese, Butter & Yoghurt"
pakn_save_manukau_5004743-EA-000,9cd8eb60-3222-4efc-bd7c-50e03e6a81a4,PAK'nSAVE Manukau,PAK'nSAVE,South Auckland,5004743-EA-000,Jasmine Rice,Pams,1kg,2.69,"Rice, Pasta & Noodles"
pakn_save_manukau_5021496-EA-000,9cd8eb60-3222-4efc-bd7c-50e03e6a81a4,PAK'nSAVE Manukau,PAK'nSAVE,South Auckland,5021496-EA-000,Jasmine Rice,SunRice,1kg,3.54,"Rice, Pasta & Noodles"
pakn_save_manukau_5303803-EA-000,9cd8eb60-3222-4efc-bd7c-50e03e6a81a4,PAK'nSAVE Manukau,PAK'nSAVE,South Auckland,5303803-EA-000,Thai Jasmine Rice,Fortune,5kg,14.69,"Rice, Pasta & Noodles"
pakn_save_manukau_5303222-EA-000,9cd8eb60-3222-4efc-bd7c-50e03e6a81a4,PAK'nSAVE Manukau,PAK'nSAVE,South Auckland,5303222-EA-000,Thai Jasmine Rice,Fortune,1kg,3.49,"Rice, Pasta & Noodles"
pakn_save_manukau_5014442-EA-000,9cd8eb60-3222-4efc-bd7c-50e03e6a81a4,PAK'nSAVE Manukau,PAK'nSAVE,South Auckland,5014442-EA-000,Jasmine Rice,SunRice,5kg,15.2,"Rice, Pasta & Noodles"
pakn_save_manukau_5005241-EA-000,9cd8eb60-3222-4efc-bd7c-50e03e6a81a4,PAK'nSAVE Manukau,PAK'nSAVE,South Auckland,5005241-EA-000,Basmati Rice,Pams,1kg,3.19,"Rice, Pasta & Noodles"
pakn_save_manukau_5002637-EA-000,9cd8eb60-3222-4efc-bd7c-50e03e6a81a4,PAK'nSAVE Manukau,PAK'nSAVE,South Auckland,5002637-EA-000,Highland Basmati Aromatic Long Grain Rice,King's Choice,1kg,3.69,"Rice, Pasta & Noodles"
pakn_save_manukau_5303221-EA-000,9cd8eb60-3222-4efc-bd7c-50e03e6a81a4,PAK'nSAVE Manukau,PAK'nSAVE,South Auckland,5303221-EA-000,Aromatic Basmati Rice,Fortune,1kg,3.69,"Rice, Pasta & Noodles"
pakn_save_manukau_5002292-EA-000,9cd8eb60-3222-4efc-bd7c-50e03e6a81a4,PAK'nSAVE Manukau,PAK'nSAVE,South Auckland,5002292-EA-000,Basmati Rice,SunRice,1kg,3.49,"Rice, Pasta & Noodles"
pakn_save_manukau_5315537-EA-000,9cd8eb60-3222-4efc-bd7c-50e03e6a81a4,PAK'nSAVE Manukau,PAK'nSAVE,South Auckland,5315537-EA-000,Basmati Steamed Rice,Pams,250g,2.59,"Rice, Pasta & Noodles"
pakn_save_manukau_5002082-EA-000,9cd8eb60-3222-4efc-bd7c-50e03e6a81a4,PAK'nSAVE Manukau,PAK'nSAVE,South Auckland,5002082-EA-000,Spaghetti In Tomato Sauce,Wattie's,420g,1.89,"Rice, Pasta & Noodles"
pakn_save_manukau_5319769-EA-000,9cd8eb60-3222-4efc-bd7c-50e03e6a81a4,PAK'nSAVE Manukau,PAK'nSAVE,South Auckland,5319769-EA-000,Spaghetti,Pasta Maria,400g,1.29,"Rice, Pasta & Noodles"
pakn_save_manukau_5002634-EA-000,9cd8eb60-3222-4efc-bd7c-50e03e6a81a4,PAK'nSAVE Manukau,PAK'nSAVE,South Auckland,5002634-EA-000,Spaghetti Pasta,Diamond,500g,2.29,"Rice, Pasta & Noodles"
pakn_save_manukau_5025406-EA-000,9cd8eb60-3222-4efc-bd7c-50e03e6a81a4,PAK'nSAVE Manukau,PAK'nSAVE,South Auckland,5025406-EA-000,Spaghetti In Tomato Sauce,Wattie's,3 x 420g,6.29,"Rice, Pasta & Noodles"
pakn_save_manukau_5002077-EA-000,9cd8eb60-3222-4efc-bd7c-50e03e6a81a4,PAK'nSAVE Manukau,PAK'nSAVE,South Auckland,5002077-EA-000,Spaghetti In Tomato Sauce,Oak,420g,1.79,"Rice, Pasta & Noodles"
pakn_save_manukau_5319766-EA-000,9cd8eb60-3222-4efc-bd7c-50e03e6a81a4,PAK'nSAVE Manukau,PAK'nSAVE,South Auckland,5319766-EA-000,Penne Pasta,Pasta Maria,400g,1.29,"Rice, Pasta & Noodles"
pakn_save_manukau_5002515-EA-000,9cd8eb60-3222-4efc-bd7c-50e03e6a81a4,PAK'nSAVE Manukau,PAK'nSAVE,South Auckland,5002515-EA-000,Penne Pasta,Diamond,500g,2.29,"Rice, Pasta & Noodles"
pakn_save_manukau_5002631-EA-000,9cd8eb60-3222-4efc-bd7c-50e03e6a81a4,PAK'nSAVE Manukau,PAK'nSAVE,South Auckland,5002631-EA-000,Penne No 18 Pasta,San Remo,500g,2.79,"Rice, Pasta & Noodles"
pakn_save_manukau_5038062-EA-000,9cd8eb60-3222-4efc-bd7c-50e03e6a81a4,PAK'nSAVE Manukau,PAK'nSAVE,South Auckland,5038062-EA-000,Wholemeal Penne Pasta,Diamond,500g,2.29,"Rice, Pasta & Noodles"
pakn_save_manukau_5218360-EA-000,9cd8eb60-3222-4efc-bd7c-50e03e6a81a4,PAK'nSAVE Manukau,PAK'nSAVE,South Auckland,5218360-EA-000,Gluten Free Penne,Diamond,250g,4.49,"Rice, Pasta & Noodles"
pakn_save_manukau_5012937-EA-000,9cd8eb60-3222-4efc-bd7c-50e03e6a81a4,PAK'nSAVE Manukau,PAK'nSAVE,South Auckland,5012937-EA-000,Round Cut Egg Noodles,High Mark,280g,2.69,"Rice, Pasta & Noodles"
pakn_save_manukau_5010232-EA-000,9cd8eb60-3222-4efc-bd7c-50e03e6a81a4,PAK'nSAVE Manukau,PAK'nSAVE,South Auckland,5010232-EA-000,Ribbon Cut Egg Noodles,High Mark,280g,2.69,"Rice, Pasta & Noodles"
pakn_save_manukau_5011508-EA-000,9cd8eb60-3222-4efc-bd7c-50e03e6a81a4,PAK'nSAVE Manukau,PAK'nSAVE,South Auckland,5011508-EA-000,Fine Cut Egg Noodles,High Mark,280g,2.69,"Rice, Pasta & Noodles"
pakn_save_manukau_5019201-EA-000,9cd8eb60-3222-4efc-bd7c-50e03e6a81a4,PAK'nSAVE Manukau,PAK'nSAVE,South Auckland,5019201-EA-000,Hokkien Noodles Twin Pack,Pams,2 x 200g,2.8,"Rice, Pasta & Noodles"
pakn_save_manukau_5221893-EA-000,9cd8eb60-3222-4efc-bd7c-50e03e6a81a4,PAK'nSAVE Manukau,PAK'nSAVE,South Auckland,5221893-EA-000,Fresh Noodles,Lian Huat,500g,6.19,"Rice, Pasta & Noodles"
pakn_save_manukau_5206566-EA-000,9cd8eb60-3222-4efc-bd7c-50e03e6a81a4,PAK'nSAVE Manukau,PAK'nSAVE,South Auckland,5206566-EA-000,Chicken Instant Noodles,Yum Yum,5 x 60g,2.79,"Rice, Pasta & Noodles"
pakn_save_manukau_5029917-EA-000,9cd8eb60-3222-4efc-bd7c-50e03e6a81a4,PAK'nSAVE Manukau,PAK'nSAVE,South Auckland,5029917-EA-000,Mi Goreng BBQ Chicken Instant Noodles,Indomie,5 x 85g,4.89,"Rice, Pasta & Noodles"
pakn_save_manukau_5006409-EA-000,9cd8eb60-3222-4efc-bd7c-50e03e6a81a4,PAK'nSAVE Manukau,PAK'nSAVE,South Auckland,5006409-EA-000,Mi Goreng Instant Noodles,Indomie,5pk,4.89,"Rice, Pasta & Noodles"
pakn_save_manukau_5010982-EA-000,9cd8eb60-3222-4efc-bd7c-50e03e6a81a4,PAK'nSAVE Manukau,PAK'nSAVE,South Auckland,5010982-EA-000,Mi Goreng Instant Noodles,Mi Sedaap,5 x 90g,4.29,"Rice, Pasta & Noodles"
pakn_save_manukau_5009982-EA-000,9cd8eb60-3222-4efc-bd7c-50e03e6a81a4,PAK'nSAVE Manukau,PAK'nSAVE,South Auckland,5009982-EA-000,Chicken Instant Noodle Cup,Fantastic,70g,1.89,"Rice, Pasta & Noodles"
pakn_save_manukau_5343765-EA-000,9cd8eb60-3222-4efc-bd7c-50e03e6a81a4,PAK'nSAVE Manukau,PAK'nSAVE,South Auckland,5343765-EA-000,Rolled Oats,Pams,1.5kg,4.49,"Breakfast Cereals, Oats & Spreads"
pakn_save_manukau_5343766-EA-000,9cd8eb60-3222-4efc-bd7c-50e03e6a81a4,PAK'nSAVE Manukau,PAK'nSAVE,South Auckland,5343766-EA-000,Rolled Oats,Pams,750g,2.29,"Breakfast Cereals, Oats & Spreads"
pakn_save_manukau_5011855-EA-000,9cd8eb60-3222-4efc-bd7c-50e03e6a81a4,PAK'nSAVE Manukau,PAK'nSAVE,South Auckland,5011855-EA-000,Rolled Oats,Harraways,1.5kg,6.99,"Breakfast Cereals, Oats & Spreads"
pakn_save_manukau_5016454-EA-000,9cd8eb60-3222-4efc-bd7c-50e03e6a81a4,PAK'nSAVE Manukau,PAK'nSAVE,South Auckland,5016454-EA-000,Wholegrain Oats,Pams,1kg,3.69,"Bread, Wraps & Bakery"
pakn_save_manukau_5011507-EA-000,9cd8eb60-3222-4efc-bd7c-50e03e6a81a4,PAK'nSAVE Manukau,PAK'nSAVE,South Auckland,5011507-EA-000,Rolled Oats,Harraways,800g,5.19,"Breakfast Cereals, Oats & Spreads"
pakn_save_manukau_5302626-EA-000,9cd8eb60-3222-4efc-bd7c-50e03e6a81a4,PAK'nSAVE Manukau,PAK'nSAVE,South Auckland,5302626-EA-000,Cocoa Puffs Breakfast Cereal,Pams,500g,3.69,"Breakfast Cereals, Oats & Spreads"
pakn_save_manukau_5014712-EA-000,9cd8eb60-3222-4efc-bd7c-50e03e6a81a4,PAK'nSAVE Manukau,PAK'nSAVE,South Auckland,5014712-EA-000,Wild Berry Bites Breakfast Cereal,Sanitarium Weet-Bix,500g,6.49,"Breakfast Cereals, Oats & Spreads"
pakn_save_manukau_5002800-EA-000,9cd8eb60-3222-4efc-bd7c-50e03e6a81a4,PAK'nSAVE Manukau,PAK'nSAVE,South Auckland,5002800-EA-000,Breakfast Cereal,Sanitarium Weet-Bix,750g,6.19,"Breakfast Cereals, Oats & Spreads"
pakn_save_manukau_5003723-EA-000,9cd8eb60-3222-4efc-bd7c-50e03e6a81a4,PAK'nSAVE Manukau,PAK'nSAVE,South Auckland,5003723-EA-000,Cornflakes,Pams,500g,4.09,"Breakfast Cereals, Oats & Spreads"
pakn_save_manukau_5299989-EA-000,9cd8eb60-3222-4efc-bd7c-50e03e6a81a4,PAK'nSAVE Manukau,PAK'nSAVE,South Auckland,5299989-EA-000,Nutri-Grain Breakfast Cereal,Kellogg's,470g,8.99,"Breakfast Cereals, Oats & Spreads"
pakn_save_manukau_5035008-EA-000,9cd8eb60-3222-4efc-bd7c-50e03e6a81a4,PAK'nSAVE Manukau,PAK'nSAVE,South Auckland,5035008-EA-000,Breakfast Cereal,Sanitarium Weet-Bix,1.2kg,8.49,"Breakfast Cereals, Oats & Spreads"
pakn_save_manukau_5002799-EA-000,9cd8eb60-3222-4efc-bd7c-50e03e6a81a4,PAK'nSAVE Manukau,PAK'nSAVE,South Auckland,5002799-EA-000,Breakfast Cereal,Sanitarium Weet-Bix,375g,4.49,"Breakfast Cereals, Oats & Spreads"
pakn_save_manukau_5326165-EA-000,9cd8eb60-3222-4efc-bd7c-50e03e6a81a4,PAK'nSAVE Manukau,PAK'nSAVE,South Auckland,5326165-EA-000,Bites Coco Crunch Breakfast Cereal,Sanitarium Weet-Bix,500g,6.49,"Breakfast Cereals, Oats & Spreads"
pakn_save_manukau_5026067-EA-000,9cd8eb60-3222-4efc-bd7c-50e03e6a81a4,PAK'nSAVE Manukau,PAK'nSAVE,South Auckland,5026067-EA-000,White Toast Bread,Nature's Fresh,700g,3.82,"Bread, Wraps & Bakery"
pakn_save_manukau_5009506-EA-000,9cd8eb60-3222-4efc-bd7c-50e03e6a81a4,PAK'nSAVE Manukau,PAK'nSAVE,South Auckland,5009506-EA-000,Supersoft White Toast Bread,Tip Top,700g,3.89,"Bread, Wraps & Bakery"
pakn_save_manukau_5026013-EA-000,9cd8eb60-3222-4efc-bd7c-50e03e6a81a4,PAK'nSAVE Manukau,PAK'nSAVE,South Auckland,5026013-EA-000,White Super Thick Toast Bread,Nature's Fresh,700g,3.82,"Bread, Wraps & Bakery"
pakn_save_manukau_5092911-EA-000,9cd8eb60-3222-4efc-bd7c-50e03e6a81a4,PAK'nSAVE Manukau,PAK'nSAVE,South Auckland,5092911-EA-000,White Toast Fresh Sliced Bread,Pams Value,600g,2.02,"Bread, Wraps & Bakery"
pakn_save_manukau_5275323-EA-000,9cd8eb60-3222-4efc-bd7c-50e03e6a81a4,PAK'nSAVE Manukau,PAK'nSAVE,South Auckland,5275323-EA-000,Supersoft High Fibre White Toast Bread,Tip Top,700g,3.89,"Bread, Wraps & Bakery"
pakn_save_manukau_5338629-EA-000,9cd8eb60-3222-4efc-bd7c-50e03e6a81a4,PAK'nSAVE Manukau,PAK'nSAVE,South Auckland,5338629-EA-000,Glorious Grains Original Wholegrain Bread,Ploughmans Bakery,700g,3.99,"Bread, Wraps & Bakery"
pakn_save_manukau_5018055-EA-000,9cd8eb60-3222-4efc-bd7c-50e03e6a81a4,PAK'nSAVE Manukau,PAK'nSAVE,South Auckland,5018055-EA-000,Wholegrain Tortillas,Pams,6pk,2.99,"Bread, Wraps & Bakery"
pakn_save_manukau_5350985-EA-000,9cd8eb60-3222-4efc-bd7c-50e03e6a81a4,PAK'nSAVE Manukau,PAK'nSAVE,South Auckland,5350985-EA-000,Supersoft Gluten Free Smooth Wholegrain Bread,Tip Top,550g,7.59,"Bread, Wraps & Bakery"
pakn_save_manukau_5308179-EA-000,9cd8eb60-3222-4efc-bd7c-50e03e6a81a4,PAK'nSAVE Manukau,PAK'nSAVE,South Auckland,5308179-EA-000,Low Carb Tortillas,Farrah's,10pk,4.49,"Bread, Wraps & Bakery"
pakn_save_manukau_5016678-EA-000,9cd8eb60-3222-4efc-bd7c-50e03e6a81a4,PAK'nSAVE Manukau,PAK'nSAVE,South Auckland,5016678-EA-000,Wraps Premium White,Farrah's,6pk,4.79,"Bread, Wraps & Bakery"
pakn_save_manukau_5016682-EA-000,9cd8eb60-3222-4efc-bd7c-50e03e6a81a4,PAK'nSAVE Manukau,PAK'nSAVE,South Auckland,5016682-EA-000,Wraps Wholemeal,Farrah's,6pk,4.79,"Bread, Wraps & Bakery"
pakn_save_manukau_5007504-EA-000,9cd8eb60-3222-4efc-bd7c-50e03e6a81a4,PAK'nSAVE Manukau,PAK'nSAVE,South Auckland,5007504-EA-000,Tortillas,Giannis,7pk,3.89,"Bread, Wraps & Bakery"
pakn_save_manukau_5006275-EA-000,9cd8eb60-3222-4efc-bd7c-50e03e6a81a4,PAK'nSAVE Manukau,PAK'nSAVE,South Auckland,5006275-EA-000,White Round Pita Bread,Pams,8 x 43.8g,3.59,"Bread, Wraps & Bakery"
pakn_save_manukau_5229326-EA-000,9cd8eb60-3222-4efc-bd7c-50e03e6a81a4,PAK'nSAVE Manukau,PAK'nSAVE,South Auckland,5229326-EA-000,Round Wholemeal Pita,Pams,8pk,3.59,"Bread, Wraps & Bakery"
pakn_save_manukau_5028784-EA-000,9cd8eb60-3222-4efc-bd7c-50e03e6a81a4,PAK'nSAVE Manukau,PAK'nSAVE,South Auckland,5028784-EA-000,Wholemeal Pita Breads,Giannis,8pk,4.09,"Bread, Wraps & Bakery"
pakn_save_manukau_5008178-EA-000,9cd8eb60-3222-4efc-bd7c-50e03e6a81a4,PAK'nSAVE Manukau,PAK'nSAVE,South Auckland,5008178-EA-000,Original Pita Bread,Danny's,5pk,5.49,"Bread, Wraps & Bakery"
pakn_save_manukau_5025975-EA-000,9cd8eb60-3222-4efc-bd7c-50e03e6a81a4,PAK'nSAVE Manukau,PAK'nSAVE,South Auckland,5025975-EA-000,Classic White Pita Breads,Giannis,8pk,4.09,"Bread, Wraps & Bakery"
pakn_save_manukau_5323568-EA-000,9cd8eb60-3222-4efc-bd7c-50e03e6a81a4,PAK'nSAVE Manukau,PAK'nSAVE,South Auckland,5323568-EA-000,King Size Burger Buns,Pams,8pk,4.94,"Bread, Wraps & Bakery"
pakn_save_manukau_5009507-EA-000,9cd8eb60-3222-4efc-bd7c-50e03e6a81a4,PAK'nSAVE Manukau,PAK'nSAVE,South Auckland,5009507-EA-000,Supersoft Burger Buns,Tip Top,6pk,4.39,"Bread, Wraps & Bakery"
pakn_save_manukau_5323567-EA-000,9cd8eb60-3222-4efc-bd7c-50e03e6a81a4,PAK'nSAVE Manukau,PAK'nSAVE,South Auckland,5323567-EA-000,Brioche Style Burger Buns,Pams,6pk,5.32,"Bread, Wraps & Bakery"
pakn_save_manukau_5012076-EA-000,9cd8eb60-3222-4efc-bd7c-50e03e6a81a4,PAK'nSAVE Manukau,PAK'nSAVE,South Auckland,5012076-EA-000,Supersoft Sesame Burger Buns,Tip Top,6 x 75g,4.39,"Bread, Wraps & Bakery"
pakn_save_manukau_5118178-EA-000,9cd8eb60-3222-4efc-bd7c-50e03e6a81a4,PAK'nSAVE Manukau,PAK'nSAVE,South Auckland,5118178-EA-000,Ciabatta Buns,,6pk,5.99,"Bread, Wraps & Bakery"
pakn_save_manukau_5003829-EA-000,9cd8eb60-3222-4efc-bd7c-50e03e6a81a4,PAK'nSAVE Manukau,PAK'nSAVE,South Auckland,5003829-EA-000,Pure Plain Flour,Pams,1.5kg,2.49,"Flour, Sugar & Baking"
pakn_save_manukau_5003830-EA-000,9cd8eb60-3222-4efc-bd7c-50e03e6a81a4,PAK'nSAVE Manukau,PAK'nSAVE,South Auckland,5003830-EA-000,Pure Plain Flour,Pams,5kg,6.49,"Flour, Sugar & Baking"
pakn_save_manukau_5327096-EA-000,9cd8eb60-3222-4efc-bd7c-50e03e6a81a4,PAK'nSAVE Manukau,PAK'nSAVE,South Auckland,5327096-EA-000,Gluten Free Plain Flour,Pams,750g,5.09,"Flour, Sugar & Baking"
pakn_save_manukau_5003844-EA-000,9cd8eb60-3222-4efc-bd7c-50e03e6a81a4,PAK'nSAVE Manukau,PAK'nSAVE,South Auckland,5003844-EA-000,Self Raising Flour,Pams,1.5kg,2.55,"Flour, Sugar & Baking"
pakn_save_manukau_5286792-EA-000,9cd8eb60-3222-4efc-bd7c-50e03e6a81a4,PAK'nSAVE Manukau,PAK'nSAVE,South Auckland,5286792-EA-000,Self Raising Flour,Edmonds,1.5kg,3.69,"Flour, Sugar & Baking"
pakn_save_manukau_5027519-EA-000,9cd8eb60-3222-4efc-bd7c-50e03e6a81a4,PAK'nSAVE Manukau,PAK'nSAVE,South Auckland,5027519-EA-000,Gluten Free Self Raising Flour,Edmonds,750g,5.99,"Flour, Sugar & Baking"
pakn_save_manukau_5327097-EA-000,9cd8eb60-3222-4efc-bd7c-50e03e6a81a4,PAK'nSAVE Manukau,PAK'nSAVE,South Auckland,5327097-EA-000,Gluten Free Self Raising Flour,Pams,750g,5.09,"Flour, Sugar & Baking"
pakn_save_manukau_5003885-EA-000,9cd8eb60-3222-4efc-bd7c-50e03e6a81a4,PAK'nSAVE Manukau,PAK'nSAVE,South Auckland,5003885-EA-000,White Sugar,Pams,1.5kg,3.19,"Flour, Sugar & Baking"
pakn_save_manukau_5002760-EA-000,9cd8eb60-3222-4efc-bd7c-50e03e6a81a4,PAK'nSAVE Manukau,PAK'nSAVE,South Auckland,5002760-EA-000,White Sugar,Chelsea,1.5kg,3.79,"Flour, Sugar & Baking"
pakn_save_manukau_5020337-EA-000,9cd8eb60-3222-4efc-bd7c-50e03e6a81a4,PAK'nSAVE Manukau,PAK'nSAVE,South Auckland,5020337-EA-000,White Sugar,Pams,500g,2.19,"Flour, Sugar & Baking"
pakn_save_manukau_5004782-EA-000,9cd8eb60-3222-4efc-bd7c-50e03e6a81a4,PAK'nSAVE Manukau,PAK'nSAVE,South Auckland,5004782-EA-000,White Sugar,Pams,3kg,6.19,"Flour, Sugar & Baking"
pakn_save_manukau_5002752-EA-000,9cd8eb60-3222-4efc-bd7c-50e03e6a81a4,PAK'nSAVE Manukau,PAK'nSAVE,South Auckland,5002752-EA-000,White Sugar,Chelsea,500g,2.29,"Flour, Sugar & Baking"
pakn_save_manukau_5003683-EA-000,9cd8eb60-3222-4efc-bd7c-50e03e6a81a4,PAK'nSAVE Manukau,PAK'nSAVE,South Auckland,5003683-EA-000,Soft Brown Sugar,Pams,1kg,2.19,"Flour, Sugar & Baking"
pakn_save_manukau_5002762-EA-000,9cd8eb60-3222-4efc-bd7c-50e03e6a81a4,PAK'nSAVE Manukau,PAK'nSAVE,South Auckland,5002762-EA-000,Soft Brown Sugar,Chelsea,500g,2.09,"Flour, Sugar & Baking"
pakn_save_manukau_5002763-EA-000,9cd8eb60-3222-4efc-bd7c-50e03e6a81a4,PAK'nSAVE Manukau,PAK'nSAVE,South Auckland,5002763-EA-000,Soft Brown Sugar,Chelsea,1kg,3.79,"Flour, Sugar & Baking"
pakn_save_manukau_5020639-EA-000,9cd8eb60-3222-4efc-bd7c-50e03e6a81a4,PAK'nSAVE Manukau,PAK'nSAVE,South Auckland,5020639-EA-000,Mini Frozen Hash Browns,Pams,750g,4.04,Frozen Foods
pakn_save_manukau_5005907-EA-000,9cd8eb60-3222-4efc-bd7c-50e03e6a81a4,PAK'nSAVE Manukau,PAK'nSAVE,South Auckland,5005907-EA-000,Triangle Frozen Hash Browns,Pams,750g,4.04,Frozen Foods
pakn_save_manukau_5003695-EA-000,9cd8eb60-3222-4efc-bd7c-50e03e6a81a4,PAK'nSAVE Manukau,PAK'nSAVE,South Auckland,5003695-EA-000,Canola Oil,Pams,500ml,1.89,Cooking Oils & Vinegars
pakn_save_manukau_5003694-EA-000,9cd8eb60-3222-4efc-bd7c-50e03e6a81a4,PAK'nSAVE Manukau,PAK'nSAVE,South Auckland,5003694-EA-000,Canola Oil,Pams,2l,7.49,Cooking Oils & Vinegars
pakn_save_manukau_5045051-EA-000,9cd8eb60-3222-4efc-bd7c-50e03e6a81a4,PAK'nSAVE Manukau,PAK'nSAVE,South Auckland,5045051-EA-000,Canola Oil,Pacific Crown,2l,10.99,Cooking Oils & Vinegars
pakn_save_manukau_5088506-EA-000,9cd8eb60-3222-4efc-bd7c-50e03e6a81a4,PAK'nSAVE Manukau,PAK'nSAVE,South Auckland,5088506-EA-000,Canola Oil,Pacific Crown,500ml,3.39,Cooking Oils & Vinegars
pakn_save_manukau_5214672-EA-000,9cd8eb60-3222-4efc-bd7c-50e03e6a81a4,PAK'nSAVE Manukau,PAK'nSAVE,South Auckland,5214672-EA-000,Canola Oil,Pams Value,3l,14.99,Cooking Oils & Vinegars
pakn_save_manukau_5003744-EA-000,9cd8eb60-3222-4efc-bd7c-50e03e6a81a4,PAK'nSAVE Manukau,PAK'nSAVE,South Auckland,5003744-EA-000,Extra Virgin Olive Oil,Pams,1l,15.99,Cooking Oils & Vinegars
pakn_save_manukau_5003827-EA-000,9cd8eb60-3222-4efc-bd7c-50e03e6a81a4,PAK'nSAVE Manukau,PAK'nSAVE,South Auckland,5003827-EA-000,Pure Olive Oil,Pams,1l,13.99,Cooking Oils & Vinegars
